,field_id,ag_prop_2018_3000,nat_prop_2018_3000,semi_nat_prop_2018_3000,corn_prop_2018_3000,soybean_prop_2018_3000,wheat_prop_2018_3000,forest_prop_2018_3000,ag_prop_2019_3000,nat_prop_2019_3000,semi_nat_prop_2019_3000,corn_prop_2019_3000,soybean_prop_2019_3000,wheat_prop_2019_3000,forest_prop_2019_3000,ag_prop_2020_3000,nat_prop_2020_3000,semi_nat_prop_2020_3000,corn_prop_2020_3000,soybean_prop_2020_3000,wheat_prop_2020_3000,forest_prop_2020_3000,ag_prop_2021_3000,nat_prop_2021_3000,semi_nat_prop_2021_3000,corn_prop_2021_3000,soybean_prop_2021_3000,wheat_prop_2021_3000,forest_prop_2021_3000,ag_prop_2022_3000,nat_prop_2022_3000,semi_nat_prop_2022_3000,corn_prop_2022_3000,soybean_prop_2022_3000,wheat_prop_2022_3000,forest_prop_2022_3000,ag_prop_2 year_3000,ag_prop_3 year_3000,ag_prop_4 year_3000,ag_prop_5 year_3000,nat_prop_2 year_3000,nat_prop_3 year_3000,nat_prop_4 year_3000,nat_prop_5 year_3000,semi_nat_prop_2 year_3000,semi_nat_prop_3 year_3000,semi_nat_prop_4 year_3000,semi_nat_prop_5 year_3000,corn_prop_2 year_3000,corn_prop_3 year_3000,corn_prop_4 year_3000,corn_prop_5 year_3000,soybean_prop_2 year_3000,soybean_prop_3 year_3000,soybean_prop_4 year_3000,soybean_prop_5 year_3000,wheat_prop_2 year_3000,wheat_prop_3 year_3000,wheat_prop_4 year_3000,wheat_prop_5 year_3000,forest_prop_2 year_3000,forest_prop_3 year_3000,forest_prop_4 year_3000,forest_prop_5 year_3000
0,POV_DUN,0.0356543624161073,0.6969379194630873,0.1134647651006711,0.0042645413870246,0.0005942393736017,0.0004019854586129,0.5974552572706935,0.0407228747203579,0.6685367729306487,0.146777125279642,0.0148559843400447,0.0009263143176733,5.243288590604027e-05,0.6212597874720358,0.0349377796420581,0.6107032997762863,0.2055369127516778,0.0069735738255033,0.000908836689038,0.0011535234899328,0.5726370246085011,0.0349377796420581,0.6107032997762863,0.2055369127516778,0.0069735738255033,0.000908836689038,0.0011535234899328,0.5726370246085011,0.0813758389261744,0.5926489093959731,0.2298657718120805,0.0082319630872483,0.0007165827740492,0.0002796420581655,0.5584626677852349,0.05815680928411625,0.050417132736763536,0.047993568232662126,0.045525727069351166,0.6016761045861297,0.6046851696495152,0.6206480704697986,0.6359060402684563,0.21770134228187915,0.21364653243847873,0.19692918064876955,0.18023629753914988,0.0076027684563758,0.007393036912751633,0.0092587737695749,0.00825992729306484,0.0008127097315436,0.0008447520507084,0.000865142617449625,0.00081096196868004,0.0007165827740491501,0.0008622296793437002,0.0006597804809842852,0.0006082214765100081,0.565549846196868,0.5679122390007457,0.5812491261185682,0.5844903523489933
1,DIP_FLE,0.414453355553241,0.4065548727563101,0.0638995937923133,0.2254105475124119,0.0217859250772489,0.0061799118147415,0.318473770093393,0.4039856959344512,0.3990035760163872,0.0616255251189112,0.2101690796097628,0.0190257959240356,0.0046522931639065,0.3630698191160643,0.4051314099225775,0.3640419400756866,0.0993125716071242,0.2022358782071312,0.0138527236746172,0.015415060931153,0.336510085754956,0.4051314099225775,0.3640419400756866,0.0993125716071242,0.2022358782071312,0.0138527236746172,0.015415060931153,0.336510085754956,0.4758705690379474,0.3506926361837308,0.112054299899316,0.2149255285907718,0.019390341283894,0.0088185258480019,0.327205499427143,0.44050098948026245,0.4287111296277008,0.4225297712043884,0.42091448807415893,0.3573672881297087,0.3595921721117013,0.3694450230878728,0.37686699302156024,0.1056834357532201,0.10355981437118815,0.0930762420581189,0.08724091240495778,0.20858070339895152,0.20646576166834474,0.20739159115369926,0.2109953824254418,0.016621532479255602,0.0156985962110428,0.016530396139291,0.01758150192688258,0.01211679338957745,0.013216215903435968,0.011075235218553602,0.010096170537791181,0.3318577925910495,0.3334085569790184,0.34082387251327984,0.33635385202930246
2,DIP_CUR,0.1887368678231126,0.5928937907926425,0.0765592823985201,0.1002757320861401,0.0047293288192384,0.000523541935709,0.5234895815154794,0.1839028306167324,0.5781473596035043,0.1147080381138529,0.088164461973404,0.003821856130676,0.0061079892499389,0.5541342361523158,0.1797493979267739,0.5463858155038218,0.1679871557711772,0.1133119262852954,0.0039265645178178,0.0006282503228508,0.5257059090433144,0.1797493979267739,0.5463858155038218,0.1679871557711772,0.1133119262852954,0.0039265645178178,0.0006282503228508,0.5257059090433144,0.2307598338626924,0.5381487557153328,0.1732749293218387,0.1191930473630937,0.0089176643049108,0.0002792223657114,0.5197898851698021,0.20525461589473315,0.19675287657208007,0.19354036508324315,0.19257966563121703,0.5422672856095774,0.5436401289076588,0.5522669365816202,0.5603923074238246,0.17063104254650796,0.16974974695473102,0.1559893197445115,0.1401033122753132,0.11625248682419456,0.11527229997789484,0.10849534047677213,0.10685141879864572,0.0064221144113643,0.0055902644468487995,0.0051481623678056,0.00506439565809216,0.0004537363442811,0.000511907670471,0.001910928065337975,0.0016334508394121798,0.5227478971065582,0.5237339010854769,0.5313339848521866,0.5297651041848452
3,GAB_STE,0.2388205128205128,0.434017094017094,0.1466666666666666,0.1409572649572649,0.0041025641025641,0.0004444444444444,0.2952649572649573,0.2331452991452991,0.4619487179487179,0.1077948717948718,0.1167350427350427,0.001094017094017,0.0006837606837606,0.3981196581196581,0.2176581196581196,0.419982905982906,0.1729401709401709,0.1042051282051282,0.0033846153846153,3.418803418803419e-05,0.3618461538461539,0.2176581196581196,0.419982905982906,0.1729401709401709,0.1042051282051282,0.0033846153846153,3.418803418803419e-05,0.3618461538461539,0.2623076923076923,0.4185982905982906,0.1798461538461538,0.1112478632478632,0.006,0.0002564102564102,0.3679316239316239,0.23998290598290595,0.23254131054131047,0.23269230769230764,0.23391794871794866,0.41929059829059834,0.4195213675213676,0.43012820512820515,0.4309059829059829,0.17639316239316233,0.17524216524216518,0.15838034188034184,0.15603760683760678,0.1077264957264957,0.10655270655270654,0.10909829059829058,0.11547008547008546,0.00469230769230765,0.0042564102564102,0.0034658119658119,0.00359316239316234,0.00014529914529911708,0.00010826210826208944,0.0002521367521367171,0.00029059829059825367,0.3648888888888889,0.36387464387464385,0.37243589743589745,0.3570017094017094
4,SMI_CRO,0.1516868445072071,0.1910207174470869,0.1132829317856958,0.0965092048840133,0.0320664060481857,1.7221485525341415e-05,0.1518762808479859,0.143661632252398,0.2303545903869668,0.1704065992732533,0.0835758692544818,0.0325486076428952,0.0007060809065389,0.2112042984827871,0.1978232042295968,0.2153030120378183,0.1920540065786074,0.1056193707269189,0.0320147415916096,0.0064752785575283,0.1918645702378287,0.1978232042295968,0.2153030120378183,0.1920540065786074,0.1056193707269189,0.0320147415916096,0.0064752785575283,0.1918645702378287,0.5087743468751614,0.2133397626879294,0.2218816195084988,0.1101830643911343,0.0347874007611896,0.0006888594210136,0.1931734031377546,0.3532987755523791,0.30147358511145167,0.2620205968966882,0.23995384641879197,0.21432138736287384,0.21464859558785532,0.2185750942876332,0.21306421891952393,0.2069678130435531,0.20199654422190452,0.19409905798474172,0.17793583274493255,0.1079012175590266,0.10714060194832403,0.10124941877486347,0.10030137599669345,0.0334010711763996,0.03293896131480293,0.032841372896825996,0.032686379527097936,0.0035820689892709498,0.004546472178690066,0.0035863743606522752,0.0028725437856268886,0.19251898668779166,0.19230084787113735,0.1970267105240498,0.187996624588837
5,SMI_CAN,0.2420206817047781,0.3737504086443332,0.1367883136323749,0.0929988471928285,0.0192708064488377,3.441215437292452e-05,0.2391472668146389,0.2410227292279633,0.4026910304719627,0.1314544297045716,0.1092413840568488,0.0074158192673652,0.0001204425403052,0.3141313511932414,0.235912524303584,0.3752645434367418,0.1889227275073556,0.102324541027891,0.0017378137958326,0.0016173712555274,0.2851046989796796,0.235912524303584,0.3752645434367418,0.1889227275073556,0.102324541027891,0.0017378137958326,0.0016173712555274,0.2851046989796796,0.3706016965192106,0.3698962473545656,0.199882998675132,0.1033569056590787,0.0027357662726474,0.0005850066243397,0.2831432061804229,0.3032571104113973,0.2808089150421262,0.2708623685885855,0.265094031211824,0.3725803953956537,0.37347511140934975,0.38077909117500297,0.379373354668869,0.1944028630912438,0.19257615122994773,0.17729572084860368,0.1691942394053579,0.10284072334348485,0.10266866257162023,0.10431184294292738,0.10204924379290761,0.00223679003424,0.002070464621437533,0.00340680328291945,0.0065796039161030995,0.00110118893993355,0.0012732497117981668,0.000985047918924925,0.0007949207660145249,0.28412395258005124,0.28445086804659403,0.2918709888332559,0.28132624442953247
6,SMI_KEL,0.322312206170001,0.2598400878487354,0.0614083250403212,0.2594797707697059,0.0410075151847911,5.1473868432792285e-05,0.1672557564942864,0.318674719467417,0.2926975738650012,0.0883806320991043,0.2195875227342918,0.0825640849661988,0.0001544216052983,0.2480182560653375,0.3416835386568752,0.2712672866408153,0.1192992690710682,0.2604406163137847,0.043924367729316,0.000326001166741,0.2244432243231186,0.3416835386568752,0.2712672866408153,0.1192992690710682,0.2604406163137847,0.043924367729316,0.000326001166741,0.2244432243231186,0.485964791873992,0.2617960948491816,0.152808757420816,0.200559349370303,0.085892728458186,0.0001201056930098,0.2236711162966267,0.4138241652654336,0.38977728972924747,0.3720016471637898,0.36206375896503207,0.26653169074499844,0.26811022271027074,0.2742570604989534,0.27137366596890977,0.1360540132459421,0.13046909852098412,0.11994698191551417,0.10823925054047559,0.23049998284204384,0.2404801939992908,0.23525702618304106,0.24010157510037403,0.064908548093751,0.057913821305605996,0.0640763872207542,0.05946261281356159,0.0002230534298754,0.00025736934216393333,0.000231632407947525,0.00019560070004457844,0.22405717030987266,0.22418585498095464,0.23014395525205034,0.21756631550049757
7,SMI_COB,0.086222129826932,0.4689984928018294,0.0622975243836945,0.0537220865166398,0.0014898740536701,0.0,0.439426225248168,0.0777852848951024,0.4975139892243992,0.0807823571193458,0.0485594996795038,0.0006583164423193,0.0004504270394816,0.4743516449248999,0.1542539369055662,0.4681322869566723,0.1718032673284479,0.0610328638497652,0.0013339570015418,6.929646761256345e-05,0.4449006461895605,0.1542539369055662,0.4681322869566723,0.1718032673284479,0.0610328638497652,0.0013339570015418,6.929646761256345e-05,0.4449006461895605,0.1837569079916151,0.4543422899017723,0.1806385669490497,0.0454238345200353,0.001853680508636,3.4648233806281726e-05,0.4332934878644561,0.16900542244859065,0.16408826060091583,0.1425125166744625,0.1312544393049564,0.4612372884292223,0.4635356212717056,0.472030213259879,0.47142386916826906,0.1762209171387488,0.17474836720198184,0.15125686468132282,0.13346499662179717,0.053228349184900256,0.05582985407318857,0.054012265474767375,0.05395422968314186,0.0015938187550889001,0.0015071981705732,0.001294977738509725,0.0013339570015418,5.1972350709422586e-05,5.774705634380288e-05,0.00015591705212825217,0.00012473364170260173,0.4390970670270083,0.4410315934145257,0.44936160629211924,0.447374530083329
8,SMI_DOU,0.1476077250722728,0.334679005798936,0.0670897552130553,0.0756427581723943,0.0185600164217656,0.0001368480473494,0.2726355223318907,0.1124206708975521,0.3553772729605364,0.1022939153936947,0.045211173643066,0.0127781864212525,0.000102636035512,0.3381515250004276,0.1565712721736601,0.3347474298226107,0.1302109170529773,0.0623171795617441,0.035118630151046,0.0008381942900152,0.3164440034896252,0.1565712721736601,0.3347474298226107,0.1302109170529773,0.0623171795617441,0.035118630151046,0.0008381942900152,0.3164440034896252,0.3086607707966267,0.332181528934809,0.148394601344532,0.0817496022853623,0.0162507056227441,3.42120118373561e-05,0.3173677278092338,0.23261602148514338,0.20726777171464894,0.18355599651037474,0.17636634222275435,0.3334644793787098,0.3338921295266768,0.3392634153851417,0.33834653346790056,0.13930275919875465,0.1362721451501622,0.12777758771104533,0.11564002121144731,0.0720333909235532,0.06879465380295016,0.06289878376297912,0.06544757864486216,0.025684667886895052,0.028829321974945366,0.02481653808652215,0.023565233753570843,0.00043620315092627806,0.0005702001972892521,0.00045330915684493905,0.00039001693494583123,0.31690586564942946,0.3167519115961614,0.32210181494722795,0.31220855642416045
9,SMI_MCC,0.1907225295362972,0.3608037970361265,0.1216280816772519,0.1140647408317967,0.0261558423820255,0.0003073140749846,0.2587755241412279,0.1571740763504746,0.3756743836645496,0.1578911425254388,0.1022843679573857,0.0144266885201119,0.0001195110291606,0.3481014819367616,0.1974492931776275,0.3565696920030048,0.1940859113569623,0.1028648500990234,0.0490165949600491,0.0006829201666325,0.324318787133784,0.1974492931776275,0.3565696920030048,0.1940859113569623,0.1028648500990234,0.0490165949600491,0.0006829201666325,0.324318787133784,0.3763231578228505,0.3552892166905689,0.213293041043502,0.1243256163354503,0.0245509799904391,0.0001024380249948,0.3304138496209793,0.286886225500239,0.2570739147260352,0.232098955132145,0.22382367001297548,0.35592945434678686,0.35614286689885954,0.36102574609028204,0.36098135627945094,0.20368947620023214,0.2004882879191422,0.18983900157071634,0.17619681759202346,0.11359523321723686,0.11001843884449904,0.10808492112272071,0.1092808850645359,0.0367837874752441,0.0408613899701791,0.0342527146076623,0.03263334016253494,0.00039267909581365,0.0004894261194199333,0.00039694734685509996,0.000379020692481,0.3273663183773816,0.3263504746295158,0.3317882264563272,0.3171856859933074
10,SMI_HOL,0.2031147935503833,0.367930690686561,0.0402241551208443,0.1485371471791522,0.0218310585484924,0.0,0.3105339154948946,0.1680475813937497,0.3876130229999656,0.0372846976312442,0.1369340255096778,0.0004641248667789,0.0,0.3278440540447622,0.2642761371059236,0.3652662701550521,0.1034310860521882,0.1698009420015814,0.0231890535290679,0.0001547082889263,0.3041736858390346,0.2642761371059236,0.3652662701550521,0.1034310860521882,0.1698009420015814,0.0231890535290679,0.0001547082889263,0.3041736858390346,0.4340770791075051,0.3614673221714168,0.1218069928146594,0.1819369477773575,0.0225530305634819,0.0001031388592842,0.3029532093375047,0.34917660810671436,0.3208764511064508,0.2826692336782755,0.26675834565269707,0.3633667961632344,0.36399995416050696,0.36990322137037157,0.36950871523360945,0.1126190394334238,0.10955638830634527,0.09148846563757,0.08123560353422486,0.17586894488946947,0.17384627726017343,0.16461821432254953,0.16140200089387008,0.0228710420462749,0.02297704587387257,0.01734881562209915,0.0182452642073778,0.00012892357410525,0.00013751847904559998,0.00010313885928419999,8.251108742735999e-05,0.30356344758826964,0.3037668603385246,0.30978615876508403,0.30993571011104615
11,DIP_PAT,0.6732101418134938,0.1829308122045552,0.0734164159862483,0.298977223893425,0.0866523420713364,0.0630511388053287,0.1030683283197249,0.6167941555651053,0.1814009454232918,0.0570691877954447,0.3018650623119897,0.0615556510528577,0.0298925655350236,0.1407477438762355,0.6455865921787709,0.1614095401804899,0.0784873227331327,0.3217533304684142,0.0808422862054147,0.0464288783841856,0.1265835840137516,0.6455865921787709,0.1614095401804899,0.0784873227331327,0.3217533304684142,0.0808422862054147,0.0464288783841856,0.1265835840137516,0.6949204984959175,0.156854318865492,0.0839707778255264,0.3170777825526429,0.0914825956166738,0.0176020627417275,0.1237988826815642,0.6702535453373442,0.6620312276178197,0.6507219596046412,0.6552195960464118,0.15913192952299093,0.1598911330754906,0.1652685861624409,0.16880103137086375,0.08122905027932956,0.08031514109726394,0.07450365277180912,0.07428620541469697,0.31941555651052855,0.3201948144964904,0.3156123764503652,0.31228534593897717,0.08616244091104425,0.08438905600916773,0.07868070477009022,0.08027503223033945,0.03201547056295655,0.03681993983669957,0.03508809626128057,0.0406807047700902,0.12519123334765792,0.1256553502363558,0.12942844864632574,0.12415642458100558
12,MIL_YOD,0.4431724705237181,0.3436728818206745,0.1303125856868659,0.1656155744447491,0.0501268165615574,0.0022964080065807,0.2241568412393748,0.4161811077598026,0.3264669591445023,0.1373560460652591,0.1549047162051,0.0364340553879901,0.0021764463942966,0.2947114066355909,0.4033280778722237,0.284943103921031,0.1958116259939676,0.1303125856868659,0.0549081436797367,0.0111050178228681,0.2641554702495201,0.4033280778722237,0.284943103921031,0.1958116259939676,0.1303125856868659,0.0549081436797367,0.0111050178228681,0.2641554702495201,0.4518268439813545,0.2831950918563202,0.2057513024403619,0.1453763367151083,0.0361427200438716,0.0099225390732108,0.260162462297779,0.42757746092678905,0.4194943332419339,0.4186660268714011,0.42356731560186456,0.2840690978886756,0.2843604332327941,0.2948870647107211,0.3046442281327118,0.20078146421716475,0.19912485147609904,0.18368265012338905,0.17300863723608442,0.1378444612009871,0.13533383602961335,0.140226556073485,0.1453043597477378,0.04552543186180415,0.04865300246778167,0.045598265697833776,0.0465039758705785,0.01051377844803945,0.010710858239649,0.008577255278310901,0.007321085823964861,0.26215896627364954,0.26282446759893974,0.27079620235810253,0.261468330134357
13,MIL_CHA,0.4683386116579646,0.3834973893691689,0.1030899597706068,0.2468201660532397,0.0404519387143713,0.0134212103055721,0.3036720020542668,0.4482923906530857,0.3688265000427972,0.0956603612085936,0.2329025079174869,0.0561328425918,0.0053410938971154,0.3559188564581015,0.4490627407344004,0.3380467345715998,0.1290421980655653,0.242540443379269,0.0658906102884533,0.0100145510570915,0.32719335787041,0.4490627407344004,0.3380467345715998,0.1290421980655653,0.242540443379269,0.0658906102884533,0.0100145510570915,0.32719335787041,0.4663528203372421,0.3364546777368826,0.1346571942138149,0.229084995292305,0.0612171531284772,0.0198236754258324,0.3245228109218522,0.4577077805358213,0.4548261006020143,0.4531926731147822,0.45622186082341865,0.3372507061542412,0.33751604896002735,0.34534366173071984,0.3529744072584097,0.1318496961396901,0.13091386344831515,0.12210048788838478,0.11829838226482918,0.235812719335787,0.23805529401694767,0.23676709749208247,0.2387777112043139,0.06355388170846525,0.06433279123512793,0.062282804074295955,0.05791663100231102,0.014919113241461949,0.013284259180005134,0.0112984678592827,0.01172301634854058,0.32585808439613106,0.32630317555422406,0.3337070957801934,0.3277000770350081
14,MIL_MCC,0.3138925632612392,0.44446925838759,0.114978268712099,0.1539743347477281,0.0451632852897218,0.000515366511484,0.3111439418666575,0.3048564704265517,0.4581780075930666,0.0999982821116283,0.1741251653467557,0.0248063080861005,0.0126436584150761,0.4045798903987219,0.3101132088436893,0.4123103880709831,0.1425160193090653,0.1751215406022916,0.0384806995241449,0.0079022865094226,0.3606191269691295,0.3101132088436893,0.4123103880709831,0.1425160193090653,0.1751215406022916,0.0384806995241449,0.0079022865094226,0.3606191269691295,0.3379773582312621,0.4045798903987219,0.1528920650736115,0.1428939547508202,0.0658123035165175,0.0131590249265602,0.3502946178557317,0.32404528353747575,0.31940125863954694,0.31576506158629813,0.31539056192128634,0.4084451392348525,0.40973355551356266,0.42184466853343866,0.4263695865042689,0.1477040421913384,0.14597470123058068,0.1344805964508426,0.1305801309030939,0.1590077476765559,0.16437901198513447,0.16681555032553977,0.16424730720997743,0.0521465015203312,0.047591234188269105,0.04189500266272696,0.04254865918812593,0.010530655717991399,0.009654532648468465,0.010401814090120375,0.0084245245743931,0.3554568724124306,0.35717762393133023,0.36902819054817815,0.357451340811874
15,KAT_SAU,0.0964625682143298,0.5462974409692175,0.1270861663988132,0.0651855253165674,0.0015188174416756,0.0044328276495417,0.5064373134591951,0.0857072214471151,0.5754375430478781,0.092065061900641,0.0570616180703954,0.0025607968493368,0.000194267347191,0.5718700881267329,0.0987054730409904,0.525210603465023,0.1601645974250746,0.0738922346043127,0.0014305141020433,0.0048390230118503,0.5222082899175247,0.0987054730409904,0.525210603465023,0.1601645974250746,0.0738922346043127,0.0014305141020433,0.0048390230118503,0.5222082899175247,0.2352224361125337,0.5266764389029193,0.1629373222895289,0.0785369902689719,0.0020839588153223,0.0038147042721155,0.5234092153365241,0.16696395457676205,0.14421112739817152,0.1295851509104074,0.1229606343711919,0.5259435211839711,0.5256992152776551,0.5381337972202108,0.5397665259700122,0.16155095985730175,0.16108883904655938,0.14383289476007977,0.14048354908782645,0.07621461243664229,0.07544048649253243,0.07084576938699817,0.06971372057291202,0.0017572364586828,0.0016483290064696332,0.0018764459671864247,0.0018049202620842597,0.0043268636419829,0.0044975834319387,0.003421754410751775,0.00362396905850976,0.5228087526270244,0.5226085983905245,0.5349239708245765,0.5292266393515003
16,KAT_SAU_2,0.1189517553153916,0.4811047538320265,0.1382178427632973,0.0821854912764003,0.0017835699653881,0.005756869393233,0.4515080878717242,0.1078441760259942,0.5124496715405806,0.1069965388147206,0.0718195945468672,0.0035847990393444,0.0003531821713639,0.5096948506039415,0.1181041181041181,0.4695027195027195,0.1745426290880836,0.0856466765557674,0.0039379812107084,0.0065868474959384,0.4674719220173766,0.1181041181041181,0.4695027195027195,0.1745426290880836,0.0856466765557674,0.0039379812107084,0.0065868474959384,0.4674719220173766,0.2854594900049445,0.4701737656283111,0.182895387440842,0.0904499540863177,0.0028960938051847,0.0038496856678674,0.4675425584516494,0.2017818040545313,0.17388924207106024,0.15737797555979371,0.14969273151091328,0.4698382425655153,0.4697264015445834,0.4804072190435827,0.48054672600127146,0.1787190082644628,0.1773268818723364,0.15974429610793245,0.1554390054390054,0.08804831532104254,0.08724776906595083,0.08339072543617992,0.083149678604224,0.0034170375079465498,0.003590685408867167,0.003589213816486475,0.0032280850462668,0.0052182665819029,0.005674460219914734,0.004344140707777025,0.00462668644486822,0.46750724023451296,0.4674954674954675,0.47804531327258604,0.47273786819241365
17,KAT_TEE,0.1003763676148796,0.7255842450765865,0.046144420131291,0.0582582056892779,0.0025908096280087,0.0003851203501094,0.7010590809628009,0.0878249452954048,0.713382932166302,0.0550371991247264,0.049890590809628,0.0018730853391684,0.0001400437636761,0.701601750547046,0.1047002188183807,0.6769365426695843,0.107343544857768,0.073417943107221,0.0023457330415754,0.0019956236323851,0.6643326039387308,0.1047002188183807,0.6769365426695843,0.107343544857768,0.073417943107221,0.0023457330415754,0.0019956236323851,0.6643326039387308,0.1691903719912472,0.6751684901531728,0.1068533916849015,0.0703194748358862,0.006144420131291,0.0004376367614879,0.6606739606126915,0.13694529540481395,0.12619693654266953,0.11660393873085335,0.11335842450765861,0.6760525164113785,0.6763471918307804,0.6856061269146608,0.693601750547046,0.10709846827133475,0.1071801604668125,0.09414442013129097,0.08454442013129097,0.07186870897155359,0.0723851203501094,0.06676148796498904,0.06506083150984682,0.0042450765864332,0.0036119620714806003,0.00317724288840255,0.00305995623632378,0.0012166301969365,0.0014762946754193669,0.0011422319474835502,0.0009908096280087202,0.6625032822757111,0.6631130561633843,0.6727352297592998,0.6784
18,KAT_TEE_2,0.1170088027860905,0.718170840552318,0.034931135261896,0.0701072784865508,0.0032376052221697,0.0004900159255175,0.6871948338320996,0.1116011270366287,0.7037678724558548,0.0371887086330305,0.0674996937400465,0.0022925745086715,0.0002450079627587,0.690747449292102,0.1128961691254965,0.668661731506274,0.0919129871720831,0.0755849565110866,0.0035701160287709,0.0023275756462085,0.6552737963983829,0.1128961691254965,0.668661731506274,0.0919129871720831,0.0755849565110866,0.0035701160287709,0.0023275756462085,0.6552737963983829,0.1876585989044644,0.6675941968113964,0.0912829666964176,0.072172345601232,0.002817591571726,0.0001925062564533,0.6533312332650811,0.15027738401498045,0.13781697905181914,0.1312630160480215,0.12841217339563532,0.6681279641588351,0.6683058866079814,0.6771713830699497,0.6853712745664234,0.09159797693425034,0.09170298034686127,0.07807441241840357,0.06944575698710206,0.07387865105615929,0.07444741954113505,0.07271048809086292,0.07218984617000049,0.00319385380024845,0.003319274543089267,0.003062599534484825,0.0030976006720218,0.0012600409513309,0.0016158858496234333,0.00127316637790725,0.0011165362874293,0.6543025148317321,0.654626275353949,0.6636565688384872,0.6683642218372097
19,KAT_HAB_2,0.1881823238995897,0.4969577915304916,0.0591926847924344,0.1315450942215423,0.0253980947082956,0.0015993324525415,0.4718030734997566,0.1681037480008344,0.4965231903205618,0.0486405674153396,0.125321604895348,0.0141853834921076,0.0003129128711494,0.4746019052917043,0.2190042417078089,0.4674049092552673,0.1012099297684444,0.1391245393227174,0.0192093734788957,0.0047632292608302,0.4460920659203115,0.2190042417078089,0.4674049092552673,0.1012099297684444,0.1391245393227174,0.0192093734788957,0.0047632292608302,0.4460920659203115,0.3604060913705584,0.465736040609137,0.1006014880745428,0.1584208330435992,0.0321778735832,0.0003476809679438,0.4450316389680829,0.28970516653918366,0.26613819159539204,0.24162958069675264,0.23094012933732005,0.46657047493220216,0.46684861970655717,0.47426726236005834,0.478805368194145,0.1009057089214936,0.10100711587047721,0.08791547875669281,0.08217091996384113,0.1487726861831583,0.14555663722967802,0.14049787914609552,0.1387073221611849,0.02569362353104785,0.023532206846997136,0.02119550100827475,0.022036019748278922,0.002555455114387,0.003291379829868067,0.0025467630901884,0.00235727696265902,0.4455618524441972,0.4457385902695686,0.45295441902510253,0.45672414992003335
20,KAT_HAB,0.2635820843560151,0.4198304524170104,0.0603164656117812,0.1557435549288909,0.0533535258586175,0.001340365902484,0.3933538740056052,0.2618935714658729,0.4306578237331801,0.0488798370672097,0.1702438769648545,0.0276428708200602,0.0006440719271676,0.4127630685675492,0.2807805455463296,0.3911779553327414,0.1067418664160008,0.194370463209567,0.0421954149041725,0.0009051821679112,0.3705850610127595,0.2807805455463296,0.3911779553327414,0.1067418664160008,0.194370463209567,0.0421954149041725,0.0009051821679112,0.3705850610127595,0.3688965481226173,0.3896809232858113,0.1036781729246087,0.1955541629676049,0.0659912615106097,0.0004003690358069,0.3674691454732188,0.32483854683447344,0.31015254640509216,0.29808780267028734,0.2911866590074329,0.3904294393092763,0.39067894465043135,0.40067366442111857,0.4045050220202969,0.10521001967030474,0.10572063525220343,0.091510435705955,0.08527164168712024,0.19496231308858594,0.19476502979557964,0.18863474158789834,0.18205650425609685,0.0540933382073911,0.0501273637729849,0.04450624053475372,0.046275697599526475,0.00065277560185905,0.0007369111238764332,0.0007137013246992249,0.0008390342402561799,0.36902710324298915,0.36954642249957925,0.38035058401657174,0.3829512420143784
21,KAT_BAR,0.0853044568884806,0.7349184758607289,0.0574113656839018,0.0482078821388825,0.0054938260700595,0.004557579183522,0.7055945167729513,0.0848804960341995,0.7229592467628823,0.0514052535815859,0.0391457188786235,0.004186613436026,0.0029677259799678,0.7074670105460262,0.0847921708562242,0.6788673179176457,0.1042590400819657,0.0518822095426522,0.0089915031178787,0.0009185818509424,0.6668550937130139,0.0847921708562242,0.6788673179176457,0.1042590400819657,0.0518822095426522,0.0089915031178787,0.0009185818509424,0.6668550937130139,0.1089756045858432,0.6765178681835043,0.1243441855535339,0.0535780529597767,0.0071543394159939,0.0042219435072161,0.6652652405094597,0.0968838877210337,0.09285331543276387,0.09086011058312278,0.08974897984419435,0.677692593050575,0.6780841680062654,0.6893029376954196,0.6984260453284815,0.1143016128177498,0.11095408857248844,0.09606687982476281,0.0883357769965906,0.05273013125121445,0.05244749068169371,0.049122047730926155,0.04893921461251742,0.0080729212669363,0.008379115217250432,0.007330989771944324,0.006963557031567359,0.00257026267907925,0.0020197024030336333,0.002256708297267175,0.0027168824745181395,0.6660601671112367,0.6663251426451624,0.6766106096203783,0.6824073910508929
22,SMI_LAT,0.3433832946796358,0.3396967703970369,0.1377687008896119,0.1811416109938038,0.0129461040534459,0.0002249991346187,0.2143030219114542,0.3307141126380283,0.3513448025199903,0.1397244625982207,0.1808646889819654,0.0114403406140745,0.000173076257399,0.3008584582366991,0.3274256637474471,0.313458409775347,0.1977396240783689,0.1761570147807123,0.0107480355844785,0.0016788396967703,0.2664855135172557,0.3274256637474471,0.313458409775347,0.1977396240783689,0.1761570147807123,0.0107480355844785,0.0016788396967703,0.2664855135172557,0.3796427706047284,0.3083699678078161,0.2020319152618643,0.1747897123472602,0.0136730243345217,0.000519228772197,0.2623662985911593,0.35353421717608774,0.3448313660332076,0.3413020526844127,0.34171830108345735,0.31091418879158156,0.3117622624528367,0.3216578974696251,0.3252656720551074,0.1998857696701166,0.1991703878062007,0.1843089065042057,0.17500086538128695,0.17547336356398624,0.17570124730289494,0.17699210772266255,0.1778220083768908,0.012210529959500099,0.0117230318344929,0.0116523590293883,0.01191110803419982,0.00109903423448365,0.0012923027219125334,0.00101249610578415,0.00085499671155106,0.26442590605420746,0.26511244187522354,0.2740489459655924,0.26209976115476474
23,SMI_DUR,0.1485737738559409,0.6322593884670634,0.0740132704015322,0.0914563239619673,0.0129967850058143,0.0003933237567549,0.3468944524249264,0.1226486079759217,0.6139270811957043,0.1015801354401805,0.0715507216635884,0.0090293453724604,0.0058656542855188,0.4005403926397154,0.1275224023531021,0.5604179492441344,0.1585094739722279,0.0519871400232574,0.0107052465968944,0.0138176345851289,0.365551679321431,0.1275224023531021,0.5604179492441344,0.1585094739722279,0.0519871400232574,0.0107052465968944,0.0138176345851289,0.365551679321431,0.1611430330391955,0.5532868185238389,0.167436213147274,0.0711402968739311,0.0076612627402695,0.004463369587523,0.360079348792667,0.1443327176961488,0.13872927924846656,0.13470911143033035,0.13748204391545243,0.5568523838839866,0.5580409056707025,0.572012449551953,0.5840618373349751,0.16297284355975095,0.16148505369724328,0.14650882413297758,0.1320097133866885,0.06156371844859425,0.058371525640148636,0.061666324646008575,0.06762432450920032,0.00918325466858195,0.009690585311352766,0.009525275326629674,0.010219577262466601,0.00914050208632595,0.010699546252593601,0.0094910732608249,0.007671523360010901,0.36281551405704904,0.3637275691451764,0.3729307750188111,0.36772351050003416
24,SMI_HOF,0.1172075933864053,0.6661534423934914,0.0943574490420785,0.0791356836672207,0.0135946111451316,0.0001749628204006,0.6238299361385705,0.1203919167176974,0.6778059662321757,0.0888286239174175,0.0904032893010235,0.0033242935876126,0.000279940512641,0.6472399615081795,0.1204968944099378,0.6364622517714985,0.1480185460589624,0.0792056687953809,0.0131921966582101,0.003166827049252,0.6043915667920566,0.1204968944099378,0.6364622517714985,0.1480185460589624,0.0792056687953809,0.0131921966582101,0.003166827049252,0.6043915667920566,0.1428396465751027,0.6329280027994051,0.1585513078470825,0.0820925553319919,0.0034992564080132,0.0002449479485609,0.607628378969469,0.13166827049252025,0.12794447846499277,0.12605633802816893,0.1242865890998162,0.6346951272854517,0.6352841687808007,0.6459146181436445,0.6499623829936139,0.15328492695302243,0.15152946665500241,0.13585425597060619,0.12755489458490066,0.08064911206368641,0.08016796430758458,0.08272679555594431,0.08200857317819958,0.00834572653311165,0.009961216574811133,0.008301985828011501,0.009360510891435522,0.0017058874989064501,0.0021928673490216335,0.001714635639926475,0.0014067010760213,0.6060099728807629,0.6054705041845274,0.6159128685154405,0.6174962820400665
25,SMI_JOH,0.3087822094298245,0.3807051809210526,0.1554104989035087,0.1526350054824561,0.024962308114035,0.0017475328947368,0.2416049890350877,0.2943564967105263,0.3643777412280701,0.1749588815789473,0.1366159539473684,0.0279091282894736,0.0049856085526315,0.3380448190789473,0.2704735471491228,0.3251953125,0.2410224780701754,0.1423040021929824,0.0384628563596491,0.0068530701754385,0.3083196271929824,0.2704735471491228,0.3251953125,0.2410224780701754,0.1423040021929824,0.0384628563596491,0.0068530701754385,0.3083196271929824,0.3429790296052631,0.323070860745614,0.2532894736842105,0.1369414747807017,0.0267612390350877,0.0030496162280701,0.3031284265350877,0.30672628837719296,0.2946420413011696,0.2945706551535088,0.29741296600877193,0.324133086622807,0.32448716191520466,0.334459806743421,0.34370888157894736,0.24715597587719296,0.2451114766081871,0.22757332785087714,0.21314076206140348,0.13962273848684204,0.1405164930555555,0.13954135827850872,0.1421600877192982,0.0326120476973684,0.034562317251461964,0.03289902001096487,0.031311677631578896,0.0049513432017542994,0.005585252192982366,0.00543534128289465,0.00469777960526308,0.30572402686403505,0.3065892269736841,0.31445312499999994,0.2998834978070175
26,SMI_JOH_2,0.1830477753838788,0.471837488457987,0.1278000068397113,0.0538285284361,0.0128415580862487,0.0008549639205225,0.2993741664101775,0.1731130946274067,0.4569440169624841,0.1353749871755412,0.0382168872473581,0.0169966827399883,0.0012824458807838,0.412776580828289,0.1736773708149516,0.3967374576792859,0.2043876748401217,0.0530932594644506,0.0193050853253992,0.0179371430525631,0.3668137204609965,0.1736773708149516,0.3967374576792859,0.2043876748401217,0.0530932594644506,0.0193050853253992,0.0179371430525631,0.3668137204609965,0.1957867377996648,0.3909237030197325,0.2138948736363325,0.0554529598850928,0.0242980746212509,0.0173044697513764,0.355801785164666,0.1847320543073082,0.181047159809856,0.1790636435142437,0.17986046988817073,0.39383058034950924,0.3947995394594348,0.4103356588351971,0.4226360247597551,0.2091412742382271,0.20755674110552533,0.1895113026230293,0.1771690434663657,0.0542731096747717,0.05387982627133133,0.049964091515338024,0.050736978899490415,0.02180157997332505,0.0209694150906831,0.019976232003009402,0.018549297219657264,0.017620806401969752,0.017726251952167534,0.0136153004343216,0.01106323313156178,0.36130775281283123,0.3631430753622196,0.375551451728737,0.36031599466502506
27,GAB_ALL,0.0790147207860247,0.5235068794338423,0.0364326571276431,0.0552759503237885,0.0003091880378583,3.435422642870639e-05,0.4008451139701461,0.0709930089149217,0.5320954360410189,0.026263806104746,0.0500712850198395,0.0004809591700018,0.0001030626792861,0.4286205060377553,0.0789288352199529,0.4887232251747771,0.0736382843499321,0.0481818025662607,0.0007386158682171,6.870845285741278e-05,0.3830496246800762,0.0789288352199529,0.4887232251747771,0.0736382843499321,0.0481818025662607,0.0007386158682171,6.870845285741278e-05,0.3830496246800762,0.0963807822457357,0.4767851314908016,0.0880498823367744,0.0515485167562739,0.0053936135493069,0.0,0.3977017022519195,0.0876548087328443,0.08474615089521383,0.0813078654001408,0.0808492364773176,0.48275417833278933,0.4847438606134519,0.4965817544703437,0.5019667794630435,0.08084408334335325,0.07844215034554619,0.06539756428534614,0.05960458285380553,0.0498651596612673,0.04930404062959843,0.0494958517271587,0.05065187144648466,0.0030661147087619996,0.0022902817619137,0.001837951113935725,0.00153219849872024,3.435422642870639e-05,4.580563523827518e-05,6.011989625023139e-05,5.496676228592639e-05,0.39037566346599784,0.38793365053735734,0.3981053644124568,0.39865331432399465
28,KAT_JEF,0.0905228413919028,0.5416096070789003,0.0944028933600196,0.0607114013834755,0.0104462937603146,0.0011411917553284,0.3955721759893255,0.0924365321816075,0.5480353945012114,0.1189121809052284,0.0813406369605674,0.0010534077741493,0.0002282383510656,0.397204958039257,0.0942273253976614,0.5002282383510657,0.1988833877594016,0.0690157660030197,0.000790055830612,0.0004389199058955,0.3566487587345061,0.0942273253976614,0.5002282383510657,0.1988833877594016,0.0690157660030197,0.000790055830612,0.0004389199058955,0.3566487587345061,0.2415815162049229,0.5009480669967344,0.205888549457495,0.0537589100740896,0.011885951051652,0.010200498613013,0.3538747849292461,0.16790442080129214,0.1433453890000819,0.1306181747954633,0.1225991081147512,0.5005881526739,0.5004681812329552,0.5123599845500193,0.5182099090557954,0.2023859686084483,0.20121844165876604,0.18064187647038163,0.16339407984830923,0.06138733803855465,0.063930147360043,0.06828276976017411,0.0667684960848344,0.006338003441132,0.0044886875709586665,0.003629867621756325,0.00499315284946798,0.00531970925945425,0.003692779474934667,0.0028266441939674004,0.0024895537062396005,0.3552617718318761,0.3557241007994194,0.3660943151093788,0.37198988728536814
29,KAT_JEF_2,0.0631270609696204,0.6305514628499264,0.0554269276643513,0.0564968778502771,0.0005788255104188,0.0002981828387006,0.4217533150915596,0.0594962464042657,0.6246579667438434,0.076299726373395,0.0514453097593489,0.0006139058443836,0.0002455623377534,0.3967761173086367,0.0768785518838139,0.5779309619027573,0.147056759980355,0.0629516592997965,0.002297761874693,0.000631446011366,0.3642215673893215,0.0768785518838139,0.5779309619027573,0.147056759980355,0.0629516592997965,0.002297761874693,0.000631446011366,0.3642215673893215,0.2125868238265628,0.5763698870413246,0.1577913421735775,0.057391426366379,0.0010524100189433,0.0002104820037886,0.356275871746299,0.14473268785518834,0.12211464253139685,0.10646004349961406,0.09779344699361533,0.5771504244720409,0.577410603615613,0.5892224443976706,0.5974882480881217,0.15242405107696624,0.1506349540447625,0.13205114712692062,0.11672630323440676,0.060171542833087746,0.06109824832199066,0.05868501368133022,0.058247386515119605,0.0016750859468181501,0.0018826445894431002,0.001565459903178225,0.0013681330246263401,0.00042096400757729997,0.0004911246755068666,0.0004297340910685,0.00040342384059492004,0.36024871956781024,0.3615730021749806,0.3703737809583947,0.38064968778502767
30,STA_WIL,0.5158096673632284,0.2705971018464595,0.1318899660854373,0.2117947312527834,0.0379740330923914,0.0733959096981946,0.1643657291630982,0.4765338631770066,0.2900037682847453,0.0983864889863314,0.1845774382515158,0.0308828063444212,0.0605323558631084,0.2030762906375252,0.5040594703847077,0.2633859751293206,0.1171936555787742,0.2074783323627145,0.0305059778698914,0.0255558219999314,0.1828131958480353,0.5040594703847077,0.2633859751293206,0.1171936555787742,0.2074783323627145,0.0305059778698914,0.0255558219999314,0.1828131958480353,0.5191668664999486,0.2621698468706108,0.1213730259326504,0.2163680586482134,0.0349594052961529,0.0543318146003905,0.1756363262649447,0.5116131684423282,0.509095269089788,0.5009549176115926,0.5039258675619198,0.2627779109999657,0.262980599043084,0.26973639135349936,0.26990853345209137,0.1192833407557123,0.11858677903006627,0.11353670651913256,0.11720735843239352,0.21192319550546396,0.2104415744578808,0.20397554040628957,0.20553937857558835,0.03273269158302215,0.03199045367864523,0.031713541845089226,0.03296564009454966,0.03994381830016095,0.03514781953341777,0.04149395361584043,0.04787434483231126,0.17922476105649,0.18042090598700508,0.1860847521496351,0.18174094755232773
31,STA_HEM_2,0.5612048192771084,0.2329087779690189,0.1046643717728055,0.2698795180722891,0.0599655765920826,0.0750430292598967,0.1244578313253012,0.4363166953528399,0.2484509466437177,0.0743029259896729,0.1536660929432013,0.0380034423407917,0.0302925989672977,0.1594664371772805,0.5786402753872634,0.2247504302925989,0.1002581755593803,0.2393803786574871,0.0426333907056798,0.0857487091222031,0.1370223752151463,0.5786402753872634,0.2247504302925989,0.1002581755593803,0.2393803786574871,0.0426333907056798,0.0857487091222031,0.1370223752151463,0.5863339070567987,0.2249741824440619,0.1018588640275387,0.2372633390705679,0.0735972461273666,0.0551118760757314,0.1370223752151463,0.582487091222031,0.5812048192771084,0.5449827882960413,0.5482271944922548,0.22486230636833038,0.22482501434308655,0.23073149741824434,0.23116695352839925,0.1010585197934595,0.10079173838209976,0.09416953528399305,0.09626850258175554,0.2383218588640275,0.2386746987951807,0.21742254733218586,0.2279139414802065,0.0581153184165232,0.05295467584624206,0.04921686746987947,0.0513666092943201,0.07043029259896724,0.07553643144004586,0.06422547332185882,0.0663889845094664,0.1370223752151463,0.1370223752151463,0.14263339070567985,0.1389982788296041
32,STA_HEM,0.582923811814839,0.2289769407883432,0.1060689370768755,0.262758170383862,0.1010515825286092,0.0128354926286126,0.1484415272002474,0.4814254785387814,0.2496649369394137,0.0722189765971339,0.2109866318430186,0.078181380803464,0.0136258977971751,0.182755421148493,0.5801058455617032,0.2266400907247671,0.0970136430805182,0.2657823292896663,0.0873054056840441,0.0340389704113543,0.1623251658132581,0.5801058455617032,0.2266400907247671,0.0970136430805182,0.2657823292896663,0.0873054056840441,0.0340389704113543,0.1623251658132581,0.5893157840475618,0.2277569675933881,0.0968418158699611,0.3011787346644214,0.0909137771057424,0.0195195711192824,0.1538197188906835,0.5847108148046325,0.5831758250569894,0.5577382384274374,0.5627753531049178,0.2271985291590776,0.22701238301430746,0.23267552149558401,0.23193580535413583,0.09692772947523964,0.09695636734366582,0.09077201965703284,0.09383140314100137,0.2834805319770438,0.2775811310812513,0.2609325062716931,0.2612976390941269,0.08910959139489324,0.08850819615794353,0.08592649231932364,0.08895151036118075,0.02677927076531835,0.029199170647330335,0.025305852434791526,0.02281178047355574,0.1580724423519708,0.15949001683906658,0.16530636791642317,0.16193339977318802
33,STA_SWE,0.4406747503320282,0.4164582506856167,0.0895355054590613,0.1436604170619383,0.0385842661745174,0.0290115045621539,0.3395656898425238,0.4154233575383341,0.4418821256705245,0.0376701105610845,0.1438846439105162,0.0278731221001431,0.0397398968556496,0.4037980578505269,0.4263759766804078,0.4044189937388964,0.0935370922952205,0.1529744553874812,0.0325646377011573,0.0451213412215188,0.3643341325008193,0.4263759766804078,0.4044189937388964,0.0935370922952205,0.1529744553874812,0.0325646377011573,0.0451213412215188,0.3643341325008193,0.4544733256291288,0.4070924677027097,0.0808251548027666,0.2268140814460907,0.0296496886696448,0.0130224054366386,0.3602463045690532,0.44042465115476825,0.4357417596633148,0.4306621591320696,0.4326646773720613,0.40575573072080307,0.4053101517268342,0.4144531452127568,0.41485416630732874,0.08718112354899354,0.08929977979773586,0.07639236248857302,0.07902099108267067,0.18989426841678594,0.17758766407368434,0.1691619090328923,0.1640616106387015,0.03110716318540105,0.03159298802398647,0.030663021543025627,0.03224727046932398,0.0290718733290787,0.034421695959892064,0.03575124618383145,0.03440329785949594,0.36229021853493626,0.3629715231902306,0.3731781568553047,0.3664556634527485
34,STA_COL,0.3175530646315287,0.3569554700010221,0.1952403665973902,0.1225682259548226,0.0479711083097679,0.0439848727470955,0.2170624510238152,0.2649654185547341,0.4019624544308541,0.1226022963442472,0.0653810773057136,0.02200947156826,0.0434397465163026,0.2612858164968825,0.321403018636503,0.3382848965963681,0.1701134543967837,0.1232837041327382,0.047170454158291,0.0200674593710606,0.2250519573438724,0.321403018636503,0.3382848965963681,0.1701134543967837,0.1232837041327382,0.047170454158291,0.0200674593710606,0.2250519573438724,0.3266328234131716,0.3389833395795714,0.168955061156349,0.1119893700384995,0.0515314640046335,0.0487036216823958,0.2197029062042179,0.3240179210248373,0.32314628689539254,0.30860106981022795,0.3103914687744881,0.3386341180879697,0.3385177109241025,0.3543788968007904,0.35489421144083677,0.16953425777656633,0.16972732331663878,0.1579460665735409,0.16540492657831077,0.11763653708561886,0.1195189261013253,0.10598446390242239,0.10930121631290243,0.04935095908146225,0.048624124107071835,0.041970460972368874,0.04317059043984868,0.0343855405267282,0.029612846808172333,0.0330695717352049,0.035252631937583025,0.22237743177404515,0.22326894029732092,0.23277315934721132,0.2296310176825321
35,WIS_COO_2,0.14149584881509,0.6009706839232698,0.1401447136837988,0.050169780796103,0.027858273035965,0.0005333428149833,0.5071556827676936,0.1332468132766804,0.635015733613042,0.0985973083965937,0.0666145175914238,0.0058312147771515,0.0020267026969368,0.5714946043485217,0.1232199683549929,0.5955661433981049,0.156553894291454,0.0654767195861259,0.0223648420416362,0.0,0.5285249515546943,0.1232199683549929,0.5955661433981049,0.156553894291454,0.0654767195861259,0.0223648420416362,0.0,0.5285249515546943,0.143184767729204,0.5981439670038579,0.1832743693221213,0.0739746484381944,0.0159825063556685,0.0,0.5256449003537841,0.13320236804209845,0.12987490147972994,0.13071787942896754,0.13287347330619204,0.5968550552009814,0.5964254179333559,0.6060729968532774,0.6050525342672759,0.16991413180678766,0.16546071930167644,0.14874486657540575,0.14702483599708435,0.06972568401216014,0.0683093625368154,0.06788565130046749,0.0643424771995946,0.01917367419865235,0.0202373968129803,0.0166358513040231,0.01888033565041148,0.0,0.0,0.0005066756742342,0.00051200910238402,0.5270849259542392,0.5275649344877241,0.5385473519529236,0.5322690181158776
36,WIS_COO,0.247691269446615,0.4217162747744548,0.1873268452084961,0.0839667542800312,0.0474177736733679,0.0025396036087234,0.3493464516587341,0.2346913404844782,0.4554237408538751,0.129661859771258,0.106148327058322,0.0263017688427932,0.0088974923634297,0.4152695886907722,0.225367620941962,0.4111316331604745,0.2037721105349151,0.1192725722810258,0.0336541876820345,0.0011188463451019,0.3700539887760176,0.225367620941962,0.4111316331604745,0.2037721105349151,0.1192725722810258,0.0336541876820345,0.0011188463451019,0.3700539887760176,0.2605136037507992,0.4179157490942672,0.2526284009376998,0.1085813738722739,0.0356787667826951,0.0081160758684378,0.3726468707821269,0.2429406123463806,0.23708294854490775,0.23648504652980035,0.23872629111316326,0.41452369112737086,0.4133930051384054,0.4239006890672728,0.4234638062087092,0.22820025573630742,0.22005754066917663,0.19745862044469698,0.19543226539745678,0.11392697307664984,0.11570883947810849,0.11331871137316187,0.10744831995453574,0.034666477232364795,0.034329047382254695,0.032322227747389326,0.035341336932585045,0.00461746110676985,0.0034512561862138666,0.004812815230517825,0.00435817290615894,0.37135042977907223,0.370918282778054,0.3820061092562336,0.3754741777367337
37,LET_NOB,0.7347873237739486,0.1730501093074897,0.0469936136883961,0.3956242576558277,0.0867746544334085,0.0093642951818635,0.1376069405952524,0.6857796980703355,0.1873203311930869,0.028695367772365,0.3393007763413836,0.0879451913311414,0.0289363606630747,0.1660441016989998,0.715370182293908,0.1711393799597197,0.0499199559327285,0.3791850997538429,0.0843991530821269,0.0530356497340471,0.1491745993493192,0.715370182293908,0.1711393799597197,0.0499199559327285,0.3791850997538429,0.0843991530821269,0.0530356497340471,0.1491745993493192,0.7255263112595322,0.1729812541958583,0.0483018608093918,0.3880329815984714,0.080147349938891,0.0341349215912416,0.1492434544609505,0.7204482467767201,0.7187555586157828,0.7105115934794209,0.7153667395383264,0.17206031707778902,0.1717533380384326,0.17564508632709616,0.17512609092317488,0.04911090837106015,0.04938059089161626,0.04420928511180345,0.04476615082712198,0.38360904067615714,0.38213439370205243,0.3714259893618852,0.3762656430206737,0.08227325151050895,0.08298188536771493,0.08422271185857155,0.08473310037353894,0.04358528566264435,0.0467354070197786,0.04228564543060263,0.0357013753808548,0.14920902690513485,0.1491975510531963,0.15340918871464718,0.15024873909076822
38,LET_TAB,0.5304498569818844,0.3826297997746381,0.0362312559590881,0.2596342203345757,0.0041431914709196,0.0165380948253445,0.3441275894946693,0.5231342636733987,0.3822310826037964,0.0136430614544508,0.2949293577186443,0.0036751321834098,0.0001560197625032,0.3593135130449857,0.5197191644274941,0.3644274941492589,0.0347924070382248,0.2241657276588368,0.0048712836959348,0.0014908555083643,0.3370200225361879,0.5197191644274941,0.3644274941492589,0.0347924070382248,0.2241657276588368,0.0048712836959348,0.0014908555083643,0.3370200225361879,0.5250758429401058,0.3666291063534714,0.0315679986131576,0.2283262546589234,0.0040218427667504,0.0144058247378001,0.3404177862529253,0.5223975036838,0.521504723931698,0.5219121088671232,0.5236196584900755,0.3655283002513652,0.3651613648839964,0.36942879431394643,0.3720689954060848,0.0331802028256912,0.03371760422986907,0.028698968536014502,0.03020542602062922,0.2262459911588801,0.225552569992199,0.24289676692381035,0.2462442576059634,0.0044465632313426,0.00458813671954,0.00435988558550745,0.004316546762589879,0.0079483401230822,0.0057958452515095675,0.004385888879257976,0.006816330068475281,0.3387189043945566,0.3381526104417671,0.34344283609257176,0.3435797867729913
39,WIS_HIG,0.0163519320957934,0.6781326343194423,0.0236273827992653,0.0010164232600438,0.0002139838442197,0.0,0.579129442393766,0.0160309563294637,0.6916492804793238,0.0158883004333172,0.0013017350523368,0.0003566397403662,0.0,0.5984593163216178,0.0088446655610834,0.6511885019347706,0.0465058221437614,0.0010877512081171,0.000231815831238,0.0,0.5652739884805363,0.0088446655610834,0.6511885019347706,0.0465058221437614,0.0010877512081171,0.000231815831238,0.0,0.5652739884805363,0.0126428787959842,0.6532391804418767,0.0567413826922734,0.0010520872340804,0.0001604878831648,3.56639740366269e-05,0.5574279141924785,0.010743772178533801,0.010110736639383668,0.011590791561903676,0.012543019668681621,0.6522138411883236,0.6518720614371393,0.6618163661976854,0.6650796198220368,0.0516236024180174,0.04991767565993207,0.04141033185327835,0.03785374204247574,0.0010699192210987499,0.0010758632167715333,0.00113233117566285,0.00110914959253904,0.00019615185720140002,0.00020803984854693335,0.00024518982150175,0.00023894862604534003,1.783198701831345e-05,1.18879913455423e-05,8.915993509156726e-06,7.13279480732538e-06,0.5613509513365074,0.562658630384517,0.5716088018687923,0.573112929973787
40,WIS_MEG,0.1007765650704922,0.4696715076683589,0.1335550405971944,0.0246236578160655,0.0138684969308874,0.0030779572270081,0.354566521023863,0.0837062850471422,0.5137888945888097,0.0996444428720525,0.0237922555765862,0.0035555712794749,0.0006721975553236,0.4544232368081229,0.0678388848596345,0.4548831614512391,0.189276680051653,0.0329199908015071,0.0070050061028462,0.0005837505085705,0.3974810281084714,0.0678388848596345,0.4548831614512391,0.189276680051653,0.0329199908015071,0.0070050061028462,0.0005837505085705,0.3974810281084714,0.1085599051847658,0.4523005076860483,0.199005855194495,0.0279492667739824,0.0129663370540057,0.0001592046841555,0.3900514761812103,0.08819939502220014,0.08141255830134493,0.08198598998779424,0.08574410500433384,0.4535918345686437,0.45402227686284213,0.468963931294334,0.469105446569139,0.194141267623074,0.1925197384326003,0.16930091454246338,0.16215173975340957,0.03043462878774475,0.0312630827923322,0.0293953759883957,0.02844103235392966,0.009985671578425951,0.008992116419899367,0.00763298013479325,0.00888008349401208,0.000371477596363,0.00044223523376550004,0.000499725814155025,0.00101537209672564,0.39376625214484084,0.3950045107993844,0.40985919230156903,0.3988006580460278
41,WIS_KEN,0.1649772056851703,0.3125592205238223,0.0597657995888084,0.0086171449003307,0.0013944757307589,5.3633681952266026e-05,0.2511844104764458,0.1372307142218646,0.3321355144363994,0.0534727809064092,0.0054170018771788,0.001215696790918,7.151157593635469e-05,0.2826316259944578,0.0316796281398051,0.2978993474568696,0.185286493251095,0.002824707249486,0.0005542147135067,5.3633681952266026e-05,0.253848216680075,0.0316796281398051,0.2978993474568696,0.185286493251095,0.002824707249486,0.0005542147135067,5.3633681952266026e-05,0.253848216680075,0.0968266738178242,0.29798873692679,0.1388754804684008,0.0035577009028336,0.0008402610172521,5.3633681952266026e-05,0.2510771431125413,0.06425315097881465,0.05339531003247813,0.07435416107982476,0.09247877000089386,0.2979440421918298,0.29792914394684306,0.30648073656923214,0.3076964333601502,0.16208098685974792,0.16981615565686362,0.14073031196925,0.12453740949316168,0.0031912040761598003,0.003069038467268534,0.0036560293197461,0.0046482524358630204,0.0006972378653793999,0.0006495634814218333,0.0007910968087958749,0.0009117725931884798,5.3633681952266026e-05,5.363368195226603e-05,5.8103155448288196e-05,5.720926074908376e-05,0.25246267989630816,0.2529245254908971,0.26035130061678724,0.258517922588719
42,ZUE_REE,0.3873645337198867,0.1316352591979015,0.0519603782701732,0.1257851867191275,0.1020225029336646,0.0450576378822392,0.0946883412714847,0.304600676468558,0.1485124594464002,0.0406226271829916,0.114223096569338,0.0545316490646786,0.0225719610685442,0.1302547111203147,0.3835852833574929,0.1310485262649272,0.0621419203423759,0.128339200662663,0.1013667425968109,0.0484399806723269,0.1158452405605025,0.3835852833574929,0.1310485262649272,0.0621419203423759,0.128339200662663,0.1013667425968109,0.0484399806723269,0.1158452405605025,0.389849520259543,0.1297715192931594,0.0652826672188859,0.1001242493269828,0.1298750603989784,0.0550666114447435,0.1140677849106095,0.386717401808518,0.38567336232484295,0.3654051908607717,0.3697970594325947,0.1304100227790433,0.13062285727433792,0.1350952578173535,0.1344032580934631,0.0637122937806309,0.06318883596787923,0.057547283771657326,0.0564299026713605,0.1142317249948229,0.11893421688410293,0.11775643680541169,0.11936218678815484,0.11562090149789464,0.1108695151975334,0.0967850486643197,0.09783253951818868,0.0517532960585352,0.050648857596465764,0.043629633464485375,0.04391523434803614,0.11495651273555599,0.11525275534387149,0.11900324428798228,0.11414026368468277
43,DEG_PER_STRIP,0.2684781102798559,0.5052646162371848,0.0835931005818786,0.1346806594624549,0.0198462177888611,0.0009178442781934,0.4336034912718204,0.2562690495982266,0.492917013022998,0.1068682460515378,0.1307841507342754,0.0235695483513438,0.000935162094763,0.4741098642283181,0.2554897478525907,0.4677195899141036,0.1484310058187863,0.1316673593793294,0.0132481296758104,0.0054897478525907,0.4537960653920753,0.2554897478525907,0.4677195899141036,0.1484310058187863,0.1316673593793294,0.0132481296758104,0.0054897478525907,0.4537960653920753,0.3269430590191188,0.4620047104461069,0.1563279301745636,0.1373649210307564,0.0154128567470213,0.0044853144915489,0.4476828761429759,0.29121640343585475,0.2793075182414334,0.2735479010806317,0.27253394292047656,0.46486215018010524,0.46581463009143803,0.472590225824328,0.47912510390689944,0.15237946799667496,0.15106331393737873,0.1400145469659185,0.12873025768911053,0.1345161402050429,0.13356654659647174,0.13287094763092266,0.1332328899972291,0.01433049321141585,0.013969705366214032,0.016369666112496475,0.0170649764477694,0.0049875311720698,0.005154936732243434,0.004099993072873325,0.00346356331393734,0.45073947076752563,0.45175833564237555,0.4573462177888612,0.452597672485453
44,DEG_FOU_WOOD,0.3566726303173472,0.3405707734797033,0.1198172691111844,0.2029320317520974,0.0025707387399906,0.0021886019002622,0.2548679022424484,0.359312848482743,0.3305657362213614,0.1328967709437043,0.2082819475082941,0.0090844348717236,0.0004689861214847,0.3004290354518768,0.3469107710479234,0.288982300116378,0.1781973563078633,0.2043737298292543,0.0053672856125479,0.0030570947178266,0.2636223098434976,0.3469107710479234,0.288982300116378,0.1781973563078633,0.2043737298292543,0.0053672856125479,0.0030570947178266,0.2636223098434976,0.4584599885358948,0.2770492088030432,0.1915200361293012,0.2044953188237133,0.005975230584843,0.002414410032829,0.2536867520105608,0.4026853797919091,0.38409384354391385,0.37789859477862114,0.3736534018863663,0.2830157544597106,0.2850046030119331,0.2963948863142902,0.30523006374737277,0.18485869621858225,0.18263824958167593,0.17020287992218303,0.1601257577599833,0.2044345243264838,0.20441425949407396,0.205381181497629,0.20489135154852267,0.00567125809869545,0.005569933936646267,0.0064485591704156,0.0056729950843306,0.0027357523753278002,0.0028428664894940667,0.002249396397491725,0.0022372374980458203,0.25865453092702917,0.2603104572325186,0.2703401017873582,0.26724566187837623
45,DEG_DIE_HILL,0.1432389746081885,0.3997084193901105,0.0974885884374403,0.0871270631931548,0.0107086450179634,0.0004512557057812,0.3039727858097436,0.1347692521304476,0.3851814568616901,0.1112171754864015,0.0725653886873665,0.0134161792526511,0.0003124077963101,0.3424336567332558,0.1232622316330249,0.3499661558220664,0.1689605498377215,0.0747001752954857,0.0102573893121821,0.0004686116944651,0.3127896280611625,0.1232622316330249,0.3499661558220664,0.1689605498377215,0.0747001752954857,0.0102573893121821,0.0004686116944651,0.3127896280611625,0.1745838901713036,0.3447072912508461,0.1747227380807747,0.0710727736605515,0.0106565770519117,0.0005553916378846,0.3093531423017512,0.14892306090216426,0.14036945114578447,0.13896940139195024,0.13982331603519788,0.3473367235364563,0.348213200964993,0.35745526493916724,0.3659058958293559,0.1718416439592481,0.17088127925207255,0.1559652533106548,0.1442699203360119,0.0728864744780186,0.0734910414171743,0.07325962823472235,0.07603311522640883,0.0104569831820469,0.010390451892091966,0.01114688373223175,0.01105923598937808,0.00051200166617485,0.0004975383422716,0.00045125570578122504,0.00045125570578122,0.3110713851814568,0.3116441328080254,0.319341513789333,0.3162677681934151
46,DEG_DIE_SWC,0.1899230182398224,0.5428081004230529,0.0973541854497538,0.115767390248977,0.0041611762258131,0.0001387058741937,0.4559608849434773,0.2073826201539635,0.524030792704071,0.1071502878146889,0.1292218600457729,0.0093106318052569,0.0043692350371038,0.4924405298564394,0.1969623413551564,0.4873777654483667,0.1567202996046882,0.1360184478812677,0.0049240585338789,0.0019938969415354,0.4620639434080033,0.1969623413551564,0.4873777654483667,0.1567202996046882,0.1360184478812677,0.0049240585338789,0.0019938969415354,0.4620639434080033,0.2840696303488452,0.4792981482765795,0.1654934461474443,0.1248699632429433,0.0165753519661557,0.0005721617310493,0.4570011789999306,0.2405159858520008,0.22599810435305265,0.22134423330328035,0.21505999029058875,0.4833379568624731,0.48468455972443764,0.494521117969346,0.5041785144600874,0.16110687287606623,0.1596446817856069,0.14652108329287739,0.13668770372425268,0.1304442055621055,0.13230228633515959,0.1315321797628129,0.12837922186004572,0.0107497052500173,0.0088078230113045,0.008933525209792601,0.007979055412996702,0.00128302933629235,0.0015199852047067001,0.0022322976628059753,0.0018135793050835201,0.4595325612039669,0.46037635527197907,0.46839239891809414,0.4659060961231708
47,DEG_YOU_BOCES,0.1761675109291513,0.3083755464575671,0.0945978766220248,0.1086149469155506,0.0097841926306293,0.0002255221705641,0.2349941017278468,0.18440774408438,0.2973076122406495,0.1045035042675733,0.1102456456873221,0.0064880993685379,0.0002775657483866,0.2698979945874679,0.1773645132190687,0.2672437721185206,0.1454618000138783,0.1128304767191728,0.0044237041149122,0.0004510443411283,0.2451599472625078,0.1773645132190687,0.2672437721185206,0.1454618000138783,0.1128304767191728,0.0044237041149122,0.0004510443411283,0.2451599472625078,0.2125286239678023,0.2596627576157102,0.1530601623759628,0.094198875858719,0.0198979945874679,0.0008500451044341,0.2405454166955797,0.1949465685934355,0.18908588346864655,0.18791634862257992,0.18556658108389418,0.2634532648671154,0.2647167672842505,0.2728644785233502,0.2799666921101936,0.14926098119492054,0.14799458746790647,0.13712181666782317,0.12861702865866348,0.1035146762889459,0.10661994309902152,0.10752636874609667,0.10774408437998746,0.01216084935119005,0.009581800939097433,0.00880837554645755,0.0090035389632919,0.0006505447227812,0.0005840445955635666,0.000507424883769325,0.00045104434112828,0.24285268197904375,0.24362177040686508,0.2501908264520158,0.24715148150718197
48,DEG_YOU_OSHEA,0.2419967068203483,0.3400814628650663,0.1044631250541641,0.1436519629083976,0.0028078689661149,0.0001039951468931,0.2526562093768957,0.2631943842620677,0.3365629603951816,0.1127307392321691,0.1583326111448132,0.0061357136666955,0.0005026432099835,0.2969581419533755,0.2556027385388681,0.3007712973394575,0.1531328538001559,0.163584366062917,0.0048011092815668,0.000363983014126,0.2655862726406101,0.2556027385388681,0.3007712973394575,0.1531328538001559,0.163584366062917,0.0048011092815668,0.000363983014126,0.2655862726406101,0.3012219429759944,0.2916370569373429,0.1646936476297772,0.143599965334951,0.0158419273767224,0.0027732039171505,0.2618771124014212,0.27841234075743126,0.27080914001791023,0.2689054510789496,0.2635237022272293,0.2962041771384002,0.29772655053875263,0.30743565300285985,0.31396481497530115,0.15891325071496654,0.15698645174336298,0.14592252361556451,0.13763064390328444,0.15359216569893402,0.15692289915359503,0.15727532715139958,0.15455065430279918,0.010321518329144599,0.008481381979952,0.007894964901637875,0.00687754571453328,0.00156859346563825,0.0011670566484675,0.0010009532888465,0.0008215616604558201,0.26373169252101564,0.26434988589421377,0.2725019499090042,0.26853280180258254
49,DEG_YOU_JONES,0.2438407867172215,0.4907806575598608,0.0682664173548711,0.1161377447670492,0.0051074291452414,0.0033934105507366,0.4042660018352118,0.2328641423847365,0.4842881628837064,0.0846448172579165,0.1065461659654772,0.0084835263768417,0.004588029571149,0.4504579372911581,0.2227704773282086,0.4573832649457227,0.1302654131823611,0.1096452500908949,0.0052113090600599,0.0033068439550546,0.4291625547533718,0.2227704773282086,0.4573832649457227,0.1302654131823611,0.1096452500908949,0.0052113090600599,0.0033068439550546,0.4291625547533718,0.2885437767274364,0.4502501774615211,0.1420730968333939,0.1191848889350577,0.0059038418255163,0.0023719247216883,0.4252497446285427,0.2556571270278225,0.24469491046128455,0.24173721844214754,0.24215793209716235,0.4538167212036219,0.4550055691176555,0.4623262175591682,0.46801710555930676,0.1361692550078775,0.13420130773270536,0.12181218511400815,0.11110303156218074,0.11441506951297631,0.11282512970561583,0.11125538877058117,0.11223185996987477,0.0055575754427881,0.005442153315212033,0.00620249658061945,0.00598348309354384,0.00283938433837145,0.0029952042105991666,0.003393410550736625,0.00339341055073662,0.42720614969095727,0.42785828471176207,0.4335081978566111,0.42765975865233125
50,DEG_VIL,0.2411948978002388,0.5050797002371104,0.0702677443361775,0.1080669447377074,0.0079440627217501,0.0033403139548971,0.4184046106716973,0.2328008445975181,0.5010644005607574,0.0857751086034718,0.1078765641496045,0.0061614081240589,0.001176898181,0.4674189584451098,0.2199415012374738,0.4731822980667716,0.1316395230100901,0.1022689904636632,0.0050191245954412,0.0032883919763235,0.44521365894183,0.2199415012374738,0.4731822980667716,0.1316395230100901,0.1022689904636632,0.0050191245954412,0.0032883919763235,0.44521365894183,0.2779556586302982,0.4678516415998892,0.1419373820938403,0.1103688191211339,0.0059710275359559,0.0004153758285882,0.4424791014036242,0.248948579933886,0.2392795537017486,0.23765987642569097,0.23836688070060053,0.47051696983333036,0.4714054125778107,0.4788201595735474,0.48407206770626,0.1367884525519652,0.1350721427046735,0.12274788417937307,0.11225185621073397,0.10631890479239856,0.10496893334948676,0.1056958410495162,0.10617006178715442,0.00549507606569855,0.005336425575612767,0.0055426712127243,0.00602294951452946,0.00185188390245585,0.0023307199270784,0.0020422644905588,0.00230187438342646,0.4438463801727271,0.44430213976242805,0.4500813444330985,0.44374599768081824
51,SEA_HOO,0.6849764118218399,0.1451019841820452,0.0892361592895795,0.2508498681837103,0.1419973636742056,0.0764707922852782,0.1124427639794644,0.6282433744970168,0.1458130983765783,0.0619363119189676,0.251283474399889,0.1214444290273345,0.0642777854863327,0.128971832940197,0.678108089357569,0.133169141112807,0.0873976689329818,0.2151727487165256,0.1395865131122519,0.1180449562924934,0.1201609546274455,0.678108089357569,0.133169141112807,0.0873976689329818,0.2151727487165256,0.1395865131122519,0.1180449562924934,0.1201609546274455,0.7141147495490495,0.1304114055779103,0.0896177327598168,0.2704835576522825,0.1196926599139725,0.0918204523380047,0.1155994172332454,0.6961114194533093,0.6901103094213958,0.6746435756903011,0.6767101429166089,0.13179027334535864,0.1322498959345081,0.13564069654502564,0.13753295407242955,0.0885077008463993,0.08813769020859347,0.081587345636187,0.0831171083668655,0.24282815318440404,0.23360968502844456,0.23802813237130566,0.2405924795337866,0.1296395865131122,0.13295522871282542,0.1300775287914527,0.13246149576800328,0.10493270431524905,0.10930345497433051,0.09804703760233105,0.09373178853892047,0.11788018593034545,0.11864044216271213,0.12122328985708336,0.11946718468155956
52,MIL_HUM,0.2546879277306323,0.4440528332877087,0.1067102381604161,0.0929202025732274,0.0589754995893785,0.0372467834656446,0.3369319737202299,0.2405214891869696,0.4354468929646866,0.1030659731727347,0.1382938680536545,0.0336880646044347,0.0111209964412811,0.4081063509444292,0.2539693402682726,0.3895770599507254,0.1306289351218177,0.0964960306597317,0.0657507528059129,0.0335340815767862,0.3740589926088147,0.2539693402682726,0.3895770599507254,0.1306289351218177,0.0964960306597317,0.0657507528059129,0.0335340815767862,0.3740589926088147,0.2819771420750068,0.3816725978647687,0.1376094990418833,0.1205858198740761,0.0696345469477142,0.017006569942513,0.3617574596222283,0.2679732411716397,0.26330527420385064,0.2576093279496304,0.25702504790583075,0.3856248289077471,0.3869422392554065,0.39906840268272653,0.408065288803723,0.13411921708185048,0.13295578976183955,0.12548333561456335,0.1217287161237339,0.1085409252669039,0.10452596039784649,0.1129679373117985,0.10895839036408428,0.06769264987681356,0.06704535085318002,0.05870602929099368,0.05875992335067064,0.025270325759649603,0.028024911032028466,0.023798932384341626,0.02648850260060222,0.3679082261155215,0.36995848161328587,0.3794954489460717,0.3709827539009033
53,ONE_TER,0.1639424170539108,0.3477561498716407,0.0974555616936925,0.11417476359146,0.0013160887791245,0.0,0.2551749910635947,0.1520326260033146,0.3542066096903129,0.1885419036168069,0.0935235433659376,0.0037695382315666,1.6248009618821694e-05,0.2418841191953985,0.1133136190816625,0.3200695414811685,0.2346862509342605,0.069703961264745,0.0012998407695057,9.748805771293016e-05,0.2163909921034673,0.1133136190816625,0.3200695414811685,0.2346862509342605,0.069703961264745,0.0012998407695057,9.748805771293016e-05,0.2163909921034673,0.1726026061807428,0.3215643583661001,0.2415104149741656,0.0866831313164137,0.0015110648945504,4.874402885646508e-05,0.2089006596691905,0.14295811263120264,0.13307661478135593,0.1378156175868456,0.14304097748025862,0.3208169499236343,0.3205678137761457,0.3289775127546875,0.33273324017807815,0.23809833295421304,0.23696097228089552,0.22485620511487336,0.1993760764306372,0.07819354629057934,0.07536368461530123,0.07990364930296032,0.08675787216066025,0.00140545283202805,0.0013702488111872666,0.0019700711662821,0.0018392746888505798,7.311604328469763e-05,8.124004809410846e-05,6.499203847528678e-05,5.199363078022942e-05,0.2126458258863289,0.21389421462537506,0.22089169076788093,0.22774835082702366
54,ONE_ADO,0.092841036289603,0.7461512256055026,0.033466898106841,0.0316175397044271,0.0009246792012069,0.000113557094885,0.6426358223967036,0.0907970085816718,0.739418912123031,0.0556267540515549,0.0599419236571873,0.002449588761092,8.111221063218858e-05,0.6175072595428516,0.0785815096604642,0.7029184173385461,0.0934574890904076,0.0325097740213811,0.0064727544084486,0.0001784468633908,0.5756371364145159,0.0785815096604642,0.7029184173385461,0.0934574890904076,0.0325097740213811,0.0064727544084486,0.0001784468633908,0.5756371364145159,0.0909592330029362,0.7027886378015347,0.0967506448420745,0.0348133608033353,0.0016384666547702,0.0001297795370115,0.5680937008257223,0.0847703713317002,0.0827074174412882,0.0847298152263841,0.08635205943902788,0.7028535275700404,0.7028751574928757,0.7120110961504145,0.7188391220414321,0.09510406696624105,0.09455520767429655,0.08482309426861115,0.07455185503625712,0.033661567412358206,0.03327763628203251,0.03994370812582121,0.038278474441542386,0.0040556105316094,0.0048613251572224665,0.00425839105818985,0.0035916486867932597,0.00015411320020115,0.00016222442126436666,0.00014194636860632214,0.0001362685138620577,0.5718654186201191,0.573122657884918,0.5842188082994014,0.5959022111188619
55,ONE_STA,0.2775257132707926,0.566660746290346,0.0312595869730192,0.2160560605815962,0.0002744901748663,0.0,0.4506967206497344,0.2861479340577721,0.5590073143558362,0.0576590832028159,0.2350766150517494,0.0009042029289716,1.6146480874493404e-05,0.4450131593819127,0.2965785607026948,0.5288456880822825,0.0710606623286454,0.2384189365927696,0.0006458592349797,0.0,0.4134306427914036,0.2965785607026948,0.5288456880822825,0.0710606623286454,0.2384189365927696,0.0006458592349797,0.0,0.4134306427914036,0.3455508371950333,0.5253741946942664,0.0716580821210017,0.2487688308333198,0.0005328338688582,0.0,0.4022572780262541,0.321064698948864,0.3129026528668076,0.30621397316454874,0.30047632118579753,0.5271099413882745,0.5276885236196105,0.5355182213036669,0.5417467263010027,0.07135937222482355,0.07125980225943084,0.0678596224952771,0.06053961539082553,0.2435938837130447,0.24186890133961966,0.24017082976765208,0.2353478759304409,0.00058934655191895,0.0006081841129392,0.0006821888169473,0.0006006490885311,0.0,0.0,4.036620218623351e-06,3.229296174898681e-06,0.40784396040882887,0.4097061878696871,0.4185329307477435,0.4249656887281417
