Title,Author(s),Year,Simple Start,Simple End,Int Start,Int End,Complex Start,Complex End,Metric,Detail
Benefits of wildflower areas as overwintering habitats for ground-dwelling arthropods depend on landscape structural complexity,Hoffmann et al.,2021,0,2,3,4,5,7,Semi-natural habitats,"permanent semi-natural habitats and transient wildflower areas ranged from 0% to 7% and from 0% to 14%. Hence, simple landscapes were characterised by intermediate proportions of permanent semi-natural habitats (≥ 2% - ≤ 5%) and transient wildflower areas (≥ 4% - ≤ 10%), while cleared and complex landscapes covered proportions below (for permanent habitats ≥ 0.1% and for transient ones ≥ 0.4%) and above the aforementioned ranges (for permanent habitats ≤ 7% and for transient ones ≤ 14.2%). "
Testing scale-dependent effects of seminatural habitats on farmland biodiversity,Dainese et al. ,2015,1,3,4,19,20,30,Semi-natural habitat,
The benefits of hedgerows for pollinators and natural enemies depends on hedge quality and landscape context,Garratt et al. ,2017,0,4.71,4.72,9.88,9.89,41.97,Semi-natural habitat,
Multi-scale effects of landscape complexity and crop management on pollen beetle parasitism rate,Rusch et al. ,2011,0,5,6,,,58,Semi-natural habitats,
Pest control potential of adjacent agri-environment schemes varies with crop type and is shaped by landscape context and within-field position,Boetzel et al.,2020,3.6,5,6,19,20,31.6,Semi-natural habitat,
Pest control experiments show benefits of complexity at landscape and local scales,Chaplin-Kramer & Kremen,2012,2,6,7,60,61,77,Natural habitat,"either end of a landscape complexity gradient, with the surrounding landscapes composed of predominantly natural habitat (69% ± 8% natural habitat, 10% ± 7% agriculture, mean ± SE) or predominantly agricultural habitat (4% ± 2% natural habitat, 69% ± 13% agriculture)"
Ant community potential for pest control in olive groves: Management and landscape effects,Martinez-Nunez et al.,2021,2.3,8.2,8.3,44.3,44.4,68.3,Natural cover,
Low-intensity management benefits solitary bees in olive groves,Martínez-Núñez et al.,2019,2.3,8.2,8.3,44.3,44.4,68.3,Natural cover,"Differences in colonization rates in response to different local herb cover management peaked at intermediate landscape complexity, while farms located in landscapes with low or high complexity did not exhibit clear differences in colonization rates."
The taxon- and functional trait-dependent effects of field margin and landscape composition on predatory arthropods in wheat fields of the North China Plain,Zhang et al.,2020,2.4,8,9,12,13,23.8,Woodland,An interaction effect between landscape composition and field margin type was found only in spiders. 
"Better outcomes for pest pressure, insecticide use, and yield in less intensive agricultural landscapes",Gagic et al.,2021,0,9,10,19,20,32.8,Semi-natural habitat,
Small-scale traditional maize farming fosters greater arthropod diversity value than conventional maize farming,Otieno et al. ,2021,0,9,10,24,25,65,Maize cover --> non-maize cover,"ants also had significant interaction between farming system and maize cover, as well as farming system and cropping system"
Landscape-moderated biodiversity effects of ground herb cover in olive groves: Implications for regional biodiversity conservation,Rey et al.,2019,0,9,10,,,,Natural habitat,
Detecting pest control services across spatial and temporal scales,Chaplin-Kramer et al. ,2013,3,10,11,65,66,87,Natural habitat,
"Size, age and surrounding semi-natural habitats modulate the effectiveness of flower-rich agri-environment schemes to promote pollinator visitation in crop fields",Krimmer et al.,2019,3.63,10,11,20,21,31.62,Semi-natural habitat,"In OSR fields next to small flower fields, the amount of flower visits increased with the amount of SNH. In contrast, in OSR next to large flower fields, the flower visits were not affected by increasing SNH. "
"Agroecological farming, flowering phenology and the pollinator–herbivore–parasitoid nexus regulate non-crop plant reproduction",Monticelli et al.,2022,5,10,11,24,25,34,Semi-natural habitat,semi-natural habitat was very low (<10%)
Agricultural extensification enhances functional diversity but not phylogenetic diversity in Mediterranean olive groves: A case study with ant and bird communities,Garcia-Navas et al.,2022,4.96,,13.15,,,34.33,Natural habitat,In supplement
Landscape diversity and crop vigor outweigh influence of local diversification on biological control of a vineyard pest,Wilson et al.,2017,0,15,16,55,56,80,Natural habitat,"located in low-, intermediate-, and high-diversity landscapes, representing a continuum of landscape diversity, which was quantified as the relative proportion of natural, non-crop habitat within 0.5 km"
Different components of landscape complexity are necessary to preserve multiple taxonomic groups in intensively-managed rice paddy landscapes,Mallet et al. ,2022,11,16,17,22,23,39,Semi-natural habitats,The proportion of semi-natural areas had no effect on spider abundance and richness when TFI was low and a positive effect when TFI was high.
Interplay between amount of natural vegetation and effective vineyard management practices benefits local arthropod diversity,Geldenhuys et al.,2022,2.5,17,18,36,37,54.4,Natural vegetation,
Differential effects of landscape and management on diversity and density of ground-dwelling farmland spiders,Schmidt et al. ,2005,10,20,21,49,50,70,Non-crop habitat,
Mixed effects of organic farming and landscape complexity on farmland biodiversity and biological control potential across Europe,Winqvist et al. ,2011,0,24,25,54,55,80,Arable land --> non-arable land,"However, as the proportion of arable land increased, the biological control potential in organic fields dropped to a lower value than in conventional fields, because of an interaction between farming practice and landscape complexity."
Diverse landscapes but not wildflower plantings increase marketable crop yield,McCullough et al.,2022,10,25,26,50,51,70,Semi-natural habitats,"interaction between presence of a wildflower planting and the cover of semi-natural habitat in the
surrounding landscape"
Landscape context shifts the balance of costs and benefits from wildflower borders on multiple ecosystem services,Grab et al. ,2018,18,32,33,51,52,61,Natural land cover,
Agricultural landscape composition affects the development and life expectancy of colonies of Bombus impatiens,Gervais et al.,2020,24,32,33,69,70,100,Intensive crops --> non-intensive crops,"low (0–30%), medium (31–67%), and high proportion (>68%) of intensive crops"
Negative effects of pesticides on wild bee communities can be buffered by landscape context,Park et al. ,2015,20,35,36,54,55,70,Natural habitat,"As natural habitat within the surrounding landscape increased, the negative relationship between pesticides and wild bee abundance and species richness weakened. """
Organic Farming: Biodiversity Impacts Can Depend on Dispersal Characteristics and Landscape Context,Feber et al. ,2015,12.23,39,40,59,60,94.88,Arable land --> non-arable land,"The % cover of arable land and woodland in the 1 km2 containing the target field (target square)

The farming system difference (more hunting spiders were captured on organic compared to conventional farms) was more pronounced in less arable (more complex) landscapes.

complex landscapes (those comprised of less than approximately 40% arable land"
Does soil biota benefit from organic farming in complex vs. simple landscapes?,Flohre et al. ,2011,28,39,40,54,55,76,Arable land --> non-arable land,"earthworm species richness increased in organic fields with landscape simplification, whereas conventional fields showed the opposite pattern"
Local and broadscale landscape structure differentially impact predation of two potato pests,Werling & Gratton,2010,17,40,41,60,61,81,Non-crop habitat,"composed of (1) 0–20%, (2) 21–40%, (3) 41–60%, (4) 61–80%, and (5) 81–100% non-crop habitat

This model predicted that aphid suppression in field margins increased with the percentage of non-crop habitats within 1.5 km of fields"
Species’ traits influence ground beetle responses to farm and landscape level agricultural intensification in Europe,Winqvist et al. ,2014,0,10,11,59,60,80,Arable land --> non-arable land,
Annual flower strips support pollinators and potentially enhance red clover seed yield,Rundlöf et al. ,2018,24,40,41,69,70,86,Annual crops --> non annual crops,"Proportion of land covered by annual crops (51%, 14%–76% (mean, min–max))

30% (t33 = 3.00, p = 0.0051), 40% (t37 = 3.01, p = 0.0047) and 50% (t42 = 2.31, p = 0.026) arable land in the surrounding landscape, but not at 60% (t39 = 0.78, p = 0.44) or 70%"
Much more than bees—Wildflower plantings support highly diverse flower-visitor communities from complex to structurally simple agricultural landscapes,Grass et al. ,2016,18,20,41,59,60,75,Arable land --> non-arable land,
Benefits of increased cover crop diversity for predators and biological pest control depend on the landscape context,Beaumelle et al. ,2021,22,45,46,53,54,63,Semi-natural habitats,"simple (<50% semi-natural habitats) than complex landscapes

low landscape complexity (between 23 and 45% of semi-natural habitats)"
Landscape-dependent effects of varietal mixtures on insect pest control and implications for farmer profits,Snyder et al. ,2020,29,50,51,79,80,95,Cropland --> non-cropland,"That is, increased varietal richness had a significant negative effect on P. rapae incidence, but only in complex landscapes."
Landscape factors and how they influence whitefly pests in cassava fields across East Africa,Macfadyen et al.,2020,45,50,51,69,70,76,Non-crop habitat,
Experimental evidence that the effectiveness of conservation biological control depends on landscape complexity,Jonsson et al. ,2015,52,74,75,84,85,98,Crop cover --> non crop cover,"with a positive effect present only in moderately simplified landscapes (Figs 1b,c and 2). This effect was significant for aphids"
"Effects of farming intensity, crop rotation and landscape heterogeneity on field bean pollination",Andersson et al. ,2014,0,,,,,19.3,Semi-natural habitats,"The proportion of developed beans per pod was related to an interaction between farming practice and LHI, where the proportion of developed beans per pod increased with LHI on organic farms, but not on conventional ones."
Productive Capacity of Biodiversity: Crop Diversity and Permanent Grasslands in Northwestern France,Bareille & Dupraz,2020,0,,,,,89,Grassland,Permanent grassland proportion increased cereal yields when crop diversity was low.
Plant damage in urban agroecosystems varies with local and landscape factors,Egerer et al.,2020,0,,,,,61.2,Natural land cover,"wilt disease was significantly higher in gardens with more herbaceous plant species and surrounded by more natural land cover, with the positive effect of herbaceous plant species increasing with increasing with greater amounts of natural land cover in the landscape."
Increasing syrphid fly diversity and density in sown flower strips within simple vs. complex landscapes,Haenke et al. ,2009,0,,,,,70,Arable land --> non-arable land,Total species richness and abundance was generally higher within field margin strips compared with adjacent wheat fields.
"Effects of landscape complexity and habitat management on stemborer colonization, parasitism and damage to maize",Midega et al. ,2014,0,,,,,8,Grassland,"In contrast, the effect of cropping system on the number of stemborer larvae and pupae depended significantly on proportion of grassland cover in the surrounding landscape (z = 2.819, P = 0.005; Fig. 1B), with the effect of cropping system being larger in landscapes with more grassland"
Interactive effect of floral abundance and semi-natural habitats on pollinators in field beans (Vicia faba),Nayak et al. ,2015,0,,,,,58,Semi-natural habitat,Interactive effects of semi-natural habitats and flower abundance were significant at scales from 1000 to 2000 m.
Positive effects of local and landscape features on predatory flies in European agricultural landscapes,Pfister et al. ,2017,0,,,,,75,Semi-natural habitat,
Rubber agroforestry in Thailand provides some biodiversity benefits without reducing yields,Warren-Thomas et al.,2019,0,,,,,51,Natural forest,"Within AF, butterfly richness increased with natural forest extent, but not in MO."
Canopy arthropod declines along a gradient of olive farming intensification,Vasconcelos et al.,2022,0,,,,,53.4,Woodland cover,
Correlations between wireworm damages in potato fields and landscape structure at different scales,Hermann et al. ,2013,0,,,,,6,Grassy margins,
"Ecological, environmental, and management data indicate apple production is driven by wild bee diversity and management practices",Weekers et al. ,2022,0,,,,,85.91,Semi-natural habitat,
Establishment and management of wildflower areas for insect pollinators in commercial orchards,Carvell et al.,2022,0,,,,,33,Semi-natural habitat,
Flow and stability of natural pest control services depend on complexity and crop rotation at the landscape scale,Rusch et al. ,2013,0,,,,,30,Ley (frequent crop rotation),
Mixed effects of ecological intensification on natural pest control providers: a short-term study for biotic homogenization in winter wheat fields,Elek et al.,2020,0,20,,,20,,Semi-natural habitats,
Natural enemy–herbivore networks along local management and landscape gradients in urban agroecosystems,Philpott et al.,2020,92,,,,,100,Agriculture --> non-agriculture,
Organic farming and host density affect parasitism rates of tortricid moths in vineyards,Rusch et al. ,2015,0,,,,,100,Semi-natural habitat,Does not support intermediate complexity hypothesis.
"Organic farming and landscape factors affect abundance and richness of hoverflies (Diptera, Syrphidae) in grasslands",Toikkanen et al. ,2016,74,,,,,100,Arable land --> non-arable land,
Organic farming in isolated landscapes does not benefit flower-visiting insects and pollination,Brittain et al. ,2010,0,,,,,75,Uncultivated land,
Predation-mediated ecosystem services and disservices in agricultural landscapes,Tschumi et al. ,2018,0,,,,,70,Semi-natural habitat,
"Hoverflies (Diptera: Syrphidae) benefit from a cultivation of the bioenergy crop Silphium perfoliatum L. (Asteraceae) depending on larval feeding type, landscape composition and crop management",Mueller & Dauber,2016,0.01,,,,,9.5,Semi-natural habitat,
Local management and landscape composition affect predatory mites in European wine-growing regions,Möth et al.,2023,0.34,,,,,69.68,Semi-natural habitats,
Organic viticulture leads to lower trade-offs between agroecosystem goods but does not improve overall multifunctionality,Ostandie et al. ,2022,0.4,,,,,75.1,Semi-natural habitat,
Predators do not benefit from crop diversity but respond to configurational heterogeneity in wheat and cotton fields,Thomine et al. ,2023,0.5,,,,,56,Semi-natural habitat,
Deployment of organic farming at a landscape scale maintains low pest infestation and high crop productivity levels in vineyards,Muneret et al. ,2017,1,,,,,75,Semi-natural habitats,"In very simple landscapes, mites and phylloxera infestations were lower in organic than in conventional fields, while in complex landscapes, the infestation levels were either similar or greater in organic than in conventional fields."
Landscape complexity promotes hoverflies across different types of semi-natural habitats in farmland,Schirmel et al. ,2018,1,,,,,75,Semi-natural habitat,The abundance of non-aphidophagous hoverflies was significantly influenced by the interaction between SNH shape and landscape complexity indicating a stronger increase in abundances with increasing landscape complexity for linear than for areal SNH.
Local pesticide use intensity conditions landscape effects on biological pest control,Ricci et al.,2019,1,,,,,85,Semi-natural habitats,
Organic farming at local and landscape scales fosters biological pest control in vineyards,Muneret et al. ,2018,1,,,,,75,Semi-natural habitat,
Pollination services from field-scale agricultural diversification may be context-dependent,Sardiñas & Kremen,2015,1,,,,,40,Pollinator habitat,
Reduced crop density increases floral resources to pollinators without affecting crop yield in organic and conventional fields,Sidemo-Holm et al. ,2021,1,,,,,18,Semi-natural habitat,
Mixed effects of landscape complexity and insecticide use on ladybeetle abundance in wheat fields,Yang et al.,2018,1.01,30,,,31,54.62,Woody habitats,
Conservation tillage mitigates the negative effect of landscape simplification on biological control,Tambuini et al. ,2015,1.2,,,,,22.4,Semi-natural habitats,"simple landscapes, the adoption of conservation tillage will locally improve biological control"
Soil management shapes ecosystem service provision and trade-offs in agricultural landscapes,Tambuini et al. ,2016,1.2,,,,,22.4,Semi-natural habitat,
Comparing organic farming and land sparing: optimizing yield and butterfly populations at a landscape scale,Hodgson et al.,2010,1.4,,,,,17.2,Organic in the landscape,"Density is higher on organic than on conventional farms, and highest on reserves.
The net effect of any organic land on the landscape is marginally positive."
The effects of landscape complexity and local management on a generalist predator in Kenyan maize push-pull systems,Salzberg et al.,2022,1.4,,,,,21,Semi-natural habitat,
"Body size, richness, and abundance of Staphylinidae unaffected by landscape composition and cropping system in a push–pull maize system in Kenya",Devine et al.,2022,2.9,,,,,25.3,Natural area,
Soil arthropod community in the olive agroecosystem: Determined by environment and farming practices in different management systems and agroecological zones,Gkisakis et al. ,2016,2.9,,,,,35.8,Semi-natural habitat,
Landscape structure and habitat management differentially influence insect natural enemies in an agricultural landscape,Woltz et al. ,2012,3,,,,,79,Semi-natural habitat,
"Wild bee pollinators provide the majority of crop visitation across land-use gradients in New Jersey and Pennsylvania, USA",Winfree et al.,2007,3,19,,,20,64,Woodland,
Direct and indirect effects of management and landscape on biological pest control and crop pest infestation in apple orchards,Daelemans et al.,2022,3.38,,,,,39.84,Semi-natural habitat,
A multitaxa assessment of the effectiveness of agri-environmental schemes for biodiversity management,Boetzel et al.,2021,3.6,,,,,25,Semi-natural habitat,
Flower fields and pesticide use interactively shape pollen beetle infestation and parasitism in oilseed rape fields,Krimmer et al.,2021,3.6,,,,,31.6,Semi-natural habitat,
Landscape context of organic and conventional farms: Influences on carabid beetle diversity,Purtauf et al. ,2005,5.4,,,,,25.9,Grassland,"In contrast, only the activity density of spring breeders in organic fields was related to grassland (%), as manifested by the management × grassland (%) interaction in the global test."
Farming system and landscape characteristics differentially affect two dominant taxa of predatory arthropods,Djoudi et al.,2018,6.5,,,,,65.5,Semi-natural habitats,"In contrast, the proportion of grass strips in the landscape interacted with farming system (Table 2), and had a positive and significant effect on carabid species richness only in CF field "
Local management and landscape drivers of pollination and biological control services in a Kenyan agro-ecosystem,Otieno et al. ,2011,7,,,,,53,Semi-natural habitat,"This abundance was higher in pesticide untreated fields that were further from semi-native patches than treated fields in similar context.

simple landscape context was characterized as being far away from semi-native habitats and surrounded within a 1 km radius by mainly arable land combined with a low proportion of non-crop habitats "
Differential effects of semi-natural habitats and organic management on spiders in viticultural landscapes,Kolb et al.,2020,7.4,,,,,52.9,Semi-natural habitat,
Habitat area and connectivity support cavity-nesting bees in vineyards more than organic management,Uzman et al.,2020,7.4,,,,,52.9,Semi-natural habitat,
High effectiveness of tailored flower strips in reducing pests and crop plant damage,Tschumi et al. ,2015,8,,,,,75,Non-crop habitat,
Proximity to natural habitat and flower plantings increases insect populations and pollination services in South African apple orchards,Ratto et al.,2021,8,,,,,77,Natural habitat,
Association between landscape composition and the abundance of predator and herbivore arthropods in Bt and non-Bt soybean crops,Abbate et al. ,2022,8.4,,,,,83.2,Non-annual crops,
"Aphids and their enemies in pumpkin respond differently to management, local and landscape features",Pfister et al. ,2017,9,,,,,72,Non-arable land,
Effects of Landscape Composition on Wheat Stem Sawfly (Hymenoptera: Cephidae) and Its Associated Braconid Parasitoids,Peirce et al.,2021,10,,,,,95,Herbaceous cover,
"Spider diversity in cereal fields: comparing factors at local, landscape and regional scales",Clough et al. ,2005,10,,,,,70,Non-crop area,
Unravelling pest infestation and biological control in low-input orchards: the case of apple blossom weevil,Miñarro et al. ,2018,10,,,,,42,Semi-natural habitat,
"The effects of crop type, landscape composition and agroecological practices on biodiversity and ecosystem services in tropical smallholder farms",Vogel et al.,2023,10.74,,,,,68.61,Shrubland,
Impacts of an agri-environment field margin prescription on the flora and fauna of arable farmland in different landscapes,Marshall et al.,2006,12,,,,,38,Arable land --> non-arable land,"There was significantly more arable land (88%) and less grassland (4%) in open areas, compared with the small and intermediate landscapes (62% arable; 26% grass). "
Landscape complexity and elevation affect the effectiveness of a local pest-management practice,Poveda et al. ,2019,12,,,,,62,Cropland --> non cropland,
"Diversity of flower-visiting bees in cereal fields: effects of farming system, landscape composition and regional context",Holzschuh et al. ,2007,14,,,,,83,Cropland --> non cropland,The positive effect of organic farming was highest in homogeneous landscapes.
Local and landscape effects on bee communities of Hungarian winter cereal fields,Kovács-Hostyánszki et al. ,2010,14.5,,,,,54.6,Semi-natural habitat,
"How do landscape composition and configuration, organic farming and fallow strips affect the diversity of bees, wasps and their parasitoids?",Holzschuh et al. ,2010,15,,,,,70,Non-crop habitat,
Limited benefits of non-crop vegetation on spiders in Australian vineyards: regional or crop differences?,D'Alberto et al. ,2012,15,,,,,55,Woody vegetation,
Local and landscape factors in differently managed arable fields affect the insect herbivore community of a non-crop plant species,Clough et al. ,2006,17,,,,,83,Non-crop habitat,
Local landscape heterogeneity affects crop colonization by natural enemies of pests in protected horticultural cropping systems,Aviron et al. ,2016,18,,,,,65,Semi-natural habitats,
Interacting effects of farming practice and landscape context on bumblebees,Rundlof et al. ,2008,19,,,,,90,Arable land --> non-arable land,
Landscape and management effects on structure and function of soil arthropod communities in winter wheat,Diekötter et al. ,2010,19.3,,,,,48.7,Arable land --> non-arable land,The combined activity density of macrofauna decomposer species (millipedes and woodlice) was significantly affected by the interaction between farming system and landscape context
Crop Diversity and Land Simplification Effects on Pest Damage in Northern China ,Sheng et al. ,2016,20,,,,,50,Cropland --> non-cropland,"In addition, landscape simplification had no impact on polyphagous species except for cotton worms, which were strongly affected by the interaction of crop diversity and cropland expansion."
Pollination services decline with distance from natural habitat even in biodiversity-rich areas,Carvalheiro et al. ,2010,20,,,,,72,Natural habitat,
Combined effects of agrochemicals and ecosystem services on crop yield across Europe,Gagic et al.,2017,23,,,,,60,Arable land --> non-arable land,but this effect was reduced in fertilised plots and in simplified landscapes
Organic versus conventional arable farming systems: Functional grouping helps understand staphylinid response,Clough et al. ,2007,38.2,,,,,76.5,Arable land --> non-arable land,
Unpacking the push-pull system: Assessing the contribution of companion crops along a gradient of landscape complexity,Kebede et al.,2018,25,,,,,75,Semi-natural/perennial,
The effect of organic farming on butterfly diversity depends on landscape context,Rundlof & Smith,2006,25.1,,,,,88.8,Arable land --> non-arable land,Farming practice significantly affected butterfly species richness in the homogeneous
Trade-offs in arthropod conservation between productive and non-productive agri-environmental schemes along a landscape complexity gradient,Mader et al. ,2017,15.4,,,,,73.2,Arable land --> non-arable land,26.8					84.6
Farm and landscape factors interact to affect the supply of pollination services,Nicholson et al.,2017,29,,,,,86,Natural habitat,"We found a significant interaction between our AII and proportion natural area on visitation rate (7.44 ± 2.29 (interaction slope estimate ± standard error), t = 3.25, P = 0.002), native bee abundance (3.42 ± 1.51, t = 2.26, P = 0.030) and estimated species richness (6.166 ± 2.15, t = 2.86, P = 0.007)"
Landscape composition and local floral resources influence foraging behavior but not the size of Bombus impatiens Cresson (Hymenoptera: Apidae) workers,Gervais et al.,2020,30,,,,,100,Intensive crops --> non-intensive crops,
Responses in plant and carabid communities to farming practises in boreal landscapes,Ekroos et al. ,2009,30,,,,,60,Semi-natural habitat,
Responses of grassland specialist and generalist beetles to management and landscape complexity,Batáry et al.,2007,30,,,,,97,Grassland,
High cover of hedgerows in the landscape supports multiple ecosystem services in Mediterranean cereal fields,Dainese et al. ,2016,0,,,,,62,Arable land --> non-arable land,
The influence of landscape context and farming practices on parasitism of cereal aphids,Roschewitz et al. ,2005,20,34,,,35,50,Arable land --> non-arable land,
"Agricultural intensification and biodiversity partitioning in European landscapes comparing plants, carabids, and birds",Flohre et al. ,2011,,,,,,,,Used an agricultural intensity index to measure complexity - did not have percentages
A macro-scale perspective on within-farm management: how climate and topography alter the effect of farming practices,Amano et al. ,2011,,,,,,,,
Are spiders reacting to local or landscape scale effects in Hungarian pastures?,Batáry et al.,2008,,,,,,,,
"Arthropod Diversity and Community Structure in Relation to Land Use in the Mekong Delta, Vietnam",Wilby et al. ,2006,,,,,,,,
Landscape composition overrides field level management effects on maize stemborer control in Ethiopia,Kebede et al.,2019,,,,,,,,
"Local and neighbourhood effects of organic and conventional wheat management on aphids, weeds, and foliar diseases",Gosme et al. ,2012,,,,,,,,
"Local, landscape, and diversity drivers of predation services provided by ants in a coffee landscape in Chiapas, Mexico",De la Mora et al. ,2015,,,,,,,,
Management intensity at field and landscape levels affects the structure of generalist predator communities,Rusch et al. ,2014,,,,,,,,
Mutual and Opposing Responses of Carabid Beetles and Predatory Wasps to Local and Landscape Factors in Vineyards,Uzman et al.,2020,,,,,,,,
Organic farming affects the biological control of hemipteran pests and yields in spring barley independent of landscape complexity,Birkhofer et al. ,2016,,,,,,,,
"Organic farming supports lower pest infestation, but fewer natural enemies than flower strips",Torok et al. ,2021,,,,,,,,
Scale-dependent environmental filtering of ground-dwelling predators in winter wheat and adjacent set-aside areas in Hungary,Ruzickova et al. ,2020,,20,,,21,,Semi-natural habitat,
"Sweep netting samples, but not sticky trap samples, indicate beneficial arthropod abundance is negatively associated with landscape wide insecticide use",Bakker et al. ,2022,,,,,,,,
Time course study of Bactrocera oleae (Diptera: Tephritidae) pupae predation in soil: the effect of landscape structure and soil condition,Ortega et al. ,2017,,,,,,,,