,id,container_number,project,seed_type,number_seeds,scm_seeds,other_seeds,total_scm_maggots,total_scm_pupae,number_wireworm,phorid_seeds,total_phorid_maggots,total_phorid_pupae,notes,container_type,collection_date,record_id,field_id_x,previous_crop,cover_crop,manure,ny_soils_0,ny_soils_01,muid,hsg,hsgint,muserial,hsga,hsgb,hsgc,hsgd,hsgw,one_week,two_weeks,rain_inches_one_week,min_temp_f_one_week,ave_temp_f_one_week,max_temp_f_one_week,rain_inches_two_weeks,min_temp_f_two_weeks,ave_temp_f_two_weeks,max_temp_f_two_weeks,week,last_week,field_id_y,planting_date,start_week
0,3,3011,R,Bean,8.0,1.0,2.0,1.0,2,0.0,1.0,2.0,3.0,,deli cup,2023-04-17,GAB_ALL,GAB_ALL,Silage Corn,No,Yes,1205.0,5295.0,NY138,C,3.0,6805.0,0.0,11.0,63.0,26.0,0.0,2023-04-10,2023-04-03,0.01,48.5,62.6875,76.9,0.036,42.3,54.34666666666667,66.4,16,15,GAB_ALL,2023-05-09,2023-05-02
1,9,3068,R,Bean,8.0,0.0,0.0,0.0,5,1.0,2.0,7.0,9.0,,deli cup,2023-04-18,SMI_JOH_2,SMI_JOH_2,Wheat,Yes,No,1477.0,5478.0,NY142,D,4.0,6809.0,0.0,34.0,31.0,35.0,0.0,2023-04-11,2023-04-04,0.04750000000000001,46.8125,61.1,75.3875,0.118,40.88666666666667,53.46666666666667,66.04666666666667,16,15,,,
2,15,3010,R,Bean,10.0,0.0,1.0,0.0,0,0.0,0.0,0.0,19.0,,deli cup,2023-04-17,GAB_STE,GAB_STE,Silage Corn,No,Yes,1376.0,5311.0,NY084,A,1.0,6752.0,62.0,23.0,13.0,2.0,0.0,2023-04-10,2023-04-03,0.0025,47.025,61.65,76.2875,0.03933333333333333,40.57333333333334,53.08,65.6,16,15,GAB_STE,2023-05-23,2023-05-16
3,21,3003,R,Bean,5.0,0.0,1.0,0.0,17,0.0,0.0,0.0,0.0,,deli cup,2023-04-18,DIP_CUR,DIP_CUR,Silage Corn,Yes,No,2085.0,5669.0,NY134,A,1.0,6801.0,58.0,27.0,0.0,15.0,0.0,2023-04-11,2023-04-04,0.09125,43.3125,57.0125,70.75,0.11999999999999998,38.53333333333333,50.919999999999995,63.31333333333334,16,15,DIP_CUR,2023-05-19,2023-05-12
4,30,3042,R,Bean,10.0,0.0,0.0,0.0,1,0.0,0.0,0.0,0.0,,deli cup,2023-04-17,SMI_MCC,SMI_MCC,Soybean,No,No,1401.0,3769.0,NY142,D,4.0,6809.0,0.0,34.0,31.0,35.0,0.0,2023-04-10,2023-04-03,0.00875,41.3875,56.0375,70.7125,0.14,35.20666666666667,47.86666666666667,60.54666666666667,16,15,SMI_MCC,2023-05-15,2023-05-08
5,33,3075,R,Bean,10.0,1.0,0.0,1.0,0,0.0,0.0,0.0,14.0,,deli cup,2023-04-20,STA_HEM_2,STA_HEM_2,Grain Corn,Yes,Yes,1686.0,5631.0,NY128,B,2.0,6795.0,0.0,90.0,6.0,4.0,0.0,2023-04-13,2023-04-06,0.04875,45.75,57.025,68.325,0.11999999999999998,41.26,52.36,63.473333333333336,16,15,STA_HEM_2,2023-05-15,2023-05-08
6,42,3007,R,Bean,10.0,0.0,0.0,0.0,0,0.0,1.0,1.0,8.0,,deli cup,2023-04-18,DIP_PAT,DIP_PAT,Silage Corn,Yes,Yes,1577.0,5558.0,NY131,A,1.0,6798.0,0.0,14.0,63.0,23.0,0.0,2023-04-11,2023-04-04,0.05375,47.4125,61.6875,75.95,0.17666666666666667,40.986666666666665,53.88,66.76666666666667,16,15,DIP_PAT,2023-05-11,2023-05-04
7,45,3002,R,Bean,11.0,1.0,1.0,1.0,0,2.0,1.0,10.0,0.0,,deli cup,2023-04-18,POV_DUN,POV_DUN,Silage Corn,No,No,2404.0,4346.0,NY134,A,1.0,6801.0,58.0,27.0,0.0,15.0,0.0,2023-04-11,2023-04-04,0.08125,43.675,58.3125,72.95,0.09466666666666666,38.46,51.79333333333333,65.14,16,15,POV_DUN,2023-05-19,2023-05-12
8,48,3065,R,Bean,10.0,0.0,2.0,0.0,0,0.0,1.0,1.0,2.0,,deli cup,2023-04-18,SMI_JOH,SMI_JOH,Wheat,No,Yes,1483.0,5475.0,NY134,A,1.0,6801.0,58.0,27.0,0.0,15.0,0.0,2023-04-11,2023-04-04,0.04625,45.4125,59.6625,73.9125,0.13066666666666665,39.88,52.42666666666666,64.98666666666666,16,15,SMI_JOH,2023-05-13,2023-05-06
9,57,3039,R,Bean,3.0,0.0,1.0,0.0,0,0.0,0.0,0.0,0.0,,deli cup,2023-04-17,SMI_CRO,SMI_CRO,Grain Corn,No,No,1779.0,5454.0,NY131,A,1.0,6798.0,0.0,14.0,63.0,23.0,0.0,2023-04-10,2023-04-03,0.02125,43.0625,58.4875,73.9,0.07933333333333333,37.45333333333333,50.86666666666667,64.28,16,15,SMI_CRO,2023-05-09,2023-05-02
10,63,3006,R,Bean,10.0,0.0,1.0,0.0,32,0.0,0.0,0.0,10.0,,deli cup,2023-04-18,DIP_FLE,DIP_FLE,Silage Corn,Yes,No,2190.0,4201.0,NY131,A,1.0,6798.0,0.0,14.0,63.0,23.0,0.0,2023-04-11,2023-04-04,0.07,46.4125,60.1875,73.96249999999999,0.10733333333333332,40.526666666666664,53.18666666666666,65.85333333333332,16,15,DIP_FLE,2023-05-23,2023-05-16
11,69,3044,R,Bean,10.0,0.0,2.0,0.0,0,0.0,0.0,10.0,10.0,,deli cup,2023-04-17,SMI_COB,SMI_COB,Silage Corn,Yes,No,2029.0,3921.0,NY099,A,1.0,6767.0,54.0,28.0,6.0,12.0,0.0,2023-04-10,2023-04-03,0.02375,41.9875,57.6,73.225,0.042,36.64666666666667,50.24,63.84,16,15,SMI_COB,2023-05-13,2023-05-06
12,75,3037,R,Bean,10.0,0.0,6.0,0.0,0,0.0,0.0,0.0,3.0,,deli cup,2023-04-18,SMI_DUR,SMI_DUR,Silage Corn,Yes,Yes,1488.0,5493.0,NY142,D,4.0,6809.0,0.0,34.0,31.0,35.0,0.0,2023-04-11,2023-04-04,0.06375,47.9625,61.9625,76.025,0.13933333333333336,41.919999999999995,54.28666666666666,66.69333333333333,16,15,,,
13,78,3030,R,Bean,8.0,0.0,0.0,0.0,0,1.0,8.0,10.0,10.0,,deli cup,2023-04-18,SMI_HOF,SMI_HOF,Silage Corn,Yes,No,2224.0,4108.0,NY134,A,1.0,6801.0,58.0,27.0,0.0,15.0,0.0,2023-04-11,2023-04-04,0.0575,43.0375,58.7125,74.4,0.044000000000000004,37.46,52.093333333333334,66.72666666666666,16,15,SMI_HOF,2023-05-18,2023-05-11
14,84,3025,R,Bean,9.0,0.0,0.0,0.0,0,0.0,0.0,0.0,1.0,,deli cup,2023-04-17,SMI_DOU,SMI_DOU,Soybean,No,Yes,1349.0,3760.0,NY007,C,3.0,6681.0,0.0,40.0,48.0,12.0,0.0,2023-04-10,2023-04-03,0.01375,43.775,58.8125,73.825,0.07666666666666666,38.04666666666667,50.84666666666667,63.63333333333333,16,15,SMI_DOU,2023-05-10,2023-05-03
15,90,3036,R,Bean,9.0,0.0,1.0,0.0,0,0.0,2.0,2.0,10.0,,deli cup,2023-04-17,SMI_KEL,SMI_KEL,Silage Corn,Yes,Yes,1659.0,5444.0,NY007,C,3.0,6681.0,0.0,40.0,48.0,12.0,0.0,2023-04-10,2023-04-03,0.00625,44.4375,59.475,74.55,0.043333333333333335,38.593333333333334,51.61333333333334,64.67333333333333,16,15,,,
16,96,3032,R,Bean,6.0,0.0,4.0,0.0,8,0.0,1.0,1.0,0.0,,deli cup,2023-04-17,SMI_HOL,SMI_HOL,Grain Corn,No,No,1779.0,5454.0,NY131,A,1.0,6798.0,0.0,14.0,63.0,23.0,0.0,2023-04-10,2023-04-03,0.00625,48.3875,62.362500000000004,76.35,0.07866666666666668,41.626666666666665,53.70666666666667,65.78,16,15,SMI_HOL,2023-05-24,2023-05-17
17,102,3033,R,Bean,10.0,0.0,0.0,0.0,0,0.0,8.0,10.0,10.0,,deli cup,2023-04-17,SMI_CAN,SMI_CAN,Silage Corn,No,Yes,1511.0,5436.0,NY128,B,2.0,6795.0,0.0,90.0,6.0,4.0,0.0,2023-04-10,2023-04-03,0.02375,39.5875,55.4625,71.3,0.04933333333333333,34.45333333333333,48.18666666666666,61.906666666666666,16,15,,,
18,111,3028,R,Bean,10.0,0.0,0.0,0.0,0,0.0,0.0,2.0,5.0,,deli cup,2023-04-18,SMI_LAT,SMI_LAT,Silage Corn,Yes,Yes,2103.0,4062.0,NY125,B,2.0,6792.0,15.0,56.0,29.0,0.0,0.0,2023-04-11,2023-04-04,0.058750000000000004,41.4375,58.2875,75.1125,0.05466666666666666,36.38,51.58,66.75333333333333,16,15,SMI_LAT,2023-05-17,2023-05-10
19,123,3150,R,Bean,8.0,0.0,2.0,0.0,0,0.0,1.0,1.0,0.0,,deli cup,2023-04-27,MIL_MCC,MIL_MCC,Soybean,No,Yes,1596.0,5481.0,NY012,B,2.0,6685.0,0.0,88.0,9.0,3.0,0.0,2023-04-20,2023-04-13,0.19249999999999998,35.8625,46.0875,56.3,0.128,39.20666666666667,51.04,62.84,17,16,,,
20,126,3159,R,Bean,9.0,1.0,3.0,2.0,2,0.0,0.0,0.0,1.0,,deli cup,2023-04-24,LET_TABLEROCK,,,,,,,,,,,,,,,,2023-04-17,2023-04-10,,,,,,,,,17,16,,,
21,129,3151,R,Bean,4.0,0.0,2.0,1.0,0,2.0,0.0,0.0,0.0,,deli cup,2023-04-27,MIL_YOD,MIL_YOD,Soybean,Yes,Yes,1559.0,5483.0,NY128,B,2.0,6795.0,0.0,90.0,6.0,4.0,0.0,2023-04-20,2023-04-13,0.195,35.4625,45.575,55.7,0.13066666666666668,39.193333333333335,50.75333333333333,62.32666666666667,17,16,,,
22,180,3077,R,Bean,9.0,0.0,0.0,0.0,0,0.0,0.0,0.0,8.0,,deli cup,2023-04-20,STA_SWE,STA_SWE,Silage Corn,Yes,,1807.0,5694.0,NY093,B,2.0,6761.0,5.0,59.0,2.0,34.0,0.0,2023-04-13,2023-04-06,0.1,44.225,55.599999999999994,66.975,0.10066666666666667,39.54666666666667,50.93333333333333,62.333333333333336,16,15,,,
23,183,3079,R,Bean,11.0,0.0,0.0,0.0,0,0.0,0.0,1.0,0.0,,deli cup,2023-04-20,STA_WIL,STA_WIL,Silage Corn,Yes,No,1515.0,5592.0,NY128,B,2.0,6795.0,0.0,90.0,6.0,4.0,0.0,2023-04-13,2023-04-06,0.053750000000000006,45.5,57.225,68.9375,0.08333333333333333,40.39333333333333,52.233333333333334,64.08,16,15,STA_WIL,2023-05-30,2023-05-23
24,186,3082,R,Bean,10.0,0.0,0.0,0.0,15,0.0,0.0,0.0,4.0,,deli cup,2023-04-20,STA_HEM,STA_HEM,Silage Corn,Yes,Yes,1686.0,5631.0,NY128,B,2.0,6795.0,0.0,90.0,6.0,4.0,0.0,2023-04-13,2023-04-06,0.049999999999999996,45.475,56.9125,68.35,0.1,40.93333333333333,52.21333333333334,63.5,16,15,STA_HEM,2023-05-15,2023-05-08
25,192,3074,R,Bean,11.0,0.0,0.0,0.0,0,0.0,0.0,0.0,10.0,,deli cup,2023-04-20,STA_COL,STA_COL,Silage Corn,Yes,Yes,1264.0,5575.0,NY138,C,3.0,6805.0,0.0,11.0,63.0,26.0,0.0,2023-04-13,2023-04-06,0.034999999999999996,46.2125,57.225,68.225,0.052000000000000005,41.72,52.66,63.61333333333334,16,15,STA_COL,2023-05-30,2023-05-23
26,207,3219,R,Bean,8.0,4.0,0.0,23.0,0,0.0,0.0,0.0,0.0,,deli cup,2023-05-01,SMI_KEL,SMI_KEL,Silage Corn,Yes,Yes,1659.0,5444.0,NY007,C,3.0,6681.0,0.0,40.0,48.0,12.0,0.0,2023-04-24,2023-04-17,0.2825,37.2625,46.0375,54.775,0.27133333333333337,39.093333333333334,48.54666666666667,57.986666666666665,18,17,,,
27,210,3220,R,Bean,10.0,0.0,0.0,0.0,0,0.0,0.0,0.0,0.0,,deli cup,2023-05-01,SMI_KEL,SMI_KEL,Silage Corn,Yes,Yes,1659.0,5444.0,NY007,C,3.0,6681.0,0.0,40.0,48.0,12.0,0.0,2023-04-24,2023-04-17,0.2825,37.2625,46.0375,54.775,0.27133333333333337,39.093333333333334,48.54666666666667,57.986666666666665,18,17,,,
28,216,3207,R,Bean,10.0,0.0,0.0,0.0,0,0.0,0.0,0.0,0.0,,deli cup,2023-05-01,SMI_DOU,SMI_DOU,Soybean,No,Yes,1349.0,3760.0,NY007,C,3.0,6681.0,0.0,40.0,48.0,12.0,0.0,2023-04-24,2023-04-17,0.27375,36.35,45.075,53.7875,0.29333333333333333,38.28666666666666,47.7,57.1,18,17,SMI_DOU,2023-05-10,2023-05-03
29,222,3172,R,Bean,8.0,0.0,0.0,0.0,0,0.0,0.0,1.0,0.0,,deli cup,2023-04-19,WIS_COO,WIS_COO,Silage Corn Strip Cropped With Alfalfa,No,Yes,,,,,,,,,,,,2023-04-12,2023-04-05,0.02875,48.4,60.112500000000004,71.8625,0.017333333333333333,41.61333333333334,53.75333333333334,65.88000000000001,16,15,,,
30,231,3175,R,Bean,10.0,1.0,0.0,2.0,1,0.0,0.0,0.0,0.0,,deli cup,2023-04-19,WIS_COO_2,WIS_COO_2,Silage Corn,No,No,2914.0,4436.0,NY149,A,1.0,6816.0,71.0,12.0,11.0,6.0,0.0,2023-04-12,2023-04-05,0.026250000000000002,48.575,60.5,72.4375,0.016,41.86,54.18666666666666,66.52,16,15,,,
31,237,3161,R,Bean,10.0,0.0,7.0,0.0,0,0.0,0.0,0.0,10.0,,deli cup,2023-04-24,LET_NOBLE,,,,,,,,,,,,,,,,2023-04-17,2023-04-10,,,,,,,,,17,16,,,
32,342,3028,R,Bean,10.0,0.0,1.0,0.0,0,0.0,0.0,0.0,0.0,,deli cup,2023-04-18,SMI_LAT,SMI_LAT,Silage Corn,Yes,Yes,2103.0,4062.0,NY125,B,2.0,6792.0,15.0,56.0,29.0,0.0,0.0,2023-04-11,2023-04-04,0.058750000000000004,41.4375,58.2875,75.1125,0.05466666666666666,36.38,51.58,66.75333333333333,16,15,SMI_LAT,2023-05-17,2023-05-10
33,348,3210,R,Bean,10.0,0.0,0.0,0.0,0,0.0,0.0,0.0,0.0,,deli cup,2023-05-01,SMI_CRO,SMI_CRO,Grain Corn,No,No,1779.0,5454.0,NY131,A,1.0,6798.0,0.0,14.0,63.0,23.0,0.0,2023-04-24,2023-04-17,0.22874999999999998,36.6625,45.4375,54.2375,0.23466666666666663,38.31333333333334,47.89333333333333,57.486666666666665,18,17,SMI_CRO,2023-05-09,2023-05-02
34,390,3222,R,Bean,7.0,0.0,1.0,0.0,0,11.0,3.0,5.0,6.0,,deli cup,2023-05-01,SMI_HOL,SMI_HOL,Grain Corn,No,No,1779.0,5454.0,NY131,A,1.0,6798.0,0.0,14.0,63.0,23.0,0.0,2023-04-24,2023-04-17,0.19874999999999998,39.2125,48.1125,57.0125,0.21,41.2,50.440000000000005,59.67333333333333,18,17,SMI_HOL,2023-05-24,2023-05-17
35,393,3212,R,Bean,9.0,0.0,0.0,0.0,0,10.0,1.0,2.0,3.0,,deli cup,2023-05-01,SMI_JOH,SMI_JOH,Wheat,No,Yes,1483.0,5475.0,NY134,A,1.0,6801.0,58.0,27.0,0.0,15.0,0.0,2023-04-24,2023-04-17,0.2975,37.8375,45.625,53.4125,0.26666666666666666,38.89333333333333,48.07333333333334,57.26,18,17,SMI_JOH,2023-05-13,2023-05-06
36,396,3218,R,Bean,9.0,0.0,1.0,0.0,0,3.0,0.0,0.0,0.0,,deli cup,2023-05-01,SMI_MCC,SMI_MCC,Soybean,No,No,1401.0,3769.0,NY142,D,4.0,6809.0,0.0,34.0,31.0,35.0,0.0,2023-04-24,2023-04-17,0.27625,34.0125,42.55,51.125,0.2846666666666667,35.68666666666666,45.05333333333333,54.440000000000005,18,17,SMI_MCC,2023-05-15,2023-05-08
37,453,3176,R,Bean,1.0,0.0,0.0,0.0,0,0.0,0.0,0.0,0.0,,deli cup,2023-04-21,WIS_KEN,WIS_KEN,Grain Corn,Yes,No,2904.0,5799.0,NY062,C,3.0,6734.0,6.0,0.0,90.0,4.0,0.0,2023-04-14,2023-04-07,0.135,48.15,59.575,71.0125,0.07200000000000001,43.513333333333335,56.2,68.9,16,15,,,
38,570,3190,R,Bean,6.0,0.0,0.0,0.0,2,0.0,0.0,0.0,0.0,,deli cup,2023-04-21,WIS_MEG,WIS_MEG,Sweet Corn,No,No,2850.0,5739.0,NY149,A,1.0,6816.0,71.0,12.0,11.0,6.0,0.0,2023-04-14,2023-04-07,0.0425,46.8125,58.6375,70.4875,0.02333333333333333,42.00666666666667,55.21333333333334,68.46666666666667,16,15,,,
39,576,3189,R,Bean,5.0,0.0,2.0,0.0,1,0.0,0.0,0.0,0.0,,deli cup,2023-04-21,WIS_HIG,WIS_HIG,,Yes,No,2962.0,5872.0,NY156,C,3.0,6823.0,0.0,0.0,97.0,3.0,0.0,2023-04-14,2023-04-07,0.12625,47.4375,59.25,71.10000000000001,0.06733333333333333,42.7,55.84,69.02,16,15,,,
40,585,3215,R,Bean,10.0,0.0,0.0,0.0,0,0.0,0.0,0.0,0.0,,deli cup ,2023-05-01,SMI_CAN,SMI_CAN,Silage Corn,No,Yes,1511.0,5436.0,NY128,B,2.0,6795.0,0.0,90.0,6.0,4.0,0.0,2023-04-24,2023-04-17,0.26125,34.55,43.025,51.5,0.22866666666666668,36.00666666666667,45.593333333333334,55.15333333333333,18,17,,,
41,651,3337,R,Bean,8.0,1.0,0.0,2.0,0,0.0,0.0,0.0,0.0,,deli cup,2023-04-27,WIS_COO,WIS_COO,Silage Corn Strip Cropped With Alfalfa,No,Yes,,,,,,,,,,,,2023-04-20,2023-04-13,0.215,37.675000000000004,47.8,57.925,0.13,42.88666666666666,53.67333333333333,64.47333333333333,17,16,,,
42,876,3338,R,Bean,9.0,0.0,0.0,0.0,0,0.0,0.0,0.0,0.0,,deli cup,2023-04-27,WIS_COO_2,WIS_COO_2,Silage Corn,No,No,2914.0,4436.0,NY149,A,1.0,6816.0,71.0,12.0,11.0,6.0,0.0,2023-04-20,2023-04-13,0.20625000000000002,38.175,48.3875,58.65,0.12400000000000001,43.26,54.17333333333333,65.11999999999999,17,16,,,
43,1038,3241,R,Bean,10.0,0.0,0.0,0.0,0,2.0,3.0,4.0,0.0,,deli cup,2023-05-02,DIP_CUR,DIP_CUR,Silage Corn,Yes,No,2085.0,5669.0,NY134,A,1.0,6801.0,58.0,27.0,0.0,15.0,0.0,2023-04-25,2023-04-18,0.4,36.775,43.8125,50.8375,0.24866666666666667,37.46,45.720000000000006,54.0,18,17,DIP_CUR,2023-05-19,2023-05-12
44,1050,3238,R,Bean,9.0,0.0,0.0,0.0,0,0.0,0.0,0.0,0.0,,deli cup,2023-05-02,DIP_PAT,DIP_PAT,Silage Corn,Yes,Yes,1577.0,5558.0,NY131,A,1.0,6798.0,0.0,14.0,63.0,23.0,0.0,2023-04-25,2023-04-18,0.24500000000000002,38.2375,46.575,54.9375,0.19200000000000003,38.49333333333333,47.833333333333336,57.2,18,17,DIP_PAT,2023-05-11,2023-05-04
45,1203,3679,R,Bean,5.0,0.0,0.0,0.0,0,0.0,1.0,1.0,0.0,,deli cup,2023-05-05,WIS_MEG,WIS_MEG,Sweet Corn,No,No,2850.0,5739.0,NY149,A,1.0,6816.0,71.0,12.0,11.0,6.0,0.0,2023-04-28,2023-04-21,0.43125,41.675,49.3,56.925,0.36800000000000005,41.026666666666664,50.333333333333336,59.63333333333333,18,17,,,
46,1209,3669,R,Bean,8.0,1.0,1.0,2.0,1,0.0,0.0,0.0,0.0,,deli cup,2023-05-09,ZUE_REE,ZUE_REE,,,,1847.0,4084.0,NY131,A,1.0,6798.0,0.0,14.0,63.0,23.0,0.0,2023-05-02,2023-04-25,0.095,40.1125,48.725,57.325,0.166,39.306666666666665,47.486666666666665,55.63333333333333,19,18,,,
47,1257,3667,R,Bean,10.0,0.0,0.0,0.0,0,0.0,1.0,1.0,0.0,,deli cup,2023-05-11,MIL_MCC,MIL_MCC,Soybean,No,Yes,1596.0,5481.0,NY012,B,2.0,6685.0,0.0,88.0,9.0,3.0,0.0,2023-05-04,2023-04-27,0.061250000000000006,37.6875,48.95,60.2,0.18466666666666667,37.906666666666666,47.45333333333333,57.0,19,18,,,
48,1263,3652,R,Bean,10.0,0.0,0.0,0.0,0,0.0,0.0,0.0,0.0,,deli cup,2023-05-11,DIP_PAT,DIP_PAT,Silage Corn,Yes,Yes,1577.0,5558.0,NY131,A,1.0,6798.0,0.0,14.0,63.0,23.0,0.0,2023-05-04,2023-04-27,0.04625,39.9625,50.825,61.7,0.162,39.82,49.4,59.0,19,18,DIP_PAT,2023-05-11,2023-05-04
49,1269,3680,R,Bean,6.0,0.0,0.0,1.0,2,0.0,0.0,0.0,0.0,,deli cup,2023-05-05,WIS_KEN,WIS_KEN,Grain Corn,Yes,No,2904.0,5799.0,NY062,C,3.0,6734.0,6.0,0.0,90.0,4.0,0.0,2023-04-28,2023-04-21,0.38625,43.6,50.125,56.6625,0.35133333333333333,42.89333333333333,51.3,59.7,18,17,,,
50,1281,3677,R,Bean,0.0,0.0,0.0,0.0,0,0.0,0.0,0.0,4.0,,deli cup,2023-05-08,LET_NOB,LET_NOB,Silage Corn,Yes,Yes,1538.0,5653.0,NY128,B,2.0,6795.0,0.0,90.0,6.0,4.0,0.0,2023-05-01,2023-04-24,0.15375,37.8125,46.525,55.2375,0.11333333333333333,36.833333333333336,45.44666666666667,54.04666666666667,19,18,,,
51,1287,3683,R,Bean,9.0,0.0,0.0,1.0,0,0.0,0.0,0.0,0.0,,deli cup,2023-05-03,WIS_COO,WIS_COO,Silage Corn Strip Cropped With Alfalfa,No,Yes,,,,,,,,,,,,2023-04-26,2023-04-19,0.26125,38.487500000000004,46.525,54.6125,0.24666666666666667,38.27333333333333,47.10666666666667,55.96,18,17,,,
52,1293,3684,R,Bean,10.0,0.0,0.0,0.0,0,0.0,0.0,0.0,0.0,,deli cup,2023-05-03,WIS_COO_2,WIS_COO_2,Silage Corn,No,No,2914.0,4436.0,NY149,A,1.0,6816.0,71.0,12.0,11.0,6.0,0.0,2023-04-26,2023-04-19,0.24625,38.449999999999996,46.725,55.0125,0.23600000000000002,38.586666666666666,47.55333333333333,56.54,18,17,,,
53,1299,3668,R,Bean,10.0,1.0,6.0,1.0,0,0.0,0.0,0.0,0.0,,deli cup,2023-05-11,MIL_YOD,MIL_YOD,Soybean,Yes,Yes,1559.0,5483.0,NY128,B,2.0,6795.0,0.0,90.0,6.0,4.0,0.0,2023-05-04,2023-04-27,0.05,37.55,48.5625,59.575,0.18933333333333335,37.50666666666667,46.986666666666665,56.46666666666667,19,18,,,
54,1302,3687,R,Bean,4.0,0.0,0.0,0.0,0,0.0,0.0,0.0,0.0,,deli cup,2023-05-05,WIS_HIG,WIS_HIG,,Yes,No,2962.0,5872.0,NY156,C,3.0,6823.0,0.0,0.0,97.0,3.0,0.0,2023-04-28,2023-04-21,0.455,42.6625,49.6625,56.7,0.388,41.973333333333336,50.86,59.766666666666666,18,17,,,
55,1311,3671,R,Bean,9.0,0.0,0.0,1.0,0,0.0,0.0,0.0,0.0,,deli cup,2023-05-11,MIL_CHA,MIL_CHA,Silage Corn,No,Yes,1559.0,5483.0,NY128,B,2.0,6795.0,0.0,90.0,6.0,4.0,0.0,2023-05-04,2023-04-27,0.0475,38.85,49.4875,60.15,0.18333333333333332,38.79333333333333,47.833333333333336,56.88,19,18,,,
56,1314,3654,R,Bean,10.0,1.0,0.0,2.0,0,0.0,0.0,0.0,0.0,,deli cup,2023-05-12,STA_SWE,STA_SWE,Silage Corn,Yes,,1807.0,5694.0,NY093,B,2.0,6761.0,5.0,59.0,2.0,34.0,0.0,2023-05-05,2023-04-28,0.045,41.8625,52.5125,63.1375,0.10066666666666667,39.67333333333333,49.07333333333334,58.45333333333333,19,18,,,
57,1419,3675,R,Bean,9.0,0.0,0.0,0.0,0,0.0,0.0,0.0,10.0,,deli cup,2023-05-08,LET_TAB,LET_TAB,Silage Corn,Yes,Yes,2067.0,5738.0,NY127,C,3.0,6794.0,0.0,3.0,97.0,0.0,0.0,2023-05-01,2023-04-24,0.16,37.550000000000004,46.6125,55.7125,0.10200000000000001,36.586666666666666,45.55333333333333,54.54,19,18,LET_TAB,2023-05-07,2023-04-30
58,1470,3575,R,Bean,10.0,0.0,1.0,0.0,0,0.0,0.0,0.0,0.0,,deli cup,2023-05-02,SMI_DUR,SMI_DUR,Silage Corn,Yes,Yes,1488.0,5493.0,NY142,D,4.0,6809.0,0.0,34.0,31.0,35.0,0.0,2023-04-25,2023-04-18,0.31375,39.3375,47.225,55.1375,0.24866666666666667,39.473333333333336,48.34666666666667,57.22666666666667,18,17,,,
59,1470,3575,R,Bean,10.0,0.0,1.0,0.0,0,0.0,0.0,0.0,0.0,,deli cup,2023-05-02,SMI_JOH_2,SMI_JOH_2,Wheat,Yes,No,1477.0,5478.0,NY142,D,4.0,6809.0,0.0,34.0,31.0,35.0,0.0,2023-04-25,2023-04-18,0.29874999999999996,38.7625,46.65,54.5375,0.24800000000000003,39.193333333333335,47.88666666666666,56.593333333333334,18,17,,,
60,1509,3561,R,Bean,10.0,0.0,0.0,0.0,0,0.0,0.0,0.0,0.0,,deli cup,2023-05-03,STA_HEM_2,STA_HEM_2,Grain Corn,Yes,Yes,1686.0,5631.0,NY128,B,2.0,6795.0,0.0,90.0,6.0,4.0,0.0,2023-04-26,2023-04-19,0.23625000000000002,38.575,45.7875,52.9875,0.21,38.593333333333334,46.74666666666667,54.88,18,17,STA_HEM_2,2023-05-15,2023-05-08
61,1512,3567,R,Bean,9.0,0.0,0.0,0.0,0,0.0,0.0,0.0,0.0,,deli cup,2023-05-03,STA_HEM,STA_HEM,Silage Corn,Yes,Yes,1686.0,5631.0,NY128,B,2.0,6795.0,0.0,90.0,6.0,4.0,0.0,2023-04-26,2023-04-19,0.20375,38.35,45.7625,53.1625,0.19533333333333333,38.440000000000005,46.72,54.98666666666667,18,17,STA_HEM,2023-05-15,2023-05-08
62,1521,3575,R,Bean,9.0,0.0,0.0,0.0,0,0.0,0.0,0.0,0.0,,deli cup,2023-05-02,SMI_DUR,SMI_DUR,Silage Corn,Yes,Yes,1488.0,5493.0,NY142,D,4.0,6809.0,0.0,34.0,31.0,35.0,0.0,2023-04-25,2023-04-18,0.31375,39.3375,47.225,55.1375,0.24866666666666667,39.473333333333336,48.34666666666667,57.22666666666667,18,17,,,
63,1521,3575,R,Bean,9.0,0.0,0.0,0.0,0,0.0,0.0,0.0,0.0,,deli cup,2023-05-02,SMI_JOH_2,SMI_JOH_2,Wheat,Yes,No,1477.0,5478.0,NY142,D,4.0,6809.0,0.0,34.0,31.0,35.0,0.0,2023-04-25,2023-04-18,0.29874999999999996,38.7625,46.65,54.5375,0.24800000000000003,39.193333333333335,47.88666666666666,56.593333333333334,18,17,,,
64,1524,3563,R,Bean,9.0,0.0,0.0,0.0,0,0.0,0.0,0.0,1.0,,deli cup,2023-05-03,STA_COL,STA_COL,Silage Corn,Yes,Yes,1264.0,5575.0,NY138,C,3.0,6805.0,0.0,11.0,63.0,26.0,0.0,2023-04-26,2023-04-19,0.19125,38.7625,46.475,54.2125,0.142,38.70666666666667,47.1,55.519999999999996,18,17,STA_COL,2023-05-30,2023-05-23
65,1527,3572,R,Bean,10.0,0.0,0.0,0.0,1,0.0,0.0,0.0,0.0,,deli cup,2023-05-02,SMI_LAT,SMI_LAT,Silage Corn,Yes,Yes,2103.0,4062.0,NY125,B,2.0,6792.0,15.0,56.0,29.0,0.0,0.0,2023-04-25,2023-04-18,0.3925,36.225,45.4125,54.6125,0.292,36.6,46.806666666666665,56.99333333333333,18,17,SMI_LAT,2023-05-17,2023-05-10
66,1773,3560,R,Bean,10.0,0.0,0.0,0.0,0,0.0,0.0,0.0,2.0,,deli cup,2023-05-03,STA_WIL,STA_WIL,Silage Corn,Yes,No,1515.0,5592.0,NY128,B,2.0,6795.0,0.0,90.0,6.0,4.0,0.0,2023-04-26,2023-04-19,0.18875,38.8125,46.375,53.9625,0.20333333333333334,38.95333333333333,47.31333333333334,55.693333333333335,18,17,STA_WIL,2023-05-30,2023-05-23
67,1779,3569,R,Bean,8.0,0.0,0.0,0.0,0,0.0,1.0,1.0,0.0,,deli cup,2023-05-03,STA_SWE,STA_SWE,Silage Corn,Yes,,1807.0,5694.0,NY093,B,2.0,6761.0,5.0,59.0,2.0,34.0,0.0,2023-04-26,2023-04-19,0.13125,35.9625,44.45,52.9375,0.09666666666666666,36.440000000000005,45.3,54.13333333333333,18,17,,,
68,1950,4195,R,Bean,10.0,0.0,0.0,0.0,0,0.0,1.0,1.0,0.0,,deli cup,2023-05-23,LET_TAB,LET_TAB,Silage Corn,Yes,Yes,2067.0,5738.0,NY127,C,3.0,6794.0,0.0,3.0,97.0,0.0,0.0,2023-05-16,2023-05-09,0.085,41.9625,54.4,66.8625,0.04533333333333334,42.766666666666666,55.333333333333336,67.92666666666666,21,20,LET_TAB,2023-05-07,2023-04-30
69,1998,4197,R,Bean,6.0,0.0,0.0,0.0,0,0.0,0.0,0.0,0.0,,deli cup,2023-05-17,WIS_COO,WIS_COO,Silage Corn Strip Cropped With Alfalfa,No,Yes,,,,,,,,,,,,2023-05-10,2023-05-03,0.0,42.8125,57.6625,72.5125,0.048666666666666664,41.72,54.580000000000005,67.44666666666667,20,19,,,
70,2304,4168,R,Bean,8.0,0.0,3.0,0.0,1,0.0,0.0,0.0,0.0,,deli cup,2023-05-17,SEA_HOO,SEA_HOO,Mixed Veg,Yes,Yes,1686.0,5631.0,NY128,B,2.0,6795.0,0.0,90.0,6.0,4.0,0.0,2023-05-10,2023-05-03,0.0,45.8875,58.075,70.2625,0.034,43.093333333333334,53.940000000000005,64.80666666666667,20,19,SEA_HOO,2023-05-15,2023-05-08
71,2307,4080,R,Bean,9.0,0.0,8.0,0.0,0,0.0,0.0,0.0,0.0,,deli cup,2023-05-15,SMI_DUR,SMI_DUR,Silage Corn,Yes,Yes,1488.0,5493.0,NY142,D,4.0,6809.0,0.0,34.0,31.0,35.0,0.0,2023-05-08,2023-05-01,0.01375,44.85,57.35,69.83749999999999,0.164,42.806666666666665,53.026666666666664,63.233333333333334,20,19,,,
72,2319,4087,R,Bean,7.0,0.0,6.0,0.0,0,0.0,0.0,0.0,0.0,,deli cup,2023-05-15,SMI_JOH,SMI_JOH,Wheat,No,Yes,1483.0,5475.0,NY134,A,1.0,6801.0,58.0,27.0,0.0,15.0,0.0,2023-05-08,2023-05-01,0.0125,42.4125,55.4625,68.55,0.14400000000000002,41.093333333333334,51.55333333333333,62.026666666666664,20,19,SMI_JOH,2023-05-13,2023-05-06
73,2322,4095,R,Bean,10.0,0.0,10.0,0.0,0,0.0,0.0,0.0,0.0,,deli cup,2023-05-16,STA_COL,STA_COL,Silage Corn,Yes,Yes,1264.0,5575.0,NY138,C,3.0,6805.0,0.0,11.0,63.0,26.0,0.0,2023-05-09,2023-05-02,0.0,45.4875,56.7125,67.95,0.04933333333333333,42.71333333333334,52.54666666666667,62.373333333333335,20,19,STA_COL,2023-05-30,2023-05-23
74,2373,3690,R,Bean,3.0,0.0,1.0,0.0,0,0.0,0.0,0.0,0.0,,deli cup,2023-05-16,DIP_CUR,DIP_CUR,Silage Corn,Yes,No,2085.0,5669.0,NY134,A,1.0,6801.0,58.0,27.0,0.0,15.0,0.0,2023-05-09,2023-05-02,0.0,39.3625,52.4125,65.45,0.034666666666666665,38.733333333333334,49.57333333333334,60.38,20,19,DIP_CUR,2023-05-19,2023-05-12
75,2388,3691,R,Bean,7.0,1.0,0.0,4.0,0,1.0,0.0,0.0,0.0,,deli cup,2023-05-16,POV_DUN,POV_DUN,Silage Corn,No,No,2404.0,4346.0,NY134,A,1.0,6801.0,58.0,27.0,0.0,15.0,0.0,2023-05-09,2023-05-02,0.0,38.8125,53.0875,67.35,0.036000000000000004,38.24,50.18666666666666,62.12,20,19,POV_DUN,2023-05-19,2023-05-12
76,2394,4169,R,Bean,10.0,0.0,0.0,0.0,0,0.0,0.0,0.0,0.0,,deli cup,2023-05-19,DIP_CUR,DIP_CUR,Silage Corn,Yes,No,2085.0,5669.0,NY134,A,1.0,6801.0,58.0,27.0,0.0,15.0,0.0,2023-05-12,2023-05-05,0.0,38.1875,51.75,65.3,0.012,37.85333333333333,50.4,62.92666666666666,20,19,DIP_CUR,2023-05-19,2023-05-12
77,2412,4086,R,Bean,6.0,0.0,3.0,0.0,1,10.0,0.0,0.0,1.0,,deli cup,2023-05-15,SMI_CAN,SMI_CAN,Silage Corn,No,Yes,1511.0,5436.0,NY128,B,2.0,6795.0,0.0,90.0,6.0,4.0,0.0,2023-05-08,2023-05-01,0.01125,37.112500000000004,52.0625,67.03750000000001,0.13733333333333334,36.986666666666665,48.62,60.25333333333333,20,19,,,
78,2415,4099,R,Bean,5.0,2.0,2.0,2.0,0,0.0,0.0,0.0,0.0,,deli cup,2023-05-15,SMI_HOL,SMI_HOL,Grain Corn,No,No,1779.0,5454.0,NY131,A,1.0,6798.0,0.0,14.0,63.0,23.0,0.0,2023-05-08,2023-05-01,0.0025,44.4625,58.8,73.1875,0.10400000000000001,43.14,54.62,66.13333333333334,20,19,SMI_HOL,2023-05-24,2023-05-17
79,2436,5005,R,Bean,10.0,0.0,2.0,0.0,0,0.0,0.0,0.0,0.0,,deli cup,2023-05-15,SMI_HOF,SMI_HOF,Silage Corn,Yes,No,2224.0,4108.0,NY134,A,1.0,6801.0,58.0,27.0,0.0,15.0,0.0,2023-05-08,2023-05-01,0.01875,39.025,54.449999999999996,69.875,0.25266666666666665,38.593333333333334,50.86,63.126666666666665,20,19,SMI_HOF,2023-05-18,2023-05-11
80,2439,4104,R,Bean,8.0,0.0,3.0,0.0,0,0.0,0.0,0.0,0.0,,deli cup,2023-05-15,SMI_LAT,SMI_LAT,Silage Corn,Yes,Yes,2103.0,4062.0,NY125,B,2.0,6792.0,15.0,56.0,29.0,0.0,0.0,2023-05-08,2023-05-01,0.01375,37.4375,54.0125,70.575,0.186,37.666666666666664,50.84,64.00666666666667,20,19,SMI_LAT,2023-05-17,2023-05-10
81,2451,4093,R,Bean,11.0,0.0,1.0,0.0,0,0.0,0.0,0.0,0.0,,deli cup,2023-05-15,SMI_CRO,SMI_CRO,Grain Corn,No,No,1779.0,5454.0,NY131,A,1.0,6798.0,0.0,14.0,63.0,23.0,0.0,2023-05-08,2023-05-01,0.01125,40.95,55.7125,70.4125,0.14066666666666666,40.019999999999996,51.7,63.36666666666667,20,19,SMI_CRO,2023-05-09,2023-05-02
82,2457,4111,R,Bean,5.0,0.0,1.0,0.0,0,0.0,0.0,0.0,0.0,,deli cup,2023-05-15,SMI_DOU,SMI_DOU,Soybean,No,Yes,1349.0,3760.0,NY007,C,3.0,6681.0,0.0,40.0,48.0,12.0,0.0,2023-05-08,2023-05-01,0.00875,41.3875,56.15,70.9,0.12533333333333332,40.626666666666665,52.21333333333334,63.77333333333333,20,19,SMI_DOU,2023-05-10,2023-05-03
83,2460,4096,R,Bean,5.0,0.0,1.0,0.0,0,3.0,0.0,0.0,0.0,,deli cup,2023-05-15,SMI_KEL,SMI_KEL,Silage Corn,Yes,Yes,1659.0,5444.0,NY007,C,3.0,6681.0,0.0,40.0,48.0,12.0,0.0,2023-05-08,2023-05-01,0.00875,42.0875,56.8375,71.55,0.13333333333333333,41.03333333333333,52.74,64.42,20,19,,,
84,2463,4101,R,Bean,7.0,0.0,3.0,0.0,0,0.0,0.0,0.0,0.0,,deli cup,2023-05-16,STA_WIL,STA_WIL,Silage Corn,Yes,No,1515.0,5592.0,NY128,B,2.0,6795.0,0.0,90.0,6.0,4.0,0.0,2023-05-09,2023-05-02,0.0,45.975,57.4875,68.975,0.04733333333333333,43.013333333333335,53.080000000000005,63.126666666666665,20,19,STA_WIL,2023-05-30,2023-05-23
85,2466,4112,R,Bean,5.0,0.0,3.0,0.0,0,1.0,0.0,0.0,0.0,,deli cup,2023-05-15,SMI_MCC,SMI_MCC,Soybean,No,No,1401.0,3769.0,NY142,D,4.0,6809.0,0.0,34.0,31.0,35.0,0.0,2023-05-08,2023-05-01,0.00625,38.75,53.2125,67.7125,0.14733333333333334,37.94666666666667,49.373333333333335,60.82666666666667,20,19,SMI_MCC,2023-05-15,2023-05-08
86,2517,4211,R,Bean,9.0,0.0,1.0,0.0,0,0.0,0.0,0.0,0.0,,deli cup,2023-05-19,WIS_HIG,WIS_HIG,,Yes,No,2962.0,5872.0,NY156,C,3.0,6823.0,0.0,0.0,97.0,3.0,0.0,2023-05-12,2023-05-05,0.0,44.362500000000004,59.425,74.5375,0.01,43.306666666666665,57.72666666666667,72.16666666666667,20,19,,,
87,2583,3692,R,Bean,10.0,0.0,0.0,0.0,0,0.0,0.0,0.0,0.0,,deli cup,2023-05-16,DIP_PAT,DIP_PAT,Silage Corn,Yes,Yes,1577.0,5558.0,NY131,A,1.0,6798.0,0.0,14.0,63.0,23.0,0.0,2023-05-09,2023-05-02,0.0,43.7875,56.625,69.4875,0.05533333333333334,41.733333333333334,52.913333333333334,64.10666666666667,20,19,DIP_PAT,2023-05-11,2023-05-04
88,2634,4085,R,Bean,9.0,0.0,2.0,0.0,0,0.0,0.0,0.0,0.0,,deli cup,2023-05-15,GAB_STE,GAB_STE,Silage Corn,No,Yes,1376.0,5311.0,NY084,A,1.0,6752.0,62.0,23.0,13.0,2.0,0.0,2023-05-08,2023-05-01,0.00875,41.975,57.9625,74.0,0.15133333333333335,41.559999999999995,54.42666666666666,67.32,20,19,GAB_STE,2023-05-23,2023-05-16
89,2640,4171,R,Bean,10.0,0.0,0.0,0.0,0,0.0,0.0,0.0,0.0,,deli cup,2023-05-23,DIP_FLE,DIP_FLE,Silage Corn,Yes,No,2190.0,4201.0,NY131,A,1.0,6798.0,0.0,14.0,63.0,23.0,0.0,2023-05-16,2023-05-09,0.02875,41.725,54.275,66.7875,0.015333333333333334,41.940000000000005,54.53333333333333,67.11333333333333,21,20,DIP_FLE,2023-05-23,2023-05-16
90,2667,4097,R,Bean,10.0,1.0,4.0,4.0,3,0.0,0.0,0.0,0.0,,deli cup,2023-05-15,STA_HEM_2,STA_HEM_2,Grain Corn,Yes,Yes,1686.0,5631.0,NY128,B,2.0,6795.0,0.0,90.0,6.0,4.0,0.0,2023-05-08,2023-05-01,0.02625,45.525,56.8625,68.2125,0.11066666666666668,42.39333333333333,51.8,61.20666666666667,20,19,STA_HEM_2,2023-05-15,2023-05-08
91,2709,4098,R,Bean,4.0,0.0,0.0,0.0,0,0.0,0.0,0.0,1.0,,deli cup,2023-05-15,SMI_COB,SMI_COB,Silage Corn,Yes,No,2029.0,3921.0,NY099,A,1.0,6767.0,54.0,28.0,6.0,12.0,0.0,2023-05-08,2023-05-01,0.00875,40.25,55.2125,70.2125,0.12333333333333334,39.38666666666666,51.17333333333333,62.980000000000004,20,19,SMI_COB,2023-05-13,2023-05-06
92,2898,4094,R,Bean,10.0,0.0,0.0,0.0,6,0.0,0.0,0.0,0.0,,deli cup,2023-05-15,STA_HEM,STA_HEM,Silage Corn,Yes,Yes,1686.0,5631.0,NY128,B,2.0,6795.0,0.0,90.0,6.0,4.0,0.0,2023-05-08,2023-05-01,0.02875,45.1875,56.85,68.525,0.09933333333333333,42.06666666666667,51.766666666666666,61.486666666666665,20,19,STA_HEM,2023-05-15,2023-05-08
93,2949,4102,R,Bean,10.0,0.0,2.0,0.0,0,0.0,0.0,0.0,0.0,,deli cup,2023-05-16,LET_NOB,LET_NOB,Silage Corn,Yes,Yes,1538.0,5653.0,NY128,B,2.0,6795.0,0.0,90.0,6.0,4.0,0.0,2023-05-09,2023-05-02,0.0,44.9125,56.5125,68.0875,0.05733333333333333,41.56666666666667,51.79333333333333,62.013333333333335,20,19,,,
94,2958,4109,R,Bean,8.0,0.0,1.0,0.0,9,1.0,0.0,0.0,0.0,,deli cup,2023-05-15,SMI_JOH_2,SMI_JOH_2,Wheat,Yes,No,1477.0,5478.0,NY142,D,4.0,6809.0,0.0,34.0,31.0,35.0,0.0,2023-05-08,2023-05-01,0.015,43.5125,56.55,69.5625,0.14466666666666667,42.026666666666664,52.5,62.96,20,19,,,
95,3000,4116,R,Bean,9.0,0.0,0.0,4.0,0,0.0,0.0,0.0,4.0,,deli cup,2023-05-15,GAB_ALL,GAB_ALL,Silage Corn,No,Yes,1205.0,5295.0,NY138,C,3.0,6805.0,0.0,11.0,63.0,26.0,0.0,2023-05-08,2023-05-01,0.0,45.2125,59.8125,74.425,0.104,44.06666666666667,55.9,67.74666666666667,20,19,GAB_ALL,2023-05-09,2023-05-02
96,3132,5006,R,Bean,10.0,0.0,1.0,0.0,0,0.0,0.0,0.0,0.0,,deli cup,2023-06-05,LABWIS1,,,,,,,,,,,,,,,,2023-05-29,2023-05-22,,,,,,,,,23,22,,,
97,3144,4930,R,Bean,9.0,0.0,3.0,0.0,0,0.0,0.0,0.0,0.0,,deli cup,2023-05-31,SMI_DUR,SMI_DUR,Silage Corn,Yes,Yes,1488.0,5493.0,NY142,D,4.0,6809.0,0.0,34.0,31.0,35.0,0.0,2023-05-24,2023-05-17,0.015,48.175,61.925,75.675,0.024666666666666667,46.346666666666664,59.28666666666666,72.22666666666667,22,21,,,
98,3150,4923,R,Bean,10.0,0.0,0.0,0.0,0,0.0,0.0,0.0,0.0,,deli cup,2023-05-30,SMI_DOU,SMI_DOU,Soybean,No,Yes,1349.0,3760.0,NY007,C,3.0,6681.0,0.0,40.0,48.0,12.0,0.0,2023-05-23,2023-05-16,0.00125,44.0375,59.550000000000004,75.05,0.008666666666666666,43.026666666666664,57.120000000000005,71.22666666666667,22,21,SMI_DOU,2023-05-10,2023-05-03
99,3165,4913,R,Bean,10.0,0.0,0.0,0.0,0,0.0,0.0,0.0,0.0,,deli cup,2023-05-30,SMI_HOL,SMI_HOL,Grain Corn,No,No,1779.0,5454.0,NY131,A,1.0,6798.0,0.0,14.0,63.0,23.0,0.0,2023-05-23,2023-05-16,0.0025,45.8375,61.2375,76.65,0.004666666666666667,45.626666666666665,59.166666666666664,72.68666666666667,22,21,SMI_HOL,2023-05-24,2023-05-17
100,3243,4282,R,Bean,10.0,0.0,0.0,0.0,0,0.0,0.0,0.0,0.0,,deli cup,2023-05-25,ZUE_REE,ZUE_REE,,,,1847.0,4084.0,NY131,A,1.0,6798.0,0.0,14.0,63.0,23.0,0.0,2023-05-18,2023-05-11,0.095,44.825,55.725,66.6125,0.050666666666666665,45.55333333333333,57.233333333333334,68.92,21,20,,,
101,3246,4278,R,Bean,10.0,0.0,3.0,0.0,0,0.0,0.0,0.0,0.0,,deli cup,2023-05-25,DIP_PAT,DIP_PAT,Silage Corn,Yes,Yes,1577.0,5558.0,NY131,A,1.0,6798.0,0.0,14.0,63.0,23.0,0.0,2023-05-18,2023-05-11,0.04375,44.125,56.1,68.05,0.02333333333333333,44.15333333333333,57.11333333333334,70.06,21,20,DIP_PAT,2023-05-11,2023-05-04
102,3384,5010,R,Bean,10.0,0.0,4.0,0.0,0,1.0,0.0,0.0,0.0,,deli cup,2023-05-31,WIS_COO_2,WIS_COO_2,Silage Corn,No,No,2914.0,4436.0,NY149,A,1.0,6816.0,71.0,12.0,11.0,6.0,0.0,2023-05-24,2023-05-17,0.0075,42.7875,58.1875,73.6,0.05466666666666667,42.34666666666667,56.31333333333334,70.30666666666666,22,21,,,
103,3393,4911,R,Bean,10.0,0.0,1.0,0.0,0,1.0,0.0,0.0,6.0,,deli cup,2023-05-31,SMI_JOH_2,SMI_JOH_2,Wheat,Yes,No,1477.0,5478.0,NY142,D,4.0,6809.0,0.0,34.0,31.0,35.0,0.0,2023-05-24,2023-05-17,0.01375,47.25,61.387499999999996,75.5125,0.022000000000000002,45.54,58.733333333333334,71.91333333333334,22,21,,,
104,3396,5007,R,Bean,7.0,0.0,0.0,0.0,0,0.0,0.0,0.0,0.0,,deli cup,2023-06-02,WIS_KEN,WIS_KEN,Grain Corn,Yes,No,2904.0,5799.0,NY062,C,3.0,6734.0,6.0,0.0,90.0,4.0,0.0,2023-05-26,2023-05-19,0.0,47.125,63.15,79.1875,0.038,46.486666666666665,60.96,75.45333333333333,22,21,,,
105,3405,4909,R,Bean,9.0,0.0,0.0,0.0,0,0.0,0.0,0.0,0.0,,deli cup,2023-05-30,SMI_COB,SMI_COB,Silage Corn,Yes,No,2029.0,3921.0,NY099,A,1.0,6767.0,54.0,28.0,6.0,12.0,0.0,2023-05-23,2023-05-16,0.02,42.3375,58.45,74.525,0.012,41.586666666666666,56.04666666666667,70.49333333333334,22,21,SMI_COB,2023-05-13,2023-05-06
106,3414,4551,R,Bean,10.0,0.0,0.0,0.0,0,0.0,0.0,0.0,0.0,,deli cup,2023-05-26,GAB_STE,GAB_STE,Silage Corn,No,Yes,1376.0,5311.0,NY084,A,1.0,6752.0,62.0,23.0,13.0,2.0,0.0,2023-05-19,2023-05-12,0.04625,43.9375,57.5,71.05,0.027333333333333334,43.486666666666665,57.68,71.89333333333335,21,20,GAB_STE,2023-05-23,2023-05-16
107,3426,4830,R,Bean,10.0,0.0,0.0,0.0,0,0.0,0.0,0.0,0.0,,deli cup,2023-05-31,STA_HEM_2,STA_HEM_2,Grain Corn,Yes,Yes,1686.0,5631.0,NY128,B,2.0,6795.0,0.0,90.0,6.0,4.0,0.0,2023-05-24,2023-05-17,0.00375,47.1,60.0125,72.925,0.062000000000000006,45.4,57.39333333333333,69.38000000000001,22,21,STA_HEM_2,2023-05-15,2023-05-08
108,3441,4797,R,Bean,9.0,0.0,1.0,0.0,5,0.0,0.0,0.0,0.0,,deli cup,2023-05-26,MIL_YOD,MIL_YOD,Soybean,Yes,Yes,1559.0,5483.0,NY128,B,2.0,6795.0,0.0,90.0,6.0,4.0,0.0,2023-05-19,2023-05-12,0.0325,41.8375,54.6,67.33749999999999,0.017333333333333333,40.17333333333333,53.55333333333333,66.94,21,20,,,
109,3465,4926,R,Bean,6.0,0.0,4.0,0.0,0,0.0,0.0,0.0,0.0,,deli cup,2023-05-31,SMI_JOH,SMI_JOH,Wheat,No,Yes,1483.0,5475.0,NY134,A,1.0,6801.0,58.0,27.0,0.0,15.0,0.0,2023-05-24,2023-05-17,0.00875,46.05,60.449999999999996,74.85,0.018000000000000002,44.39333333333333,57.71333333333334,71.02666666666667,22,21,SMI_JOH,2023-05-13,2023-05-06
110,3576,5014,R,Bean,1.0,0.0,0.0,0.0,0,0.0,0.0,0.0,0.0,,deli cup,2023-06-05,LABWIS1,,,,,,,,,,,,,,,,2023-05-29,2023-05-22,,,,,,,,,23,22,,,
111,3579,4935,R,Bean,10.0,0.0,0.0,0.0,0,0.0,0.0,0.0,0.0,,deli cup,2023-05-30,SMI_CRO,SMI_CRO,Grain Corn,No,No,1779.0,5454.0,NY131,A,1.0,6798.0,0.0,14.0,63.0,23.0,0.0,2023-05-23,2023-05-16,0.0025,43.275,59.0625,74.825,0.006,42.31333333333334,56.60666666666667,70.9,22,21,SMI_CRO,2023-05-09,2023-05-02
112,3585,4932,R,Bean,10.0,1.0,0.0,3.0,0,0.0,0.0,0.0,0.0,,deli cup,2023-05-31,SEA_HOO,SEA_HOO,Mixed Veg,Yes,Yes,1686.0,5631.0,NY128,B,2.0,6795.0,0.0,90.0,6.0,4.0,0.0,2023-05-24,2023-05-17,0.00125,47.7,60.975,74.25,0.04,45.973333333333336,58.34,70.70666666666666,22,21,SEA_HOO,2023-05-15,2023-05-08
113,3606,4931,R,Bean,9.0,0.0,2.0,0.0,0,0.0,0.0,0.0,0.0,,deli cup,2023-05-31,SEA_HOO,SEA_HOO,Mixed Veg,Yes,Yes,1686.0,5631.0,NY128,B,2.0,6795.0,0.0,90.0,6.0,4.0,0.0,2023-05-24,2023-05-17,0.00125,47.7,60.975,74.25,0.04,45.973333333333336,58.34,70.70666666666666,22,21,SEA_HOO,2023-05-15,2023-05-08
114,3627,4920,R,Bean,10.0,0.0,0.0,0.0,1,0.0,0.0,0.0,0.0,,deli cup,2023-05-30,SMI_MCC,SMI_MCC,Soybean,No,No,1401.0,3769.0,NY142,D,4.0,6809.0,0.0,34.0,31.0,35.0,0.0,2023-05-23,2023-05-16,0.0025,41.2625,56.5625,71.8375,0.014000000000000002,39.93333333333333,54.086666666666666,68.24,22,21,SMI_MCC,2023-05-15,2023-05-08
115,3828,4550,R,Bean,10.0,0.0,0.0,1.0,0,1.0,0.0,0.0,0.0,,deli cup,2023-05-26,GAB_ALL,GAB_ALL,Silage Corn,No,Yes,1205.0,5295.0,NY138,C,3.0,6805.0,0.0,11.0,63.0,26.0,0.0,2023-05-19,2023-05-12,0.06125,46.4625,58.85,71.2,0.03266666666666666,46.36,59.35333333333333,72.35333333333332,21,20,GAB_ALL,2023-05-09,2023-05-02
116,3948,4800,R,Bean,4.0,0.0,0.0,0.0,0,0.0,0.0,0.0,0.0,,deli cup,2023-05-26,MIL_MCC,MIL_MCC,Soybean,No,Yes,1596.0,5481.0,NY012,B,2.0,6685.0,0.0,88.0,9.0,3.0,0.0,2023-05-19,2023-05-12,0.025,42.5375,55.1375,67.775,0.013333333333333334,40.580000000000005,54.00666666666667,67.44,21,20,,,
117,3957,4798,R,Bean,11.0,1.0,4.0,1.0,0,0.0,0.0,0.0,0.0,,deli cup,2023-05-26,MIL_CHA,MIL_CHA,Silage Corn,No,Yes,1559.0,5483.0,NY128,B,2.0,6795.0,0.0,90.0,6.0,4.0,0.0,2023-05-19,2023-05-12,0.03375,43.875,55.85,67.825,0.018000000000000002,41.94666666666667,54.70666666666667,67.46,21,20,,,
118,3966,4784,R,Bean,8.0,0.0,2.0,0.0,1,0.0,0.0,0.0,0.0,,deli cup,2023-06-02,DIP_CUR,DIP_CUR,Silage Corn,Yes,No,2085.0,5669.0,NY134,A,1.0,6801.0,58.0,27.0,0.0,15.0,0.0,2023-05-26,2023-05-19,0.0,46.1,60.9625,75.825,0.006,44.89333333333333,58.526666666666664,72.2,22,21,DIP_CUR,2023-05-19,2023-05-12
119,4242,4912,R,Bean,8.0,0.0,2.0,0.0,4,0.0,0.0,0.0,0.0,,deli cup,2023-05-31,SMI_LAT,SMI_LAT,Silage Corn,Yes,Yes,2103.0,4062.0,NY125,B,2.0,6792.0,15.0,56.0,29.0,0.0,0.0,2023-05-24,2023-05-17,0.0025,41.5375,59.2375,76.975,0.006000000000000001,40.32,56.519999999999996,72.76,22,21,SMI_LAT,2023-05-17,2023-05-10
120,4302,4919,R,Bean,10.0,0.0,2.0,0.0,0,0.0,0.0,0.0,0.0,,deli cup,2023-05-31,SMI_CAN,SMI_CAN,Silage Corn,No,Yes,1511.0,5436.0,NY128,B,2.0,6795.0,0.0,90.0,6.0,4.0,0.0,2023-05-24,2023-05-17,0.0025,40.4875,56.875,73.225,0.007333333333333333,39.093333333333334,54.06666666666667,69.03333333333333,22,21,,,
121,4311,4929,R,Bean,10.0,0.0,1.0,0.0,0,0.0,0.0,0.0,0.0,,deli cup,2023-05-30,SMI_KEL,SMI_KEL,Silage Corn,Yes,Yes,1659.0,5444.0,NY007,C,3.0,6681.0,0.0,40.0,48.0,12.0,0.0,2023-05-23,2023-05-16,0.0,44.2375,59.9125,75.6125,0.005333333333333333,43.32666666666667,57.480000000000004,71.66000000000001,22,21,,,
122,4314,4918,R,Bean,10.0,0.0,1.0,0.0,0,0.0,0.0,0.0,0.0,,deli cup,2023-06-01,LET_NOB,LET_NOB,Silage Corn,Yes,Yes,1538.0,5653.0,NY128,B,2.0,6795.0,0.0,90.0,6.0,4.0,0.0,2023-05-25,2023-05-18,0.0,47.1,60.699999999999996,74.275,0.05533333333333333,45.96,58.16,70.34666666666666,22,21,,,
123,4317,4917,R,Bean,8.0,0.0,0.0,0.0,0,0.0,0.0,0.0,0.0,,deli cup,2023-05-31,SMI_HOF,SMI_HOF,Silage Corn,Yes,No,2224.0,4108.0,NY134,A,1.0,6801.0,58.0,27.0,0.0,15.0,0.0,2023-05-24,2023-05-17,0.0,42.7625,59.5,76.2625,0.0033333333333333335,41.2,56.626666666666665,72.05333333333333,22,21,SMI_HOF,2023-05-18,2023-05-11
124,4647,4547,R,Bean,8.0,0.0,0.0,0.0,0,0.0,0.0,0.0,0.0,seed type unknown,deli cup,2023-05-26,GAB_ALL,GAB_ALL,Silage Corn,No,Yes,1205.0,5295.0,NY138,C,3.0,6805.0,0.0,11.0,63.0,26.0,0.0,2023-05-19,2023-05-12,0.06125,46.4625,58.85,71.2,0.03266666666666666,46.36,59.35333333333333,72.35333333333332,21,20,GAB_ALL,2023-05-09,2023-05-02
125,4698,4828,R,Bean,10.0,2.0,2.0,5.0,1,0.0,0.0,0.0,0.0,,deli cup,2023-05-31,STA_HEM,STA_HEM,Silage Corn,Yes,Yes,1686.0,5631.0,NY128,B,2.0,6795.0,0.0,90.0,6.0,4.0,0.0,2023-05-24,2023-05-17,0.00375,46.65,59.8125,72.975,0.06266666666666668,45.12,57.28,69.44666666666667,22,21,STA_HEM,2023-05-15,2023-05-08
126,4704,4786,R,Bean,10.0,0.0,1.0,0.0,0,0.0,0.0,0.0,0.0,,deli cup,2023-05-26,STA_SWE,STA_SWE,Silage Corn,Yes,,1807.0,5694.0,NY093,B,2.0,6761.0,5.0,59.0,2.0,34.0,0.0,2023-05-19,2023-05-12,0.09625,43.7375,55.1875,66.6375,0.051333333333333335,43.306666666666665,55.04,66.76,21,20,,,
127,4728,5011,R,Bean,8.0,0.0,4.0,0.0,3,0.0,0.0,0.0,0.0,,deli cup,2023-05-31,WIS_COO,WIS_COO,Silage Corn Strip Cropped With Alfalfa,No,Yes,,,,,,,,,,,,2023-05-24,2023-05-17,0.00375,43.05,58.25,73.4625,0.05266666666666667,42.42666666666666,56.21333333333334,70.01333333333334,22,21,,,
128,5004,5113,R,Bean,10.0,0.0,4.0,0.0,0,0.0,0.0,0.0,0.0,,deli cup,2023-06-12,SMI_KEL,SMI_KEL,Silage Corn,Yes,Yes,1659.0,5444.0,NY007,C,3.0,6681.0,0.0,40.0,48.0,12.0,0.0,2023-06-05,2023-05-29,0.03,48.075,58.5875,69.0875,0.068,49.49333333333333,62.82,76.16666666666667,24,23,,,
129,5007,5097,R,Bean,9.0,0.0,1.0,0.0,0,0.0,0.0,0.0,1.0,,deli cup,2023-06-09,MIL_MCC,MIL_MCC,Soybean,No,Yes,1596.0,5481.0,NY012,B,2.0,6685.0,0.0,88.0,9.0,3.0,0.0,2023-06-02,2023-05-26,0.0775,45.5375,58.8125,72.1,0.04133333333333333,45.14,59.61333333333334,74.11333333333333,23,22,,,
130,5016,5103,R,Bean,11.0,0.0,0.0,0.0,0,0.0,0.0,0.0,0.0,,deli cup,2023-06-13,STA_WIL,STA_WIL,Silage Corn,Yes,No,1515.0,5592.0,NY128,B,2.0,6795.0,0.0,90.0,6.0,4.0,0.0,2023-06-06,2023-05-30,0.29625,53.9,62.0625,70.2125,0.158,53.92666666666666,64.22,74.50666666666666,24,23,STA_WIL,2023-05-30,2023-05-23
131,5031,5109,R,Bean,10.0,0.0,2.0,0.0,0,0.0,0.0,0.0,0.0,,deli cup,2023-06-12,SMI_CAN,SMI_CAN,Silage Corn,No,Yes,1511.0,5436.0,NY128,B,2.0,6795.0,0.0,90.0,6.0,4.0,0.0,2023-06-05,2023-05-29,0.05375,44.0,54.325,64.6625,0.06533333333333334,45.28666666666666,58.75333333333333,72.24,24,23,,,
132,5034,5115,R,Bean,10.0,0.0,4.0,2.0,0,0.0,0.0,0.0,0.0,,deli cup,2023-06-13,SMI_JOH_2,SMI_JOH_2,Wheat,Yes,No,1477.0,5478.0,NY142,D,4.0,6809.0,0.0,34.0,31.0,35.0,0.0,2023-06-06,2023-05-30,0.18875,51.2625,60.95,70.575,0.10066666666666667,52.373333333333335,64.44,76.48,24,23,,,
133,5040,5095,R,Bean,8.0,0.0,2.0,0.0,0,0.0,0.0,0.0,0.0,,deli cup,2023-06-09,MIL_YOD,MIL_YOD,Soybean,Yes,Yes,1559.0,5483.0,NY128,B,2.0,6795.0,0.0,90.0,6.0,4.0,0.0,2023-06-02,2023-05-26,0.04125,46.525,58.925,71.2875,0.022000000000000002,45.82666666666667,59.62,73.37333333333332,23,22,,,
134,5043,5117,R,Bean,10.0,0.0,2.0,0.0,0,0.0,0.0,0.0,0.0,,deli cup,2023-06-12,SMI_HOL,SMI_HOL,Grain Corn,No,No,1779.0,5454.0,NY131,A,1.0,6798.0,0.0,14.0,63.0,23.0,0.0,2023-06-05,2023-05-29,0.04125,49.65,59.825,70.0,0.030000000000000002,51.07333333333334,63.84666666666667,76.63333333333334,24,23,SMI_HOL,2023-05-24,2023-05-17
135,5049,5098,R,Bean,10.0,0.0,0.0,0.0,0,0.0,0.0,0.0,0.0,,deli cup,2023-06-09,MIL_CHA,MIL_CHA,Silage Corn,No,Yes,1559.0,5483.0,NY128,B,2.0,6795.0,0.0,90.0,6.0,4.0,0.0,2023-06-02,2023-05-26,0.06625,47.525,59.65,71.7625,0.035333333333333335,46.980000000000004,60.4,73.82666666666665,23,22,,,
136,5229,5034,R,Bean,10.0,0.0,0.0,0.0,0,0.0,0.0,0.0,0.0,,deli cup,2023-06-06,DIP_FLE,DIP_FLE,Silage Corn,Yes,No,2190.0,4201.0,NY131,A,1.0,6798.0,0.0,14.0,63.0,23.0,0.0,2023-05-30,2023-05-23,0.00625,52.2875,65.9875,79.6875,0.0033333333333333335,47.64666666666667,61.55333333333333,75.46666666666667,23,22,DIP_FLE,2023-05-23,2023-05-16
137,5403,4214,R,Bean,0.0,0.0,0.0,0.0,0,0.0,0.0,0.0,0.0,,deli cup,2023-05-19,WIS_KEN,WIS_KEN,Grain Corn,Yes,No,2904.0,5799.0,NY062,C,3.0,6734.0,6.0,0.0,90.0,4.0,0.0,2023-05-12,2023-05-05,0.0,45.125,59.825,74.475,0.008666666666666666,43.980000000000004,58.086666666666666,72.16000000000001,20,19,,,
138,5436,5112,R,Bean,10.0,0.0,0.0,0.0,0,0.0,0.0,0.0,0.0,,deli cup,2023-06-14,SMI_HOF,SMI_HOF,Silage Corn,Yes,No,2224.0,4108.0,NY134,A,1.0,6801.0,58.0,27.0,0.0,15.0,0.0,2023-06-07,2023-05-31,0.1725,48.3375,58.925,69.55,0.09466666666666666,48.18,61.373333333333335,74.59333333333333,24,23,SMI_HOF,2023-05-18,2023-05-11
139,6,3009,R,Corn,10.0,0.0,1.0,0.0,0,0.0,0.0,0.0,0.0,,deli cup,2023-04-17,GAB_STE,GAB_STE,Silage Corn,No,Yes,1376.0,5311.0,NY084,A,1.0,6752.0,62.0,23.0,13.0,2.0,0.0,2023-04-10,2023-04-03,0.0025,47.025,61.65,76.2875,0.03933333333333333,40.57333333333334,53.08,65.6,16,15,GAB_STE,2023-05-23,2023-05-16
140,12,3067,R,Corn,10.0,0.0,3.0,0.0,0,0.0,0.0,0.0,0.0,,deli cup,2023-04-18,SMI_JOH_2,SMI_JOH_2,Wheat,Yes,No,1477.0,5478.0,NY142,D,4.0,6809.0,0.0,34.0,31.0,35.0,0.0,2023-04-11,2023-04-04,0.04750000000000001,46.8125,61.1,75.3875,0.118,40.88666666666667,53.46666666666667,66.04666666666667,16,15,,,
141,18,3012,R,Corn,10.0,0.0,2.0,0.0,0,1.0,0.0,0.0,0.0,,deli cup,2023-04-17,GAB_ALL,GAB_ALL,Silage Corn,No,Yes,1205.0,5295.0,NY138,C,3.0,6805.0,0.0,11.0,63.0,26.0,0.0,2023-04-10,2023-04-03,0.01,48.5,62.6875,76.9,0.036,42.3,54.34666666666667,66.4,16,15,GAB_ALL,2023-05-09,2023-05-02
142,24,3005,R,Corn,10.0,0.0,5.0,0.0,0,0.0,0.0,0.0,0.0,,deli cup,2023-04-18,DIP_PAT,DIP_PAT,Silage Corn,Yes,Yes,1577.0,5558.0,NY131,A,1.0,6798.0,0.0,14.0,63.0,23.0,0.0,2023-04-11,2023-04-04,0.05375,47.4125,61.6875,75.95,0.17666666666666667,40.986666666666665,53.88,66.76666666666667,16,15,DIP_PAT,2023-05-11,2023-05-04
143,27,3004,R,Corn,9.0,0.0,1.0,0.0,0,2.0,0.0,0.0,0.0,,deli cup,2023-04-18,DIP_CUR,DIP_CUR,Silage Corn,Yes,No,2085.0,5669.0,NY134,A,1.0,6801.0,58.0,27.0,0.0,15.0,0.0,2023-04-11,2023-04-04,0.09125,43.3125,57.0125,70.75,0.11999999999999998,38.53333333333333,50.919999999999995,63.31333333333334,16,15,DIP_CUR,2023-05-19,2023-05-12
144,36,3041,R,Corn,10.0,0.0,2.0,0.0,0,1.0,0.0,0.0,0.0,,deli cup,2023-04-17,SMI_MCC,SMI_MCC,Soybean,No,No,1401.0,3769.0,NY142,D,4.0,6809.0,0.0,34.0,31.0,35.0,0.0,2023-04-10,2023-04-03,0.00875,41.3875,56.0375,70.7125,0.14,35.20666666666667,47.86666666666667,60.54666666666667,16,15,SMI_MCC,2023-05-15,2023-05-08
145,39,3001,R,Corn,10.0,0.0,2.0,0.0,0,1.0,0.0,0.0,0.0,,deli cup,2023-04-18,POV_DUN,POV_DUN,Silage Corn,No,No,2404.0,4346.0,NY134,A,1.0,6801.0,58.0,27.0,0.0,15.0,0.0,2023-04-11,2023-04-04,0.08125,43.675,58.3125,72.95,0.09466666666666666,38.46,51.79333333333333,65.14,16,15,POV_DUN,2023-05-19,2023-05-12
146,51,3066,R,Corn,10.0,0.0,0.0,0.0,0,0.0,0.0,0.0,0.0,,deli cup,2023-04-18,SMI_JOH_2,SMI_JOH_2,Wheat,Yes,No,1477.0,5478.0,NY142,D,4.0,6809.0,0.0,34.0,31.0,35.0,0.0,2023-04-11,2023-04-04,0.04750000000000001,46.8125,61.1,75.3875,0.118,40.88666666666667,53.46666666666667,66.04666666666667,16,15,,,
147,54,3040,R,Corn,10.0,0.0,2.0,0.0,0,2.0,0.0,0.0,0.0,,deli cup,2023-04-17,SMI_CRO,SMI_CRO,Grain Corn,No,No,1779.0,5454.0,NY131,A,1.0,6798.0,0.0,14.0,63.0,23.0,0.0,2023-04-10,2023-04-03,0.02125,43.0625,58.4875,73.9,0.07933333333333333,37.45333333333333,50.86666666666667,64.28,16,15,SMI_CRO,2023-05-09,2023-05-02
148,60,3008,R,Corn,9.0,0.0,0.0,0.0,2,0.0,0.0,0.0,0.0,,deli cup,2023-04-18,DIP_FLE,DIP_FLE,Silage Corn,Yes,No,2190.0,4201.0,NY131,A,1.0,6798.0,0.0,14.0,63.0,23.0,0.0,2023-04-11,2023-04-04,0.07,46.4125,60.1875,73.96249999999999,0.10733333333333332,40.526666666666664,53.18666666666666,65.85333333333332,16,15,DIP_FLE,2023-05-23,2023-05-16
149,66,3026,R,Corn,10.0,0.0,2.0,0.0,0,0.0,0.0,0.0,0.0,,deli cup,2023-04-17,SMI_DOU,SMI_DOU,Soybean,No,Yes,1349.0,3760.0,NY007,C,3.0,6681.0,0.0,40.0,48.0,12.0,0.0,2023-04-10,2023-04-03,0.01375,43.775,58.8125,73.825,0.07666666666666666,38.04666666666667,50.84666666666667,63.63333333333333,16,15,SMI_DOU,2023-05-10,2023-05-03
150,72,3038,R,Corn,10.0,0.0,2.0,0.0,0,0.0,0.0,0.0,0.0,,deli cup,2023-04-18,SMI_DUR,SMI_DUR,Silage Corn,Yes,Yes,1488.0,5493.0,NY142,D,4.0,6809.0,0.0,34.0,31.0,35.0,0.0,2023-04-11,2023-04-04,0.06375,47.9625,61.9625,76.025,0.13933333333333336,41.919999999999995,54.28666666666666,66.69333333333333,16,15,,,
151,81,3029,R,Corn,10.0,0.0,0.0,0.0,0,0.0,0.0,0.0,1.0,,deli cup,2023-04-18,SMI_HOF,SMI_HOF,Silage Corn,Yes,No,2224.0,4108.0,NY134,A,1.0,6801.0,58.0,27.0,0.0,15.0,0.0,2023-04-11,2023-04-04,0.0575,43.0375,58.7125,74.4,0.044000000000000004,37.46,52.093333333333334,66.72666666666666,16,15,SMI_HOF,2023-05-18,2023-05-11
152,87,3043,R,Corn,10.0,0.0,0.0,0.0,0,0.0,0.0,0.0,0.0,,deli cup,2023-04-17,SMI_COB,SMI_COB,Silage Corn,Yes,No,2029.0,3921.0,NY099,A,1.0,6767.0,54.0,28.0,6.0,12.0,0.0,2023-04-10,2023-04-03,0.02375,41.9875,57.6,73.225,0.042,36.64666666666667,50.24,63.84,16,15,SMI_COB,2023-05-13,2023-05-06
153,93,3035,R,Corn,10.0,0.0,1.0,0.0,0,0.0,0.0,0.0,0.0,,deli cup,2023-04-17,SMI_KEL,SMI_KEL,Silage Corn,Yes,Yes,1659.0,5444.0,NY007,C,3.0,6681.0,0.0,40.0,48.0,12.0,0.0,2023-04-10,2023-04-03,0.00625,44.4375,59.475,74.55,0.043333333333333335,38.593333333333334,51.61333333333334,64.67333333333333,16,15,,,
154,99,3031,R,Corn,9.0,0.0,0.0,0.0,0,0.0,0.0,0.0,0.0,,deli cup,2023-04-17,SMI_HOL,SMI_HOL,Grain Corn,No,No,1779.0,5454.0,NY131,A,1.0,6798.0,0.0,14.0,63.0,23.0,0.0,2023-04-10,2023-04-03,0.00625,48.3875,62.362500000000004,76.35,0.07866666666666668,41.626666666666665,53.70666666666667,65.78,16,15,SMI_HOL,2023-05-24,2023-05-17
155,105,3034,R,Corn,10.0,0.0,3.0,0.0,0,0.0,0.0,0.0,0.0,,deli cup,2023-04-17,SMI_CAN,SMI_CAN,Silage Corn,No,Yes,1511.0,5436.0,NY128,B,2.0,6795.0,0.0,90.0,6.0,4.0,0.0,2023-04-10,2023-04-03,0.02375,39.5875,55.4625,71.3,0.04933333333333333,34.45333333333333,48.18666666666666,61.906666666666666,16,15,,,
156,108,3027,R,Corn,10.0,0.0,1.0,0.0,0,0.0,0.0,0.0,0.0,,deli cup,2023-04-18,SMI_LAT,SMI_LAT,Silage Corn,Yes,Yes,2103.0,4062.0,NY125,B,2.0,6792.0,15.0,56.0,29.0,0.0,0.0,2023-04-11,2023-04-04,0.058750000000000004,41.4375,58.2875,75.1125,0.05466666666666666,36.38,51.58,66.75333333333333,16,15,SMI_LAT,2023-05-17,2023-05-10
157,111,3028,R,Corn,10.0,0.0,0.0,0.0,0,0.0,0.0,2.0,5.0,,deli cup,2023-04-18,SMI_LAT,SMI_LAT,Silage Corn,Yes,Yes,2103.0,4062.0,NY125,B,2.0,6792.0,15.0,56.0,29.0,0.0,0.0,2023-04-11,2023-04-04,0.058750000000000004,41.4375,58.2875,75.1125,0.05466666666666666,36.38,51.58,66.75333333333333,16,15,SMI_LAT,2023-05-17,2023-05-10
158,114,3073,R,Corn,10.0,0.0,5.0,0.0,0,0.0,0.0,0.0,1.0,,deli cup,2023-04-20,STA_COL,STA_COL,Silage Corn,Yes,Yes,1264.0,5575.0,NY138,C,3.0,6805.0,0.0,11.0,63.0,26.0,0.0,2023-04-13,2023-04-06,0.034999999999999996,46.2125,57.225,68.225,0.052000000000000005,41.72,52.66,63.61333333333334,16,15,STA_COL,2023-05-30,2023-05-23
159,117,3081,R,Corn,10.0,0.0,2.0,0.0,0,0.0,0.0,0.0,0.0,,deli cup,2023-04-20,STA_HEM,STA_HEM,Silage Corn,Yes,Yes,1686.0,5631.0,NY128,B,2.0,6795.0,0.0,90.0,6.0,4.0,0.0,2023-04-13,2023-04-06,0.049999999999999996,45.475,56.9125,68.35,0.1,40.93333333333333,52.21333333333334,63.5,16,15,STA_HEM,2023-05-15,2023-05-08
160,120,3078,R,Corn,10.0,0.0,2.0,0.0,0,0.0,0.0,0.0,0.0,,deli cup,2023-04-20,STA_SWE,STA_SWE,Silage Corn,Yes,,1807.0,5694.0,NY093,B,2.0,6761.0,5.0,59.0,2.0,34.0,0.0,2023-04-13,2023-04-06,0.1,44.225,55.599999999999994,66.975,0.10066666666666667,39.54666666666667,50.93333333333333,62.333333333333336,16,15,,,
161,132,3152,R,Corn,10.0,0.0,4.0,0.0,0,0.0,0.0,0.0,0.0,,deli cup,2023-04-27,MIL_CHA,MIL_CHA,Silage Corn,No,Yes,1559.0,5483.0,NY128,B,2.0,6795.0,0.0,90.0,6.0,4.0,0.0,2023-04-20,2023-04-13,0.21750000000000003,36.5125,46.2125,55.875,0.14400000000000002,40.06666666666667,51.32666666666667,62.56666666666667,17,16,,,
162,177,3076,R,Corn,10.0,0.0,0.0,0.0,0,0.0,0.0,0.0,0.0,,deli cup,2023-04-20,STA_HEM_2,STA_HEM_2,Grain Corn,Yes,Yes,1686.0,5631.0,NY128,B,2.0,6795.0,0.0,90.0,6.0,4.0,0.0,2023-04-13,2023-04-06,0.04875,45.75,57.025,68.325,0.11999999999999998,41.26,52.36,63.473333333333336,16,15,STA_HEM_2,2023-05-15,2023-05-08
163,189,3080,R,Corn,10.0,0.0,1.0,0.0,0,0.0,0.0,0.0,0.0,,deli cup,2023-04-20,STA_WIL,STA_WIL,Silage Corn,Yes,No,1515.0,5592.0,NY128,B,2.0,6795.0,0.0,90.0,6.0,4.0,0.0,2023-04-13,2023-04-06,0.053750000000000006,45.5,57.225,68.9375,0.08333333333333333,40.39333333333333,52.233333333333334,64.08,16,15,STA_WIL,2023-05-30,2023-05-23
164,195,3160,R,Corn,10.0,0.0,0.0,0.0,0,0.0,0.0,0.0,0.0,,deli cup,2023-04-24,LET_TABLEROCK,,,,,,,,,,,,,,,,2023-04-17,2023-04-10,,,,,,,,,17,16,,,
165,198,3149,R,Corn,10.0,0.0,2.0,0.0,0,0.0,0.0,0.0,0.0,,deli cup,2023-04-27,MIL_MCC,MIL_MCC,Soybean,No,Yes,1596.0,5481.0,NY012,B,2.0,6685.0,0.0,88.0,9.0,3.0,0.0,2023-04-20,2023-04-13,0.19249999999999998,35.8625,46.0875,56.3,0.128,39.20666666666667,51.04,62.84,17,16,,,
166,219,3216,R,Corn,10.0,0.0,0.0,0.0,0,0.0,0.0,0.0,0.0,,deli cup,2023-05-01,SMI_CAN,SMI_CAN,Silage Corn,No,Yes,1511.0,5436.0,NY128,B,2.0,6795.0,0.0,90.0,6.0,4.0,0.0,2023-04-24,2023-04-17,0.26125,34.55,43.025,51.5,0.22866666666666668,36.00666666666667,45.593333333333334,55.15333333333333,18,17,,,
167,225,3209,R,Corn,10.0,0.0,0.0,0.0,0,0.0,0.0,0.0,0.0,,deli cup,2023-05-01,SMI_CRO,SMI_CRO,Grain Corn,No,No,1779.0,5454.0,NY131,A,1.0,6798.0,0.0,14.0,63.0,23.0,0.0,2023-04-24,2023-04-17,0.22874999999999998,36.6625,45.4375,54.2375,0.23466666666666663,38.31333333333334,47.89333333333333,57.486666666666665,18,17,SMI_CRO,2023-05-09,2023-05-02
168,228,3174,R,Corn,11.0,0.0,0.0,0.0,0,0.0,0.0,0.0,0.0,,deli cup,2023-04-19,WIS_COO_2,WIS_COO_2,Silage Corn,No,No,2914.0,4436.0,NY149,A,1.0,6816.0,71.0,12.0,11.0,6.0,0.0,2023-04-12,2023-04-05,0.026250000000000002,48.575,60.5,72.4375,0.016,41.86,54.18666666666666,66.52,16,15,,,
169,234,3158,R,Corn,10.0,0.0,3.0,0.0,0,0.0,0.0,0.0,0.0,,delia cup,2023-04-24,LET_NOBLE,,,,,,,,,,,,,,,,2023-04-17,2023-04-10,,,,,,,,,17,16,,,
170,243,3221,R,Corn,10.0,0.0,0.0,0.0,0,0.0,0.0,0.0,0.0,,deli cup,2023-05-01,SMI_HOL,SMI_HOL,Grain Corn,No,No,1779.0,5454.0,NY131,A,1.0,6798.0,0.0,14.0,63.0,23.0,0.0,2023-04-24,2023-04-17,0.19874999999999998,39.2125,48.1125,57.0125,0.21,41.2,50.440000000000005,59.67333333333333,18,17,SMI_HOL,2023-05-24,2023-05-17
171,246,3217,R,Corn,10.0,0.0,0.0,0.0,0,0.0,0.0,0.0,0.0,,deli cup,2023-05-01,SMI_MCC,SMI_MCC,Soybean,No,No,1401.0,3769.0,NY142,D,4.0,6809.0,0.0,34.0,31.0,35.0,0.0,2023-04-24,2023-04-17,0.27625,34.0125,42.55,51.125,0.2846666666666667,35.68666666666666,45.05333333333333,54.440000000000005,18,17,SMI_MCC,2023-05-15,2023-05-08
172,258,3153,R,Corn,10.0,0.0,0.0,0.0,0,0.0,0.0,0.0,0.0,,deli cup,2023-04-27,MIL_YOD,MIL_YOD,Soybean,Yes,Yes,1559.0,5483.0,NY128,B,2.0,6795.0,0.0,90.0,6.0,4.0,0.0,2023-04-20,2023-04-13,0.195,35.4625,45.575,55.7,0.13066666666666668,39.193333333333335,50.75333333333333,62.32666666666667,17,16,,,
173,342,3028,R,Corn,10.0,0.0,1.0,0.0,0,0.0,0.0,0.0,0.0,,deli cup,2023-04-18,SMI_LAT,SMI_LAT,Silage Corn,Yes,Yes,2103.0,4062.0,NY125,B,2.0,6792.0,15.0,56.0,29.0,0.0,0.0,2023-04-11,2023-04-04,0.058750000000000004,41.4375,58.2875,75.1125,0.05466666666666666,36.38,51.58,66.75333333333333,16,15,SMI_LAT,2023-05-17,2023-05-10
174,345,3213,R,Corn,10.0,0.0,0.0,0.0,0,0.0,0.0,0.0,0.0,,deli cup,2023-05-01,SMI_COB,SMI_COB,Silage Corn,Yes,No,2029.0,3921.0,NY099,A,1.0,6767.0,54.0,28.0,6.0,12.0,0.0,2023-04-24,2023-04-17,0.225,36.275,44.9375,53.6125,0.22866666666666668,37.86,47.34666666666667,56.833333333333336,18,17,SMI_COB,2023-05-13,2023-05-06
175,363,3188,R,Corn,10.0,0.0,0.0,0.0,0,0.0,0.0,0.0,0.0,,deli cup,2023-04-21,WIS_HIG,WIS_HIG,,Yes,No,2962.0,5872.0,NY156,C,3.0,6823.0,0.0,0.0,97.0,3.0,0.0,2023-04-14,2023-04-07,0.12625,47.4375,59.25,71.10000000000001,0.06733333333333333,42.7,55.84,69.02,16,15,,,
176,384,3211,R,Corn,10.0,0.0,1.0,0.0,0,3.0,0.0,0.0,0.0,,deli cup ,2023-05-01,SMI_JOH,SMI_JOH,Wheat,No,Yes,1483.0,5475.0,NY134,A,1.0,6801.0,58.0,27.0,0.0,15.0,0.0,2023-04-24,2023-04-17,0.2975,37.8375,45.625,53.4125,0.26666666666666666,38.89333333333333,48.07333333333334,57.26,18,17,SMI_JOH,2023-05-13,2023-05-06
177,543,3173,R,Corn,10.0,0.0,0.0,0.0,0,0.0,0.0,0.0,1.0,,deli cup,2023-04-19,WIS_COO,WIS_COO,Silage Corn Strip Cropped With Alfalfa,No,Yes,,,,,,,,,,,,2023-04-12,2023-04-05,0.02875,48.4,60.112500000000004,71.8625,0.017333333333333333,41.61333333333334,53.75333333333334,65.88000000000001,16,15,,,
178,573,3171,R,Corn,9.0,0.0,0.0,0.0,0,0.0,0.0,0.0,0.0,,sushi container ,2023-04-21,WIS_MEG,WIS_MEG,Sweet Corn,No,No,2850.0,5739.0,NY149,A,1.0,6816.0,71.0,12.0,11.0,6.0,0.0,2023-04-14,2023-04-07,0.0425,46.8125,58.6375,70.4875,0.02333333333333333,42.00666666666667,55.21333333333334,68.46666666666667,16,15,,,
179,861,3332,R,Corn,10.0,0.0,2.0,0.0,0,0.0,0.0,0.0,0.0,,deli cup,2023-05-01,GAB_ALL,GAB_ALL,Silage Corn,No,Yes,1205.0,5295.0,NY138,C,3.0,6805.0,0.0,11.0,63.0,26.0,0.0,2023-04-24,2023-04-17,0.27125,39.775,49.1125,58.425000000000004,0.22733333333333333,42.45333333333333,51.63333333333333,60.81333333333334,18,17,GAB_ALL,2023-05-09,2023-05-02
180,921,3339,R,Corn,10.0,0.0,0.0,0.0,0,0.0,0.0,0.0,0.0,,deli cup,2023-04-27,WIS_COO_2,WIS_COO_2,Silage Corn,No,No,2914.0,4436.0,NY149,A,1.0,6816.0,71.0,12.0,11.0,6.0,0.0,2023-04-20,2023-04-13,0.20625000000000002,38.175,48.3875,58.65,0.12400000000000001,43.26,54.17333333333333,65.11999999999999,17,16,,,
181,939,3336,R,Corn,10.0,0.0,0.0,0.0,0,0.0,0.0,0.0,0.0,,deli cup,2023-04-27,WIS_COO,WIS_COO,Silage Corn Strip Cropped With Alfalfa,No,Yes,,,,,,,,,,,,2023-04-20,2023-04-13,0.215,37.675000000000004,47.8,57.925,0.13,42.88666666666666,53.67333333333333,64.47333333333333,17,16,,,
182,972,3240,R,Corn,10.0,0.0,0.0,0.0,0,0.0,0.0,0.0,0.0,,deli cup,2023-05-02,DIP_FLE,DIP_FLE,Silage Corn,Yes,No,2190.0,4201.0,NY131,A,1.0,6798.0,0.0,14.0,63.0,23.0,0.0,2023-04-25,2023-04-18,0.24875,38.05,45.7625,53.4875,0.17600000000000002,38.38666666666666,47.36666666666667,56.34666666666667,18,17,DIP_FLE,2023-05-23,2023-05-16
183,978,3237,R,Corn,10.0,0.0,0.0,0.0,0,0.0,0.0,0.0,0.0,,deli cup,2023-05-02,DIP_PAT,DIP_PAT,Silage Corn,Yes,Yes,1577.0,5558.0,NY131,A,1.0,6798.0,0.0,14.0,63.0,23.0,0.0,2023-04-25,2023-04-18,0.24500000000000002,38.2375,46.575,54.9375,0.19200000000000003,38.49333333333333,47.833333333333336,57.2,18,17,DIP_PAT,2023-05-11,2023-05-04
184,1026,3242,R,Corn,10.0,0.0,0.0,0.0,0,0.0,0.0,0.0,0.0,,deli cup,2023-05-02,DIP_CUR,DIP_CUR,Silage Corn,Yes,No,2085.0,5669.0,NY134,A,1.0,6801.0,58.0,27.0,0.0,15.0,0.0,2023-04-25,2023-04-18,0.4,36.775,43.8125,50.8375,0.24866666666666667,37.46,45.720000000000006,54.0,18,17,DIP_CUR,2023-05-19,2023-05-12
185,1113,3335,R,Corn,10.0,0.0,1.0,0.0,0,0.0,0.0,0.0,0.0,,deli cup,2023-05-01,GAB_STE,GAB_STE,Silage Corn,No,Yes,1376.0,5311.0,NY084,A,1.0,6752.0,62.0,23.0,13.0,2.0,0.0,2023-04-24,2023-04-17,0.3,38.225,48.0,57.7375,0.22400000000000003,40.78666666666666,50.586666666666666,60.35333333333333,18,17,GAB_STE,2023-05-23,2023-05-16
186,1179,3233,R,Corn,10.0,0.0,3.0,0.0,0,0.0,0.0,0.0,0.0,,deli cup,2023-04-26,ZUE_REE,ZUE_REE,,,,1847.0,4084.0,NY131,A,1.0,6798.0,0.0,14.0,63.0,23.0,0.0,2023-04-19,2023-04-12,0.14375,38.575,47.5625,56.5125,0.10266666666666667,43.733333333333334,54.70666666666667,65.68666666666667,17,16,,,
187,1197,3333,R,Corn,8.0,0.0,0.0,0.0,0,0.0,0.0,0.0,0.0,,deli cup,2023-05-01,GAB_ALL,GAB_ALL,Silage Corn,No,Yes,1205.0,5295.0,NY138,C,3.0,6805.0,0.0,11.0,63.0,26.0,0.0,2023-04-24,2023-04-17,0.27125,39.775,49.1125,58.425000000000004,0.22733333333333333,42.45333333333333,51.63333333333333,60.81333333333334,18,17,GAB_ALL,2023-05-09,2023-05-02
188,1206,3670,R,Corn,10.0,0.0,0.0,0.0,0,0.0,0.0,0.0,0.0,,deli cup,2023-05-09,ZUE_REE,ZUE_REE,,,,1847.0,4084.0,NY131,A,1.0,6798.0,0.0,14.0,63.0,23.0,0.0,2023-05-02,2023-04-25,0.095,40.1125,48.725,57.325,0.166,39.306666666666665,47.486666666666665,55.63333333333333,19,18,,,
189,1212,3678,R,Corn,10.0,0.0,0.0,0.0,0,0.0,0.0,0.0,0.0,,deli cup,2023-05-05,WIS_MEG,WIS_MEG,Sweet Corn,No,No,2850.0,5739.0,NY149,A,1.0,6816.0,71.0,12.0,11.0,6.0,0.0,2023-04-28,2023-04-21,0.43125,41.675,49.3,56.925,0.36800000000000005,41.026666666666664,50.333333333333336,59.63333333333333,18,17,,,
190,1233,3235,R,Corn,10.0,1.0,2.0,2.0,0,0.0,1.0,2.0,0.0,,deli cup,2023-05-02,POV_DUN,POV_DUN,Silage Corn,No,No,2404.0,4346.0,NY134,A,1.0,6801.0,58.0,27.0,0.0,15.0,0.0,2023-04-25,2023-04-18,0.34500000000000003,36.8375,44.7875,52.7125,0.22066666666666668,37.45333333333333,46.593333333333334,55.693333333333335,18,17,POV_DUN,2023-05-19,2023-05-12
191,1278,3655,R,Corn,10.0,0.0,0.0,0.0,0,0.0,0.0,0.0,0.0,,deli cup,2023-05-12,STA_SWE,STA_SWE,Silage Corn,Yes,,1807.0,5694.0,NY093,B,2.0,6761.0,5.0,59.0,2.0,34.0,0.0,2023-05-05,2023-04-28,0.045,41.8625,52.5125,63.1375,0.10066666666666667,39.67333333333333,49.07333333333334,58.45333333333333,19,18,,,
192,1284,3685,R,Corn,10.0,0.0,0.0,0.0,0,0.0,0.0,0.0,0.0,,deli cup,2023-05-03,WIS_COO_2,WIS_COO_2,Silage Corn,No,No,2914.0,4436.0,NY149,A,1.0,6816.0,71.0,12.0,11.0,6.0,0.0,2023-04-26,2023-04-19,0.24625,38.449999999999996,46.725,55.0125,0.23600000000000002,38.586666666666666,47.55333333333333,56.54,18,17,,,
193,1290,3682,R,Corn,10.0,0.0,0.0,0.0,0,0.0,0.0,0.0,0.0,,deli cup,2023-05-03,WIS_COO,WIS_COO,Silage Corn Strip Cropped With Alfalfa,No,Yes,,,,,,,,,,,,2023-04-26,2023-04-19,0.26125,38.487500000000004,46.525,54.6125,0.24666666666666667,38.27333333333333,47.10666666666667,55.96,18,17,,,
194,1296,3681,R,Corn,10.0,0.0,0.0,0.0,0,0.0,0.0,0.0,0.0,,deli cup,2023-05-05,WIS_KEN,WIS_KEN,Grain Corn,Yes,No,2904.0,5799.0,NY062,C,3.0,6734.0,6.0,0.0,90.0,4.0,0.0,2023-04-28,2023-04-21,0.38625,43.6,50.125,56.6625,0.35133333333333333,42.89333333333333,51.3,59.7,18,17,,,
195,1305,3686,R,Corn,10.0,0.0,0.0,0.0,0,0.0,0.0,0.0,0.0,,deli cup,2023-05-05,WIS_HIG,WIS_HIG,,Yes,No,2962.0,5872.0,NY156,C,3.0,6823.0,0.0,0.0,97.0,3.0,0.0,2023-04-28,2023-04-21,0.455,42.6625,49.6625,56.7,0.388,41.973333333333336,50.86,59.766666666666666,18,17,,,
196,1308,3666,R,Corn,10.0,0.0,0.0,0.0,0,0.0,0.0,0.0,0.0,,deli cup,2023-05-11,MIL_CHA,MIL_CHA,Silage Corn,No,Yes,1559.0,5483.0,NY128,B,2.0,6795.0,0.0,90.0,6.0,4.0,0.0,2023-05-04,2023-04-27,0.0475,38.85,49.4875,60.15,0.18333333333333332,38.79333333333333,47.833333333333336,56.88,19,18,,,
197,1317,3653,R,Corn,10.0,0.0,0.0,0.0,0,0.0,0.0,0.0,0.0,,deli cup,2023-05-11,DIP_PAT,DIP_PAT,Silage Corn,Yes,Yes,1577.0,5558.0,NY131,A,1.0,6798.0,0.0,14.0,63.0,23.0,0.0,2023-05-04,2023-04-27,0.04625,39.9625,50.825,61.7,0.162,39.82,49.4,59.0,19,18,DIP_PAT,2023-05-11,2023-05-04
198,1332,3676,R,Corn,10.0,0.0,0.0,0.0,0,0.0,0.0,0.0,0.0,,deli cup,2023-05-08,LET_NOB,LET_NOB,Silage Corn,Yes,Yes,1538.0,5653.0,NY128,B,2.0,6795.0,0.0,90.0,6.0,4.0,0.0,2023-05-01,2023-04-24,0.15375,37.8125,46.525,55.2375,0.11333333333333333,36.833333333333336,45.44666666666667,54.04666666666667,19,18,,,
199,1335,3674,R,Corn,10.0,0.0,0.0,0.0,0,1.0,0.0,0.0,0.0,,deli cup,2023-05-08,LET_TAB,LET_TAB,Silage Corn,Yes,Yes,2067.0,5738.0,NY127,C,3.0,6794.0,0.0,3.0,97.0,0.0,0.0,2023-05-01,2023-04-24,0.16,37.550000000000004,46.6125,55.7125,0.10200000000000001,36.586666666666666,45.55333333333333,54.54,19,18,LET_TAB,2023-05-07,2023-04-30
200,1338,3673,R,Corn,10.0,0.0,0.0,0.0,0,0.0,0.0,0.0,0.0,,deli cup,2023-05-11,MIL_MCC,MIL_MCC,Soybean,No,Yes,1596.0,5481.0,NY012,B,2.0,6685.0,0.0,88.0,9.0,3.0,0.0,2023-05-04,2023-04-27,0.061250000000000006,37.6875,48.95,60.2,0.18466666666666667,37.906666666666666,47.45333333333333,57.0,19,18,,,
201,1341,3672,R,Corn,10.0,0.0,0.0,0.0,0,0.0,0.0,0.0,0.0,,deli cup,2023-05-11,MIL_YOD,MIL_YOD,Soybean,Yes,Yes,1559.0,5483.0,NY128,B,2.0,6795.0,0.0,90.0,6.0,4.0,0.0,2023-05-04,2023-04-27,0.05,37.55,48.5625,59.575,0.18933333333333335,37.50666666666667,46.986666666666665,56.46666666666667,19,18,,,
202,1359,3239,R,Corn,10.0,0.0,0.0,0.0,0,0.0,0.0,0.0,0.0,,deli cup,2023-05-02,DIP_FLE,DIP_FLE,Silage Corn,Yes,No,2190.0,4201.0,NY131,A,1.0,6798.0,0.0,14.0,63.0,23.0,0.0,2023-04-25,2023-04-18,0.24875,38.05,45.7625,53.4875,0.17600000000000002,38.38666666666666,47.36666666666667,56.34666666666667,18,17,DIP_FLE,2023-05-23,2023-05-16
203,1446,3565,R,Corn,10.0,0.0,0.0,0.0,0,0.0,0.0,0.0,0.0,,deli cup,2023-05-03,STA_COL,STA_COL,Silage Corn,Yes,Yes,1264.0,5575.0,NY138,C,3.0,6805.0,0.0,11.0,63.0,26.0,0.0,2023-04-26,2023-04-19,0.19125,38.7625,46.475,54.2125,0.142,38.70666666666667,47.1,55.519999999999996,18,17,STA_COL,2023-05-30,2023-05-23
204,1449,3562,R,Corn,10.0,0.0,0.0,0.0,0,0.0,0.0,0.0,0.0,,deli cup,2023-05-03,STA_HEM,STA_HEM,Silage Corn,Yes,Yes,1686.0,5631.0,NY128,B,2.0,6795.0,0.0,90.0,6.0,4.0,0.0,2023-04-26,2023-04-19,0.20375,38.35,45.7625,53.1625,0.19533333333333333,38.440000000000005,46.72,54.98666666666667,18,17,STA_HEM,2023-05-15,2023-05-08
205,1452,3564,R,Corn,10.0,0.0,0.0,0.0,0,0.0,0.0,0.0,0.0,,deli cup,2023-05-03,STA_WIL,STA_WIL,Silage Corn,Yes,No,1515.0,5592.0,NY128,B,2.0,6795.0,0.0,90.0,6.0,4.0,0.0,2023-04-26,2023-04-19,0.18875,38.8125,46.375,53.9625,0.20333333333333334,38.95333333333333,47.31333333333334,55.693333333333335,18,17,STA_WIL,2023-05-30,2023-05-23
206,1470,3575,R,Corn,10.0,0.0,1.0,0.0,0,0.0,0.0,0.0,0.0,,deli cup,2023-05-02,SMI_DUR,SMI_DUR,Silage Corn,Yes,Yes,1488.0,5493.0,NY142,D,4.0,6809.0,0.0,34.0,31.0,35.0,0.0,2023-04-25,2023-04-18,0.31375,39.3375,47.225,55.1375,0.24866666666666667,39.473333333333336,48.34666666666667,57.22666666666667,18,17,,,
207,1470,3575,R,Corn,10.0,0.0,1.0,0.0,0,0.0,0.0,0.0,0.0,,deli cup,2023-05-02,SMI_JOH_2,SMI_JOH_2,Wheat,Yes,No,1477.0,5478.0,NY142,D,4.0,6809.0,0.0,34.0,31.0,35.0,0.0,2023-04-25,2023-04-18,0.29874999999999996,38.7625,46.65,54.5375,0.24800000000000003,39.193333333333335,47.88666666666666,56.593333333333334,18,17,,,
208,1473,3571,R,Corn,10.0,0.0,0.0,0.0,0,0.0,0.0,0.0,0.0,,deli cup,2023-05-02,SMI_LAT,SMI_LAT,Silage Corn,Yes,Yes,2103.0,4062.0,NY125,B,2.0,6792.0,15.0,56.0,29.0,0.0,0.0,2023-04-25,2023-04-18,0.3925,36.225,45.4125,54.6125,0.292,36.6,46.806666666666665,56.99333333333333,18,17,SMI_LAT,2023-05-17,2023-05-10
209,1476,3574,R,Corn,10.0,0.0,0.0,0.0,0,0.0,0.0,0.0,0.0,,deli cup,2023-05-02,SMI_HOF,SMI_HOF,Silage Corn,Yes,No,2224.0,4108.0,NY134,A,1.0,6801.0,58.0,27.0,0.0,15.0,0.0,2023-04-25,2023-04-18,0.5075000000000001,36.6875,45.4625,54.2125,0.36333333333333334,37.12,47.12,57.10666666666667,18,17,SMI_HOF,2023-05-18,2023-05-11
210,1476,3574,R,Corn,10.0,0.0,0.0,0.0,0,0.0,0.0,0.0,0.0,,deli cup,2023-05-02,SMI_JOH_2,SMI_JOH_2,Wheat,Yes,No,1477.0,5478.0,NY142,D,4.0,6809.0,0.0,34.0,31.0,35.0,0.0,2023-04-25,2023-04-18,0.29874999999999996,38.7625,46.65,54.5375,0.24800000000000003,39.193333333333335,47.88666666666666,56.593333333333334,18,17,,,
211,1479,3568,R,Corn,10.0,0.0,0.0,0.0,0,0.0,0.0,0.0,0.0,,deli cup,2023-05-03,STA_SWE,STA_SWE,Silage Corn,Yes,,1807.0,5694.0,NY093,B,2.0,6761.0,5.0,59.0,2.0,34.0,0.0,2023-04-26,2023-04-19,0.13125,35.9625,44.45,52.9375,0.09666666666666666,36.440000000000005,45.3,54.13333333333333,18,17,,,
212,1506,3566,R,Corn,10.0,0.0,0.0,0.0,0,0.0,0.0,0.0,0.0,,deli cup,2023-05-03,STA_HEM_2,STA_HEM_2,Grain Corn,Yes,Yes,1686.0,5631.0,NY128,B,2.0,6795.0,0.0,90.0,6.0,4.0,0.0,2023-04-26,2023-04-19,0.23625000000000002,38.575,45.7875,52.9875,0.21,38.593333333333334,46.74666666666667,54.88,18,17,STA_HEM_2,2023-05-15,2023-05-08
213,1521,3575,R,Corn,9.0,0.0,0.0,0.0,0,0.0,0.0,0.0,0.0,,deli cup,2023-05-02,SMI_DUR,SMI_DUR,Silage Corn,Yes,Yes,1488.0,5493.0,NY142,D,4.0,6809.0,0.0,34.0,31.0,35.0,0.0,2023-04-25,2023-04-18,0.31375,39.3375,47.225,55.1375,0.24866666666666667,39.473333333333336,48.34666666666667,57.22666666666667,18,17,,,
214,1521,3575,R,Corn,9.0,0.0,0.0,0.0,0,0.0,0.0,0.0,0.0,,deli cup,2023-05-02,SMI_JOH_2,SMI_JOH_2,Wheat,Yes,No,1477.0,5478.0,NY142,D,4.0,6809.0,0.0,34.0,31.0,35.0,0.0,2023-04-25,2023-04-18,0.29874999999999996,38.7625,46.65,54.5375,0.24800000000000003,39.193333333333335,47.88666666666666,56.593333333333334,18,17,,,
215,1953,4194,R,Corn,10.0,0.0,0.0,0.0,0,0.0,0.0,0.0,0.0,,deli cup,2023-05-23,LET_TAB,LET_TAB,Silage Corn,Yes,Yes,2067.0,5738.0,NY127,C,3.0,6794.0,0.0,3.0,97.0,0.0,0.0,2023-05-16,2023-05-09,0.085,41.9625,54.4,66.8625,0.04533333333333334,42.766666666666666,55.333333333333336,67.92666666666666,21,20,LET_TAB,2023-05-07,2023-04-30
216,1995,4200,R,Corn,10.0,0.0,1.0,0.0,0,0.0,0.0,0.0,0.0,,deli cup,2023-05-17,WIS_MEG,WIS_MEG,Sweet Corn,No,No,2850.0,5739.0,NY149,A,1.0,6816.0,71.0,12.0,11.0,6.0,0.0,2023-05-10,2023-05-03,0.0,44.4,60.3625,76.35,0.07200000000000001,43.34666666666667,57.25333333333333,71.18666666666667,20,19,,,
217,2001,4199,R,Corn,9.0,0.0,0.0,0.0,0,0.0,0.0,0.0,0.0,,deli cup,2023-05-17,WIS_COO_2,WIS_COO_2,Silage Corn,No,No,2914.0,4436.0,NY149,A,1.0,6816.0,71.0,12.0,11.0,6.0,0.0,2023-05-10,2023-05-03,0.0,42.7625,57.925000000000004,73.1125,0.04466666666666667,41.57333333333334,54.8,68.05333333333333,20,19,,,
218,2004,4198,R,Corn,4.0,0.0,1.0,0.0,0,0.0,0.0,0.0,0.0,,deli cup,2023-05-17,WIS_COO_2,WIS_COO_2,Silage Corn,No,No,2914.0,4436.0,NY149,A,1.0,6816.0,71.0,12.0,11.0,6.0,0.0,2023-05-10,2023-05-03,0.0,42.7625,57.925000000000004,73.1125,0.04466666666666667,41.57333333333334,54.8,68.05333333333333,20,19,,,
219,2007,4213,R,Corn,9.0,0.0,0.0,0.0,0,0.0,0.0,0.0,0.0,,deli cup,2023-05-19,WIS_KEN,WIS_KEN,Grain Corn,Yes,No,2904.0,5799.0,NY062,C,3.0,6734.0,6.0,0.0,90.0,4.0,0.0,2023-05-12,2023-05-05,0.0,45.125,59.825,74.475,0.008666666666666666,43.980000000000004,58.086666666666666,72.16000000000001,20,19,,,
220,2340,3693,R,Corn,10.0,0.0,0.0,0.0,0,0.0,0.0,0.0,0.0,,deli cup,2023-05-16,DIP_PAT,DIP_PAT,Silage Corn,Yes,Yes,1577.0,5558.0,NY131,A,1.0,6798.0,0.0,14.0,63.0,23.0,0.0,2023-05-09,2023-05-02,0.0,43.7875,56.625,69.4875,0.05533333333333334,41.733333333333334,52.913333333333334,64.10666666666667,20,19,DIP_PAT,2023-05-11,2023-05-04
221,2397,4172,R,Corn,10.0,0.0,0.0,0.0,0,0.0,0.0,0.0,0.0,,deli cup,2023-05-23,DIP_FLE,DIP_FLE,Silage Corn,Yes,No,2190.0,4201.0,NY131,A,1.0,6798.0,0.0,14.0,63.0,23.0,0.0,2023-05-16,2023-05-09,0.02875,41.725,54.275,66.7875,0.015333333333333334,41.940000000000005,54.53333333333333,67.11333333333333,21,20,DIP_FLE,2023-05-23,2023-05-16
222,2418,4110,R,Corn,10.0,0.0,1.0,0.0,0,0.0,0.0,0.0,0.0,,deli cup,2023-05-15,SMI_LAT,SMI_LAT,Silage Corn,Yes,Yes,2103.0,4062.0,NY125,B,2.0,6792.0,15.0,56.0,29.0,0.0,0.0,2023-05-08,2023-05-01,0.01375,37.4375,54.0125,70.575,0.186,37.666666666666664,50.84,64.00666666666667,20,19,SMI_LAT,2023-05-17,2023-05-10
223,2433,4115,R,Corn,6.0,0.0,1.0,0.0,0,2.0,0.0,0.0,0.0,,deli cup,2023-05-15,GAB_ALL,GAB_ALL,Silage Corn,No,Yes,1205.0,5295.0,NY138,C,3.0,6805.0,0.0,11.0,63.0,26.0,0.0,2023-05-08,2023-05-01,0.0,45.2125,59.8125,74.425,0.104,44.06666666666667,55.9,67.74666666666667,20,19,GAB_ALL,2023-05-09,2023-05-02
224,2520,4212,R,Corn,10.0,0.0,0.0,0.0,0,0.0,0.0,0.0,0.0,,deli cup,2023-05-19,WIS_HIG,WIS_HIG,,Yes,No,2962.0,5872.0,NY156,C,3.0,6823.0,0.0,0.0,97.0,3.0,0.0,2023-05-12,2023-05-05,0.0,44.362500000000004,59.425,74.5375,0.01,43.306666666666665,57.72666666666667,72.16666666666667,20,19,,,
225,2523,4196,R,Corn,4.0,0.0,0.0,0.0,0,0.0,0.0,0.0,0.0,,deli cup,2023-05-17,WIS_COO,WIS_COO,Silage Corn Strip Cropped With Alfalfa,No,Yes,,,,,,,,,,,,2023-05-10,2023-05-03,0.0,42.8125,57.6625,72.5125,0.048666666666666664,41.72,54.580000000000005,67.44666666666667,20,19,,,
226,2601,3689,R,Corn,9.0,0.0,0.0,0.0,0,0.0,0.0,0.0,0.0,,deli cup,2023-05-16,DIP_CUR,DIP_CUR,Silage Corn,Yes,No,2085.0,5669.0,NY134,A,1.0,6801.0,58.0,27.0,0.0,15.0,0.0,2023-05-09,2023-05-02,0.0,39.3625,52.4125,65.45,0.034666666666666665,38.733333333333334,49.57333333333334,60.38,20,19,DIP_CUR,2023-05-19,2023-05-12
227,2610,3688,R,Corn,10.0,0.0,1.0,0.0,0,0.0,0.0,0.0,0.0,,deli cup,2023-05-16,POV_DUN,POV_DUN,Silage Corn,No,No,2404.0,4346.0,NY134,A,1.0,6801.0,58.0,27.0,0.0,15.0,0.0,2023-05-09,2023-05-02,0.0,38.8125,53.0875,67.35,0.036000000000000004,38.24,50.18666666666666,62.12,20,19,POV_DUN,2023-05-19,2023-05-12
228,2613,3694,R,Corn,9.0,0.0,0.0,0.0,0,1.0,0.0,0.0,0.0,,deli cup,2023-05-16,DIP_FLE,DIP_FLE,Silage Corn,Yes,No,2190.0,4201.0,NY131,A,1.0,6798.0,0.0,14.0,63.0,23.0,0.0,2023-05-09,2023-05-02,0.0,42.1125,54.95,67.8,0.04,40.67333333333333,51.60666666666667,62.519999999999996,20,19,DIP_FLE,2023-05-23,2023-05-16
229,2631,4167,R,Corn,10.0,0.0,0.0,0.0,0,0.0,0.0,0.0,0.0,,deli cup,2023-05-17,SEA_HOO,SEA_HOO,Mixed Veg,Yes,Yes,1686.0,5631.0,NY128,B,2.0,6795.0,0.0,90.0,6.0,4.0,0.0,2023-05-10,2023-05-03,0.0,45.8875,58.075,70.2625,0.034,43.093333333333334,53.940000000000005,64.80666666666667,20,19,SEA_HOO,2023-05-15,2023-05-08
230,2637,4170,R,Corn,10.0,0.0,0.0,0.0,0,0.0,0.0,0.0,0.0,,deli cup,2023-05-19,DIP_CUR,DIP_CUR,Silage Corn,Yes,No,2085.0,5669.0,NY134,A,1.0,6801.0,58.0,27.0,0.0,15.0,0.0,2023-05-12,2023-05-05,0.0,38.1875,51.75,65.3,0.012,37.85333333333333,50.4,62.92666666666666,20,19,DIP_CUR,2023-05-19,2023-05-12
231,2655,4107,R,Corn,10.0,0.0,0.0,0.0,0,0.0,0.0,0.0,0.0,,deli cup,2023-05-15,SMI_JOH_2,SMI_JOH_2,Wheat,Yes,No,1477.0,5478.0,NY142,D,4.0,6809.0,0.0,34.0,31.0,35.0,0.0,2023-05-08,2023-05-01,0.015,43.5125,56.55,69.5625,0.14466666666666667,42.026666666666664,52.5,62.96,20,19,,,
232,2658,4088,R,Corn,8.0,0.0,0.0,0.0,0,0.0,0.0,0.0,0.0,,deli cup,2023-05-15,SMI_CRO,SMI_CRO,Grain Corn,No,No,1779.0,5454.0,NY131,A,1.0,6798.0,0.0,14.0,63.0,23.0,0.0,2023-05-08,2023-05-01,0.01125,40.95,55.7125,70.4125,0.14066666666666666,40.019999999999996,51.7,63.36666666666667,20,19,SMI_CRO,2023-05-09,2023-05-02
233,2700,4114,R,Corn,10.0,0.0,0.0,0.0,0,0.0,0.0,0.0,0.0,,deli cup,2023-05-15,GAB_STE,GAB_STE,Silage Corn,No,Yes,1376.0,5311.0,NY084,A,1.0,6752.0,62.0,23.0,13.0,2.0,0.0,2023-05-08,2023-05-01,0.00875,41.975,57.9625,74.0,0.15133333333333335,41.559999999999995,54.42666666666666,67.32,20,19,GAB_STE,2023-05-23,2023-05-16
234,2703,4103,R,Corn,10.0,0.0,0.0,0.0,0,0.0,0.0,0.0,0.0,,deli cup,2023-05-15,SMI_CAN,SMI_CAN,Silage Corn,No,Yes,1511.0,5436.0,NY128,B,2.0,6795.0,0.0,90.0,6.0,4.0,0.0,2023-05-08,2023-05-01,0.01125,37.112500000000004,52.0625,67.03750000000001,0.13733333333333334,36.986666666666665,48.62,60.25333333333333,20,19,,,
235,2715,4081,R,Corn,8.0,0.0,0.0,0.0,0,0.0,0.0,0.0,0.0,,deli cup,2023-05-15,SMI_DUR,SMI_DUR,Silage Corn,Yes,Yes,1488.0,5493.0,NY142,D,4.0,6809.0,0.0,34.0,31.0,35.0,0.0,2023-05-08,2023-05-01,0.01375,44.85,57.35,69.83749999999999,0.164,42.806666666666665,53.026666666666664,63.233333333333334,20,19,,,
236,2718,4090,R,Corn,10.0,0.0,0.0,0.0,0,0.0,0.0,0.0,0.0,,deli cup,2023-05-15,STA_HEM_2,STA_HEM_2,Grain Corn,Yes,Yes,1686.0,5631.0,NY128,B,2.0,6795.0,0.0,90.0,6.0,4.0,0.0,2023-05-08,2023-05-01,0.02625,45.525,56.8625,68.2125,0.11066666666666668,42.39333333333333,51.8,61.20666666666667,20,19,STA_HEM_2,2023-05-15,2023-05-08
237,2721,4108,R,Corn,9.0,0.0,0.0,0.0,0,0.0,0.0,0.0,0.0,,deli cup,2023-05-15,SMI_KEL,SMI_KEL,Silage Corn,Yes,Yes,1659.0,5444.0,NY007,C,3.0,6681.0,0.0,40.0,48.0,12.0,0.0,2023-05-08,2023-05-01,0.00875,42.0875,56.8375,71.55,0.13333333333333333,41.03333333333333,52.74,64.42,20,19,,,
238,2724,4106,R,Corn,8.0,0.0,0.0,0.0,0,0.0,0.0,0.0,0.0,,deli cup,2023-05-15,SMI_DOU,SMI_DOU,Soybean,No,Yes,1349.0,3760.0,NY007,C,3.0,6681.0,0.0,40.0,48.0,12.0,0.0,2023-05-08,2023-05-01,0.00875,41.3875,56.15,70.9,0.12533333333333332,40.626666666666665,52.21333333333334,63.77333333333333,20,19,SMI_DOU,2023-05-10,2023-05-03
239,2925,4927,R,Corn,10.0,0.0,1.0,0.0,0,0.0,0.0,0.0,0.0,,deli cup,2023-05-30,SMI_CRO,SMI_CRO,Grain Corn,No,No,1779.0,5454.0,NY131,A,1.0,6798.0,0.0,14.0,63.0,23.0,0.0,2023-05-23,2023-05-16,0.0025,43.275,59.0625,74.825,0.006,42.31333333333334,56.60666666666667,70.9,22,21,SMI_CRO,2023-05-09,2023-05-02
240,2937,4113,R,Corn,10.0,0.0,0.0,0.0,0,0.0,0.0,0.0,0.0,,deli cup,2023-05-15,SMI_HOF,SMI_HOF,Silage Corn,Yes,No,2224.0,4108.0,NY134,A,1.0,6801.0,58.0,27.0,0.0,15.0,0.0,2023-05-08,2023-05-01,0.01875,39.025,54.449999999999996,69.875,0.25266666666666665,38.593333333333334,50.86,63.126666666666665,20,19,SMI_HOF,2023-05-18,2023-05-11
241,2952,4100,R,Corn,10.0,0.0,0.0,0.0,0,0.0,0.0,0.0,0.0,,deli cup,2023-05-16,LET_NOB,LET_NOB,Silage Corn,Yes,Yes,1538.0,5653.0,NY128,B,2.0,6795.0,0.0,90.0,6.0,4.0,0.0,2023-05-09,2023-05-02,0.0,44.9125,56.5125,68.0875,0.05733333333333333,41.56666666666667,51.79333333333333,62.013333333333335,20,19,,,
242,2982,4089,R,Corn,7.0,0.0,0.0,0.0,0,0.0,0.0,0.0,0.0,,deli cup,2023-05-15,STA_WIL,STA_WIL,Silage Corn,Yes,No,1515.0,5592.0,NY128,B,2.0,6795.0,0.0,90.0,6.0,4.0,0.0,2023-05-08,2023-05-01,0.03875,45.725,57.475,69.1875,0.10733333333333332,42.626666666666665,52.4,62.15333333333333,20,19,STA_WIL,2023-05-30,2023-05-23
243,2994,4105,R,Corn,7.0,0.0,0.0,0.0,0,0.0,0.0,0.0,0.0,,deli cup,2023-05-15,SMI_MCC,SMI_MCC,Soybean,No,No,1401.0,3769.0,NY142,D,4.0,6809.0,0.0,34.0,31.0,35.0,0.0,2023-05-08,2023-05-01,0.00625,38.75,53.2125,67.7125,0.14733333333333334,37.94666666666667,49.373333333333335,60.82666666666667,20,19,SMI_MCC,2023-05-15,2023-05-08
244,2997,4091,R,Corn,8.0,0.0,0.0,0.0,0,1.0,0.0,0.0,0.0,,deli cup,2023-05-16,STA_COL,STA_COL,Silage Corn,Yes,Yes,1264.0,5575.0,NY138,C,3.0,6805.0,0.0,11.0,63.0,26.0,0.0,2023-05-09,2023-05-02,0.0,45.4875,56.7125,67.95,0.04933333333333333,42.71333333333334,52.54666666666667,62.373333333333335,20,19,STA_COL,2023-05-30,2023-05-23
245,3027,4082,R,Corn,10.0,0.0,1.0,0.0,0,0.0,0.0,0.0,0.0,,deli cup,2023-05-15,SMI_HOL,SMI_HOL,Grain Corn,No,No,1779.0,5454.0,NY131,A,1.0,6798.0,0.0,14.0,63.0,23.0,0.0,2023-05-08,2023-05-01,0.0025,44.4625,58.8,73.1875,0.10400000000000001,43.14,54.62,66.13333333333334,20,19,SMI_HOL,2023-05-24,2023-05-17
246,3078,4092,R,Corn,10.0,0.0,1.0,0.0,0,0.0,0.0,0.0,0.0,,deli cup,2023-05-15,SMI_COB,SMI_COB,Silage Corn,Yes,No,2029.0,3921.0,NY099,A,1.0,6767.0,54.0,28.0,6.0,12.0,0.0,2023-05-08,2023-05-01,0.00875,40.25,55.2125,70.2125,0.12333333333333334,39.38666666666666,51.17333333333333,62.980000000000004,20,19,SMI_COB,2023-05-13,2023-05-06
247,3159,4914,R,Corn,10.0,0.0,2.0,0.0,0,0.0,0.0,0.0,0.0,,deli cup,2023-05-31,SMI_JOH,SMI_JOH,Wheat,No,Yes,1483.0,5475.0,NY134,A,1.0,6801.0,58.0,27.0,0.0,15.0,0.0,2023-05-24,2023-05-17,0.00875,46.05,60.449999999999996,74.85,0.018000000000000002,44.39333333333333,57.71333333333334,71.02666666666667,22,21,SMI_JOH,2023-05-13,2023-05-06
248,3189,4921,R,Corn,10.0,0.0,2.0,0.0,0,0.0,0.0,0.0,0.0,,deli cup,2023-06-01,LET_NOB,LET_NOB,Silage Corn,Yes,Yes,1538.0,5653.0,NY128,B,2.0,6795.0,0.0,90.0,6.0,4.0,0.0,2023-05-25,2023-05-18,0.0,47.1,60.699999999999996,74.275,0.05533333333333333,45.96,58.16,70.34666666666666,22,21,,,
249,3240,4281,R,Corn,9.0,0.0,0.0,0.0,0,0.0,0.0,0.0,0.0,,deli cup,2023-05-25,ZUE_REE,ZUE_REE,,,,1847.0,4084.0,NY131,A,1.0,6798.0,0.0,14.0,63.0,23.0,0.0,2023-05-18,2023-05-11,0.095,44.825,55.725,66.6125,0.050666666666666665,45.55333333333333,57.233333333333334,68.92,21,20,,,
250,3249,4277,R,Corn,10.0,0.0,0.0,0.0,0,0.0,0.0,0.0,0.0,,deli cup,2023-05-25,DIP_PAT,DIP_PAT,Silage Corn,Yes,Yes,1577.0,5558.0,NY131,A,1.0,6798.0,0.0,14.0,63.0,23.0,0.0,2023-05-18,2023-05-11,0.04375,44.125,56.1,68.05,0.02333333333333333,44.15333333333333,57.11333333333334,70.06,21,20,DIP_PAT,2023-05-11,2023-05-04
251,3363,4083,R,Corn,10.0,0.0,0.0,0.0,0,0.0,0.0,0.0,0.0,,deli cup,2023-05-15,SMI_JOH,SMI_JOH,Wheat,No,Yes,1483.0,5475.0,NY134,A,1.0,6801.0,58.0,27.0,0.0,15.0,0.0,2023-05-08,2023-05-01,0.0125,42.4125,55.4625,68.55,0.14400000000000002,41.093333333333334,51.55333333333333,62.026666666666664,20,19,SMI_JOH,2023-05-13,2023-05-06
252,3366,4084,R,Corn,10.0,0.0,0.0,0.0,0,0.0,0.0,0.0,0.0,,deli cup,2023-05-15,STA_HEM,STA_HEM,Silage Corn,Yes,Yes,1686.0,5631.0,NY128,B,2.0,6795.0,0.0,90.0,6.0,4.0,0.0,2023-05-08,2023-05-01,0.02875,45.1875,56.85,68.525,0.09933333333333333,42.06666666666667,51.766666666666666,61.486666666666665,20,19,STA_HEM,2023-05-15,2023-05-08
253,3390,4934,R,Corn,10.0,0.0,0.0,0.0,0,0.0,0.0,0.0,0.0,,deli cup,2023-05-30,SMI_KEL,SMI_KEL,Silage Corn,Yes,Yes,1659.0,5444.0,NY007,C,3.0,6681.0,0.0,40.0,48.0,12.0,0.0,2023-05-23,2023-05-16,0.0,44.2375,59.9125,75.6125,0.005333333333333333,43.32666666666667,57.480000000000004,71.66000000000001,22,21,,,
254,3402,4915,R,Corn,10.0,0.0,0.0,0.0,0,0.0,0.0,0.0,0.0,,deli cup,2023-05-31,SMI_LAT,SMI_LAT,Silage Corn,Yes,Yes,2103.0,4062.0,NY125,B,2.0,6792.0,15.0,56.0,29.0,0.0,0.0,2023-05-24,2023-05-17,0.0025,41.5375,59.2375,76.975,0.006000000000000001,40.32,56.519999999999996,72.76,22,21,SMI_LAT,2023-05-17,2023-05-10
255,3417,4801,R,Corn,10.0,0.0,0.0,0.0,0,0.0,0.0,0.0,0.0,,deli cup,2023-05-26,MIL_CHA,MIL_CHA,Silage Corn,No,Yes,1559.0,5483.0,NY128,B,2.0,6795.0,0.0,90.0,6.0,4.0,0.0,2023-05-19,2023-05-12,0.03375,43.875,55.85,67.825,0.018000000000000002,41.94666666666667,54.70666666666667,67.46,21,20,,,
256,3423,4829,R,Corn,10.0,0.0,3.0,0.0,0,0.0,0.0,0.0,0.0,,deli cup,2023-05-31,STA_HEM_2,STA_HEM_2,Grain Corn,Yes,Yes,1686.0,5631.0,NY128,B,2.0,6795.0,0.0,90.0,6.0,4.0,0.0,2023-05-24,2023-05-17,0.00375,47.1,60.0125,72.925,0.062000000000000006,45.4,57.39333333333333,69.38000000000001,22,21,STA_HEM_2,2023-05-15,2023-05-08
257,3459,4924,R,Corn,10.0,0.0,0.0,0.0,0,0.0,0.0,0.0,0.0,,deli cup,2023-05-31,SMI_CAN,SMI_CAN,Silage Corn,No,Yes,1511.0,5436.0,NY128,B,2.0,6795.0,0.0,90.0,6.0,4.0,0.0,2023-05-24,2023-05-17,0.0025,40.4875,56.875,73.225,0.007333333333333333,39.093333333333334,54.06666666666667,69.03333333333333,22,21,,,
258,3462,4925,R,Corn,10.0,0.0,0.0,0.0,0,0.0,0.0,0.0,0.0,,deli cup,2023-05-31,SMI_JOH_2,SMI_JOH_2,Wheat,Yes,No,1477.0,5478.0,NY142,D,4.0,6809.0,0.0,34.0,31.0,35.0,0.0,2023-05-24,2023-05-17,0.01375,47.25,61.387499999999996,75.5125,0.022000000000000002,45.54,58.733333333333334,71.91333333333334,22,21,,,
259,3600,5009,R,Corn,6.0,0.0,0.0,0.0,0,0.0,0.0,0.0,0.0,,deli cup,2023-05-31,WIS_COO_2,WIS_COO_2,Silage Corn,No,No,2914.0,4436.0,NY149,A,1.0,6816.0,71.0,12.0,11.0,6.0,0.0,2023-05-24,2023-05-17,0.0075,42.7875,58.1875,73.6,0.05466666666666667,42.34666666666667,56.31333333333334,70.30666666666666,22,21,,,
260,3603,5013,R,Corn,6.0,0.0,0.0,0.0,0,0.0,0.0,0.0,0.0,,deli cup,2023-05-31,WIS_KEN,WIS_KEN,Grain Corn,Yes,No,2904.0,5799.0,NY062,C,3.0,6734.0,6.0,0.0,90.0,4.0,0.0,2023-05-24,2023-05-17,0.0,45.025,60.8625,76.725,0.038,44.67333333333333,58.99333333333333,73.32,22,21,,,
261,3609,4916,R,Corn,9.0,0.0,0.0,0.0,0,0.0,0.0,0.0,0.0,,deli cup,2023-05-30,SMI_HOL,SMI_HOL,Grain Corn,No,No,1779.0,5454.0,NY131,A,1.0,6798.0,0.0,14.0,63.0,23.0,0.0,2023-05-23,2023-05-16,0.0025,45.8375,61.2375,76.65,0.004666666666666667,45.626666666666665,59.166666666666664,72.68666666666667,22,21,SMI_HOL,2023-05-24,2023-05-17
262,3612,4928,R,Corn,10.0,0.0,0.0,0.0,0,0.0,0.0,0.0,0.0,,deli cup,2023-05-31,SMI_DUR,SMI_DUR,Silage Corn,Yes,Yes,1488.0,5493.0,NY142,D,4.0,6809.0,0.0,34.0,31.0,35.0,0.0,2023-05-24,2023-05-17,0.015,48.175,61.925,75.675,0.024666666666666667,46.346666666666664,59.28666666666666,72.22666666666667,22,21,,,
263,3825,4549,R,Corn,10.0,0.0,0.0,0.0,0,0.0,0.0,0.0,0.0,,deli cup,2023-05-26,SMI_LAT,SMI_LAT,Silage Corn,Yes,Yes,2103.0,4062.0,NY125,B,2.0,6792.0,15.0,56.0,29.0,0.0,0.0,2023-05-19,2023-05-12,0.011250000000000001,40.9,55.5375,70.225,0.006000000000000001,38.68666666666666,54.39333333333333,70.13333333333334,21,20,SMI_LAT,2023-05-17,2023-05-10
264,3927,4802,R,Corn,10.0,0.0,0.0,0.0,0,0.0,0.0,0.0,0.0,,deli cup,2023-05-26,MIL_YOD,MIL_YOD,Soybean,Yes,Yes,1559.0,5483.0,NY128,B,2.0,6795.0,0.0,90.0,6.0,4.0,0.0,2023-05-19,2023-05-12,0.0325,41.8375,54.6,67.33749999999999,0.017333333333333333,40.17333333333333,53.55333333333333,66.94,21,20,,,
265,3945,4799,R,Corn,10.0,0.0,3.0,0.0,0,0.0,0.0,0.0,0.0,,deli cup,2023-05-26,MIL_MCC,MIL_MCC,Soybean,No,Yes,1596.0,5481.0,NY012,B,2.0,6685.0,0.0,88.0,9.0,3.0,0.0,2023-05-19,2023-05-12,0.025,42.5375,55.1375,67.775,0.013333333333333334,40.580000000000005,54.00666666666667,67.44,21,20,,,
266,4239,4922,R,Corn,10.0,0.0,0.0,0.0,0,0.0,0.0,0.0,0.0,,deli cup,2023-05-30,SMI_MCC,SMI_MCC,Soybean,No,No,1401.0,3769.0,NY142,D,4.0,6809.0,0.0,34.0,31.0,35.0,0.0,2023-05-23,2023-05-16,0.0025,41.2625,56.5625,71.8375,0.014000000000000002,39.93333333333333,54.086666666666666,68.24,22,21,SMI_MCC,2023-05-15,2023-05-08
267,4290,4933,R,Corn,10.0,0.0,0.0,0.0,0,0.0,0.0,0.0,0.0,,deli cup,2023-05-30,SMI_DOU,SMI_DOU,Soybean,No,Yes,1349.0,3760.0,NY007,C,3.0,6681.0,0.0,40.0,48.0,12.0,0.0,2023-05-23,2023-05-16,0.00125,44.0375,59.550000000000004,75.05,0.008666666666666666,43.026666666666664,57.120000000000005,71.22666666666667,22,21,SMI_DOU,2023-05-10,2023-05-03
268,4329,5008,R,Corn,10.0,0.0,0.0,0.0,0,0.0,0.0,0.0,0.0,,deli cup,2023-06-02,WIS_MEG,WIS_MEG,Sweet Corn,No,No,2850.0,5739.0,NY149,A,1.0,6816.0,71.0,12.0,11.0,6.0,0.0,2023-05-26,2023-05-19,0.0,46.4375,62.9375,79.4875,0.04066666666666667,45.519999999999996,60.559999999999995,75.61999999999999,22,21,,,
269,4359,4548,R,Corn,10.0,0.0,0.0,0.0,0,0.0,0.0,0.0,0.0,,deli cup,2023-05-26,SMI_LAT,SMI_LAT,Silage Corn,Yes,Yes,2103.0,4062.0,NY125,B,2.0,6792.0,15.0,56.0,29.0,0.0,0.0,2023-05-19,2023-05-12,0.011250000000000001,40.9,55.5375,70.225,0.006000000000000001,38.68666666666666,54.39333333333333,70.13333333333334,21,20,SMI_LAT,2023-05-17,2023-05-10
270,4677,4783,R,Corn,10.0,0.0,0.0,0.0,0,0.0,0.0,0.0,0.0,,deli cup,2023-06-02,DIP_CUR,DIP_CUR,Silage Corn,Yes,No,2085.0,5669.0,NY134,A,1.0,6801.0,58.0,27.0,0.0,15.0,0.0,2023-05-26,2023-05-19,0.0,46.1,60.9625,75.825,0.006,44.89333333333333,58.526666666666664,72.2,22,21,DIP_CUR,2023-05-19,2023-05-12
271,4686,4552,R,Corn,10.0,0.0,0.0,0.0,0,0.0,0.0,0.0,0.0,,deli cup,2023-05-26,GAB_STE,GAB_STE,Silage Corn,No,Yes,1376.0,5311.0,NY084,A,1.0,6752.0,62.0,23.0,13.0,2.0,0.0,2023-05-19,2023-05-12,0.04625,43.9375,57.5,71.05,0.027333333333333334,43.486666666666665,57.68,71.89333333333335,21,20,GAB_STE,2023-05-23,2023-05-16
272,4689,4827,R,Corn,10.0,0.0,0.0,0.0,0,0.0,0.0,0.0,0.0,,deli cup,2023-05-31,STA_HEM,STA_HEM,Silage Corn,Yes,Yes,1686.0,5631.0,NY128,B,2.0,6795.0,0.0,90.0,6.0,4.0,0.0,2023-05-24,2023-05-17,0.00375,46.65,59.8125,72.975,0.06266666666666668,45.12,57.28,69.44666666666667,22,21,STA_HEM,2023-05-15,2023-05-08
273,4710,4785,R,Corn,9.0,0.0,0.0,0.0,0,0.0,0.0,0.0,0.0,,deli cup,2023-05-26,STA_SWE,STA_SWE,Silage Corn,Yes,,1807.0,5694.0,NY093,B,2.0,6761.0,5.0,59.0,2.0,34.0,0.0,2023-05-19,2023-05-12,0.09625,43.7375,55.1875,66.6375,0.051333333333333335,43.306666666666665,55.04,66.76,21,20,,,
274,4716,4908,R,Corn,10.0,0.0,0.0,0.0,0,0.0,0.0,0.0,0.0,,deli cup,2023-05-31,SMI_HOF,SMI_HOF,Silage Corn,Yes,No,2224.0,4108.0,NY134,A,1.0,6801.0,58.0,27.0,0.0,15.0,0.0,2023-05-24,2023-05-17,0.0,42.7625,59.5,76.2625,0.0033333333333333335,41.2,56.626666666666665,72.05333333333333,22,21,SMI_HOF,2023-05-18,2023-05-11
275,4725,5012,R,Corn,10.0,0.0,1.0,0.0,0,0.0,0.0,0.0,0.0,,deli cup,2023-05-31,WIS_COO,WIS_COO,Silage Corn Strip Cropped With Alfalfa,No,Yes,,,,,,,,,,,,2023-05-24,2023-05-17,0.00375,43.05,58.25,73.4625,0.05266666666666667,42.42666666666666,56.21333333333334,70.01333333333334,22,21,,,
276,4734,4910,R,Corn,10.0,0.0,0.0,0.0,0,0.0,0.0,0.0,0.0,,deli cup,2023-05-30,SMI_COB,SMI_COB,Silage Corn,Yes,No,2029.0,3921.0,NY099,A,1.0,6767.0,54.0,28.0,6.0,12.0,0.0,2023-05-23,2023-05-16,0.02,42.3375,58.45,74.525,0.012,41.586666666666666,56.04666666666667,70.49333333333334,22,21,SMI_COB,2023-05-13,2023-05-06
277,5013,5108,R,Corn,10.0,0.0,0.0,0.0,0,0.0,0.0,0.0,0.0,,deli cup,2023-06-13,STA_WIL,STA_WIL,Silage Corn,Yes,No,1515.0,5592.0,NY128,B,2.0,6795.0,0.0,90.0,6.0,4.0,0.0,2023-06-06,2023-05-30,0.29625,53.9,62.0625,70.2125,0.158,53.92666666666666,64.22,74.50666666666666,24,23,STA_WIL,2023-05-30,2023-05-23
278,5019,5111,R,Corn,10.0,0.0,0.0,0.0,0,0.0,0.0,0.0,0.0,,deli cup,2023-06-14,SMI_HOF,SMI_HOF,Silage Corn,Yes,No,2224.0,4108.0,NY134,A,1.0,6801.0,58.0,27.0,0.0,15.0,0.0,2023-06-07,2023-05-31,0.1725,48.3375,58.925,69.55,0.09466666666666666,48.18,61.373333333333335,74.59333333333333,24,23,SMI_HOF,2023-05-18,2023-05-11
279,5037,5118,R,Corn,10.0,0.0,1.0,0.0,0,0.0,0.0,0.0,0.0,,deli cup,2023-06-12,SMI_HOL,SMI_HOL,Grain Corn,No,No,1779.0,5454.0,NY131,A,1.0,6798.0,0.0,14.0,63.0,23.0,0.0,2023-06-05,2023-05-29,0.04125,49.65,59.825,70.0,0.030000000000000002,51.07333333333334,63.84666666666667,76.63333333333334,24,23,SMI_HOL,2023-05-24,2023-05-17
280,5046,5096,R,Corn,10.0,0.0,0.0,0.0,0,0.0,0.0,0.0,0.0,,deli cup,2023-06-09,MIL_YOD,MIL_YOD,Soybean,Yes,Yes,1559.0,5483.0,NY128,B,2.0,6795.0,0.0,90.0,6.0,4.0,0.0,2023-06-02,2023-05-26,0.04125,46.525,58.925,71.2875,0.022000000000000002,45.82666666666667,59.62,73.37333333333332,23,22,,,
281,5067,5099,R,Corn,12.0,0.0,0.0,0.0,0,0.0,0.0,0.0,0.0,,deli cup,2023-06-09,MIL_CHA,MIL_CHA,Silage Corn,No,Yes,1559.0,5483.0,NY128,B,2.0,6795.0,0.0,90.0,6.0,4.0,0.0,2023-06-02,2023-05-26,0.06625,47.525,59.65,71.7625,0.035333333333333335,46.980000000000004,60.4,73.82666666666665,23,22,,,
282,5070,5104,R,Corn,10.0,0.0,0.0,0.0,0,0.0,0.0,0.0,0.0,,deli cup,2023-06-13,STA_COL,STA_COL,Silage Corn,Yes,Yes,1264.0,5575.0,NY138,C,3.0,6805.0,0.0,11.0,63.0,26.0,0.0,2023-06-06,2023-05-30,0.11750000000000001,53.125,61.4375,69.7375,0.06266666666666668,53.019999999999996,63.46,73.89333333333335,24,23,STA_COL,2023-05-30,2023-05-23
283,5085,5100,R,Corn,10.0,0.0,0.0,0.0,0,0.0,0.0,0.0,0.0,,deli cup,2023-06-09,MIL_MCC,MIL_MCC,Soybean,No,Yes,1596.0,5481.0,NY012,B,2.0,6685.0,0.0,88.0,9.0,3.0,0.0,2023-06-02,2023-05-26,0.0775,45.5375,58.8125,72.1,0.04133333333333333,45.14,59.61333333333334,74.11333333333333,23,22,,,
284,5097,5114,R,Corn,10.0,0.0,0.0,0.0,0,0.0,0.0,0.0,0.0,,deli cup,2023-06-12,SMI_KEL,SMI_KEL,Silage Corn,Yes,Yes,1659.0,5444.0,NY007,C,3.0,6681.0,0.0,40.0,48.0,12.0,0.0,2023-06-05,2023-05-29,0.03,48.075,58.5875,69.0875,0.068,49.49333333333333,62.82,76.16666666666667,24,23,,,
285,5103,5116,R,Corn,10.0,0.0,0.0,0.0,0,0.0,0.0,0.0,0.0,,deli cup,2023-06-13,SMI_JOH_2,SMI_JOH_2,Wheat,Yes,No,1477.0,5478.0,NY142,D,4.0,6809.0,0.0,34.0,31.0,35.0,0.0,2023-06-06,2023-05-30,0.18875,51.2625,60.95,70.575,0.10066666666666667,52.373333333333335,64.44,76.48,24,23,,,
286,5184,5033,R,Corn,10.0,0.0,3.0,0.0,0,0.0,0.0,0.0,1.0,,deli cup,2023-06-06,DIP_FLE,DIP_FLE,Silage Corn,Yes,No,2190.0,4201.0,NY131,A,1.0,6798.0,0.0,14.0,63.0,23.0,0.0,2023-05-30,2023-05-23,0.00625,52.2875,65.9875,79.6875,0.0033333333333333335,47.64666666666667,61.55333333333333,75.46666666666667,23,22,DIP_FLE,2023-05-23,2023-05-16
287,5433,5110,R,Corn,10.0,0.0,0.0,0.0,0,1.0,0.0,0.0,0.0,,deli cup,2023-06-12,SMI_CAN,SMI_CAN,Silage Corn,No,Yes,1511.0,5436.0,NY128,B,2.0,6795.0,0.0,90.0,6.0,4.0,0.0,2023-06-05,2023-05-29,0.05375,44.0,54.325,64.6625,0.06533333333333334,45.28666666666666,58.75333333333333,72.24,24,23,,,
