,record_id,week,count,date,max_temp_f,min_temp_f,ave_temp_f,rain_inches,max_temp_c,min_temp_c,ave_temp_c
0,DEG_DIE_100,17,100.0,2022-04-20,45.57142857142857,30.142857142857142,37.857142857142854,0.21285714285714286,7.542857142857143,-1.0285714285714285,3.2714285714285714
1,DEG_DIE_ERSWC,17,80.0,2022-04-20,44.714285714285715,29.714285714285715,37.214285714285715,0.29714285714285715,7.057142857142857,-1.2571428571428573,2.914285714285714
2,DEG_DIE_SH,17,64.0,2022-04-20,44.285714285714285,29.142857142857142,36.714285714285715,0.31,6.814285714285715,-1.5857142857142859,2.6285714285714286
3,DEG_EVA_PGREEN,17,7.0,2022-04-20,45.0,29.714285714285715,37.357142857142854,0.25,7.228571428571429,-1.2571428571428573,2.9857142857142853
4,DEG_FES_OVO4,17,25.0,2022-04-20,48.285714285714285,32.0,40.142857142857146,0.18142857142857144,9.042857142857143,6.344131569286608e-17,4.514285714285714
5,DEG_FOU_ELM,17,362.0,2022-04-20,46.0,30.857142857142858,38.42857142857143,0.20142857142857146,7.771428571428572,-0.6285714285714287,3.5714285714285716
7,DEG_MCM_CH,17,53.0,2022-04-20,45.857142857142854,30.714285714285715,38.285714285714285,0.27714285714285714,7.7,-0.7142857142857143,3.4857142857142853
8,DEG_MCM_W7,17,86.0,2022-04-20,44.857142857142854,30.0,37.42857142857143,0.26142857142857145,7.1571428571428575,-1.1142857142857143,3.0285714285714285
9,DEG_STR_1,17,48.0,2022-04-20,43.285714285714285,29.428571428571427,36.357142857142854,0.32285714285714284,6.271428571428572,-1.4142857142857144,2.414285714285714
11,GAB_ALL,17,29.0,2022-04-20,54.42857142857143,30.571428571428573,42.5,0.23714285714285713,12.471428571428572,-0.7857142857142857,5.828571428571428
14,GAB_HER,17,13.0,2022-04-20,53.57142857142857,30.428571428571427,42.0,0.24571428571428572,11.957142857142857,-0.8571428571428571,5.542857142857143
15,GAB_JON,17,24.0,2022-04-20,53.714285714285715,32.857142857142854,43.285714285714285,0.20857142857142857,12.057142857142859,0.47142857142857153,6.271428571428571
16,GAB_KUK,17,39.0,2022-04-20,54.57142857142857,32.0,43.285714285714285,0.30428571428571427,12.557142857142859,0.0,6.271428571428571
17,GAB_OOM,17,125.0,2022-04-20,54.57142857142857,30.714285714285715,42.642857142857146,0.21428571428571427,12.542857142857143,-0.7000000000000001,5.914285714285714
20,GAB_STO,17,48.0,2022-04-20,55.0,32.142857142857146,43.57142857142857,0.25999999999999995,12.799999999999999,0.0714285714285715,6.414285714285714
22,MIL_CHA,17,39.0,2022-04-20,47.857142857142854,29.714285714285715,38.785714285714285,0.2642857142857143,8.814285714285715,-1.2857142857142858,3.757142857142857
23,MIL_MCC,17,59.0,2022-04-20,48.857142857142854,31.857142857142858,40.357142857142854,0.16142857142857145,9.357142857142858,-0.07142857142857138,4.628571428571428
24,MIL_YOD,17,86.0,2022-04-20,46.57142857142857,29.714285714285715,38.142857142857146,0.24142857142857146,8.1,-1.2714285714285716,3.414285714285714
25,MUL_LET,17,38.0,2022-04-20,49.42857142857143,31.714285714285715,40.57142857142857,0.055714285714285716,9.671428571428573,-0.142857142857143,4.757142857142857
35,POV_DUN,17,8.0,2022-04-20,46.0,29.714285714285715,37.857142857142854,0.18857142857142858,7.785714285714286,-1.2714285714285716,3.242857142857143
49,STA_LOT,17,43.0,2022-04-20,49.857142857142854,32.57142857142857,41.214285714285715,0.0842857142857143,9.914285714285715,0.31428571428571433,5.1000000000000005
50,STA_PAD,17,55.0,2022-04-20,49.285714285714285,33.42857142857143,41.357142857142854,0.06571428571428571,9.6,0.7999999999999999,5.185714285714285
57,ZUE_PED,17,53.0,2022-04-20,47.57142857142857,33.0,40.285714285714285,0.06714285714285714,8.642857142857142,0.5714285714285714,4.6000000000000005
58,ZUE_REE,17,27.0,2022-04-20,48.857142857142854,33.0,40.92857142857143,0.06857142857142857,9.37142857142857,0.5428571428571429,4.957142857142857
59,DEG_DIE_100,18,26.0,2022-04-27,56.42857142857143,36.714285714285715,46.57142857142857,0.01,13.585714285714285,2.642857142857143,8.1
60,DEG_DIE_ERSWC,18,1.0,2022-04-27,55.142857142857146,36.0,45.57142857142857,0.02,12.857142857142858,2.2142857142857144,7.542857142857144
61,DEG_DIE_SH,18,144.0,2022-04-27,54.57142857142857,35.857142857142854,45.214285714285715,0.022857142857142857,12.542857142857143,2.1428571428571432,7.357142857142857
62,DEG_EVA_PGREEN,18,7.0,2022-04-27,55.857142857142854,36.285714285714285,46.07142857142857,0.018571428571428572,13.257142857142856,2.385714285714286,7.828571428571428
63,DEG_FES_OVO4,18,61.0,2022-04-27,58.0,37.714285714285715,47.857142857142854,0.014285714285714287,14.442857142857141,3.1571428571428575,8.785714285714286
64,DEG_FOU_ELM,18,476.0,2022-04-27,56.857142857142854,36.57142857142857,46.714285714285715,0.011428571428571429,13.799999999999999,2.557142857142857,8.171428571428573
66,DEG_MCM_CH,18,68.0,2022-04-27,56.57142857142857,36.57142857142857,46.57142857142857,0.02428571428571429,13.657142857142857,2.557142857142857,8.114285714285714
67,DEG_MCM_W7,18,188.0,2022-04-27,55.0,36.285714285714285,45.642857142857146,0.018571428571428572,12.771428571428572,2.357142857142857,7.585714285714286
68,DEG_STR_1,18,34.0,2022-04-27,54.285714285714285,34.285714285714285,44.285714285714285,0.02,12.385714285714286,1.2571428571428573,6.8428571428571425
70,GAB_ALL,18,28.0,2022-04-27,59.714285714285715,38.42857142857143,49.07142857142857,0.04285714285714286,15.385714285714286,3.585714285714286,9.485714285714286
71,GAB_DEL,18,19.0,2022-04-27,59.142857142857146,38.142857142857146,48.642857142857146,0.04285714285714286,15.085714285714285,3.414285714285714,9.242857142857144
72,GAB_ELL,18,18.0,2022-04-27,60.0,38.714285714285715,49.357142857142854,0.047142857142857146,15.585714285714285,3.728571428571428,9.642857142857142
73,GAB_HER,18,7.0,2022-04-27,59.0,37.857142857142854,48.42857142857143,0.06142857142857143,14.985714285714286,3.257142857142857,9.128571428571428
74,GAB_JON,18,4.0,2022-04-27,58.142857142857146,39.57142857142857,48.857142857142854,0.054285714285714284,14.528571428571428,4.2,9.357142857142858
75,GAB_KUK,18,87.0,2022-04-27,59.142857142857146,38.857142857142854,49.0,0.04428571428571428,15.085714285714285,3.814285714285714,9.457142857142857
76,GAB_OOM,18,58.0,2022-04-27,59.714285714285715,37.714285714285715,48.714285714285715,0.05714285714285715,15.414285714285715,3.1714285714285713,9.299999999999999
77,GAB_PET,18,8.0,2022-04-27,60.714285714285715,37.57142857142857,49.142857142857146,0.025714285714285714,15.957142857142857,3.1,9.514285714285714
79,GAB_STO,18,44.0,2022-04-27,59.42857142857143,39.42857142857143,49.42857142857143,0.05714285714285715,15.228571428571428,4.114285714285715,9.685714285714285
80,GORHAM,18,24.0,2022-04-27,57.714285714285715,38.0,47.857142857142854,0.07142857142857142,14.271428571428572,3.3285714285714287,8.828571428571427
81,MIL_CHA,18,16.0,2022-04-27,57.42857142857143,35.285714285714285,46.357142857142854,0.024285714285714282,14.12857142857143,1.8142857142857143,7.971428571428571
82,MIL_MCC,18,33.0,2022-04-27,58.57142857142857,37.142857142857146,47.857142857142854,0.008571428571428572,14.771428571428572,2.8428571428571425,8.8
83,MIL_YOD,18,27.0,2022-04-27,56.42857142857143,34.714285714285715,45.57142857142857,0.012857142857142857,13.585714285714285,1.5000000000000002,7.542857142857143
84,MUL_LET,18,57.0,2022-04-27,59.714285714285715,37.0,48.357142857142854,0.11857142857142858,15.385714285714286,2.771428571428572,9.1
95,POW_LET,18,75.0,2022-04-27,62.0,38.714285714285715,50.357142857142854,0.16714285714285718,16.642857142857142,3.742857142857143,10.200000000000001
96,SEA_HOO_1,18,66.0,2022-04-27,59.857142857142854,38.714285714285715,49.285714285714285,0.014285714285714287,15.485714285714286,3.6999999999999997,9.62857142857143
97,SMI_CAN,18,4.0,2022-04-27,54.285714285714285,34.285714285714285,44.285714285714285,0.03428571428571429,12.37142857142857,1.2714285714285718,6.828571428571428
98,SMI_CRO,18,13.0,2022-04-27,58.857142857142854,36.0,47.42857142857143,0.015714285714285715,14.914285714285715,2.2142857142857144,8.557142857142857
99,SMI_DOU,18,19.0,2022-04-27,57.285714285714285,35.142857142857146,46.214285714285715,0.018571428571428572,14.042857142857143,1.7571428571428573,7.885714285714286
100,SMI_DUR,18,89.0,2022-04-27,58.57142857142857,36.42857142857143,47.5,0.014285714285714287,14.771428571428572,2.457142857142857,8.6
101,SMI_HOF,18,3.0,2022-04-27,57.857142857142854,35.0,46.42857142857143,0.03571428571428571,14.385714285714286,1.6714285714285715,8.014285714285714
103,SMI_JOH_1,18,24.0,2022-04-27,57.42857142857143,35.42857142857143,46.42857142857143,0.012857142857142857,14.114285714285714,1.9000000000000001,8.014285714285714
104,SMI_JOH_2,18,24.0,2022-04-27,58.42857142857143,36.142857142857146,47.285714285714285,0.021428571428571432,14.671428571428573,2.314285714285714,8.5
106,SMI_MCC,18,20.0,2022-04-27,55.285714285714285,34.57142857142857,44.92857142857143,0.022857142857142857,12.957142857142857,1.4285714285714286,7.171428571428572
107,STA_CRA,18,60.0,2022-04-27,57.714285714285715,39.285714285714285,48.5,0.10857142857142857,14.285714285714286,4.057142857142857,9.171428571428573
108,STA_LOT,18,21.0,2022-04-27,59.857142857142854,38.285714285714285,49.07142857142857,0.038571428571428576,15.457142857142857,3.5,9.485714285714286
109,STA_PAD,18,81.0,2022-04-27,60.42857142857143,39.0,49.714285714285715,0.15285714285714286,15.799999999999999,3.8857142857142857,9.842857142857143
110,WICKHAM,18,229.0,2022-04-27,57.57142857142857,38.142857142857146,47.857142857142854,0.11714285714285715,14.200000000000001,3.414285714285714,8.828571428571427
113,WIS_COO_2,18,86.0,2022-04-27,58.142857142857146,38.142857142857146,48.142857142857146,0.03571428571428571,14.542857142857143,3.4285714285714284,8.957142857142857
114,WIS_KEN,18,4.0,2022-04-27,61.0,38.42857142857143,49.714285714285715,0.03571428571428571,16.1,3.5857142857142854,9.842857142857143
116,ZUE_PED,18,46.0,2022-04-27,57.57142857142857,38.142857142857146,47.857142857142854,0.11714285714285715,14.200000000000001,3.414285714285714,8.828571428571427
117,ZUE_REE,18,57.0,2022-04-27,58.42857142857143,38.285714285714285,48.357142857142854,0.05142857142857143,14.685714285714285,3.4714285714285715,9.085714285714285
118,DEG_DIE_100,19,65.0,2022-05-04,60.285714285714285,42.142857142857146,51.214285714285715,0.05,15.714285714285714,5.628571428571428,10.685714285714285
119,DEG_DIE_ERSWC,19,2.0,2022-05-04,59.57142857142857,41.42857142857143,50.5,0.08714285714285715,15.314285714285715,5.242857142857143,10.285714285714286
120,DEG_DIE_SH,19,102.0,2022-05-04,59.714285714285715,41.285714285714285,50.5,0.09857142857142856,15.4,5.171428571428572,10.285714285714286
121,DEG_EVA_PGREEN,19,7.0,2022-05-04,60.0,41.285714285714285,50.642857142857146,0.06285714285714286,15.557142857142859,5.1571428571428575,10.357142857142858
122,DEG_FES_OVO4,19,68.0,2022-05-04,62.142857142857146,41.714285714285715,51.92857142857143,0.09285714285714285,16.757142857142856,5.385714285714286,11.057142857142859
123,DEG_FOU_ELM,19,140.0,2022-05-04,60.857142857142854,42.42857142857143,51.642857142857146,0.06571428571428571,16.02857142857143,5.785714285714286,10.914285714285715
125,DEG_MCM_CH,19,55.0,2022-05-04,60.57142857142857,41.714285714285715,51.142857142857146,0.07142857142857142,15.871428571428572,5.385714285714286,10.642857142857142
126,DEG_MCM_W7,19,30.0,2022-05-04,59.142857142857146,40.714285714285715,49.92857142857143,0.07428571428571429,15.071428571428571,4.8428571428571425,9.942857142857145
127,DEG_STR_1,19,16.0,2022-05-04,58.142857142857146,40.57142857142857,49.357142857142854,0.06999999999999999,14.528571428571428,4.757142857142857,9.62857142857143
129,GAB_ALL,19,8.0,2022-05-04,64.57142857142857,42.42857142857143,53.5,0.08571428571428572,18.085714285714285,5.8,11.928571428571429
130,GAB_DEL,19,17.0,2022-05-04,64.0,42.285714285714285,53.142857142857146,0.07428571428571429,17.785714285714285,5.714285714285714,11.757142857142856
131,GAB_ELL,19,7.0,2022-05-04,64.28571428571429,43.285714285714285,53.785714285714285,0.06571428571428571,17.942857142857143,6.257142857142857,12.114285714285714
132,GAB_HER,19,0.0,2022-05-04,63.142857142857146,42.714285714285715,52.92857142857143,0.07571428571428572,17.3,5.942857142857143,11.642857142857142
133,GAB_JON,19,3.0,2022-05-04,62.42857142857143,44.285714285714285,53.357142857142854,0.05142857142857143,16.914285714285715,6.814285714285715,11.857142857142858
134,GAB_KUK,19,23.0,2022-05-04,62.0,44.0,53.0,0.06857142857142857,16.657142857142855,6.671428571428572,11.685714285714285
135,GAB_OOM,19,3.0,2022-05-04,63.42857142857143,42.857142857142854,53.142857142857146,0.06999999999999999,17.442857142857143,6.042857142857143,11.757142857142856
136,GAB_PET,19,2.0,2022-05-04,64.85714285714286,42.285714285714285,53.57142857142857,0.09142857142857143,18.257142857142856,5.714285714285714,11.985714285714286
138,GAB_STO,19,15.0,2022-05-04,62.714285714285715,44.285714285714285,53.5,0.06857142857142857,17.071428571428573,6.8,11.942857142857141
139,GORHAM,19,98.0,2022-05-04,60.0,41.142857142857146,50.57142857142857,0.022857142857142857,15.557142857142859,5.1000000000000005,10.314285714285715
140,MIL_CHA,19,4.0,2022-05-04,62.285714285714285,40.57142857142857,51.42857142857143,0.09142857142857143,16.82857142857143,4.742857142857143,10.799999999999999
141,MIL_MCC,19,46.0,2022-05-04,61.857142857142854,40.714285714285715,51.285714285714285,0.09285714285714286,16.6,4.8428571428571425,10.700000000000001
142,MIL_YOD,19,9.0,2022-05-04,61.285714285714285,40.0,50.642857142857146,0.09428571428571428,16.271428571428572,4.428571428571429,10.37142857142857
143,MUL_LET,19,30.0,2022-05-04,60.142857142857146,37.857142857142854,49.0,0.08,15.62857142857143,3.242857142857143,9.428571428571429
144,ONE_ADO_1,19,125.0,2022-05-04,62.142857142857146,35.285714285714285,48.714285714285715,0.12857142857142856,16.771428571428572,1.8285714285714287,9.285714285714286
145,ONE_AKI_1,19,39.0,2022-05-04,62.714285714285715,34.57142857142857,48.642857142857146,0.10142857142857142,17.071428571428573,1.4428571428571428,9.242857142857144
146,ONE_CHA_1,19,80.0,2022-05-04,63.142857142857146,34.142857142857146,48.642857142857146,0.10714285714285714,17.32857142857143,1.1857142857142857,9.242857142857144
147,ONE_HUN_1,19,10.0,2022-05-04,61.714285714285715,35.142857142857146,48.42857142857143,0.11,16.514285714285712,1.742857142857143,9.114285714285716
148,ONE_MCK_1,19,42.0,2022-05-04,63.0,34.142857142857146,48.57142857142857,0.08714285714285715,17.228571428571428,1.1857142857142857,9.214285714285714
149,ONE_OAK_1,19,21.0,2022-05-04,64.85714285714286,36.142857142857146,50.5,0.08571428571428572,18.242857142857144,2.3000000000000003,10.271428571428572
150,ONE_ORT_1,19,24.0,2022-05-04,63.57142857142857,35.142857142857146,49.357142857142854,0.08285714285714285,17.557142857142857,1.7571428571428573,9.62857142857143
151,ONE_STA_1,19,99.0,2022-05-04,63.42857142857143,36.857142857142854,50.142857142857146,0.09285714285714286,17.442857142857143,2.6999999999999997,10.057142857142859
152,PAN_LET,19,71.0,2022-05-04,58.57142857142857,40.0,49.285714285714285,0.09142857142857143,14.771428571428572,4.442857142857143,9.6
153,POV_DUN,19,4.0,2022-05-04,59.857142857142854,39.714285714285715,49.785714285714285,0.0642857142857143,15.457142857142857,4.285714285714286,9.9
154,POW_LET,19,16.0,2022-05-04,62.714285714285715,42.42857142857143,52.57142857142857,0.05571428571428571,17.057142857142857,5.8,11.428571428571429
155,SEA_HOO_1,19,79.0,2022-05-04,62.0,41.142857142857146,51.57142857142857,0.037142857142857144,16.657142857142855,5.085714285714286,10.87142857142857
156,SMI_CAN,19,18.0,2022-05-04,58.714285714285715,38.285714285714285,48.5,0.12000000000000001,14.842857142857142,3.5,9.142857142857142
157,SMI_CRO,19,28.0,2022-05-04,62.285714285714285,40.42857142857143,51.357142857142854,0.07285714285714286,16.82857142857143,4.6571428571428575,10.742857142857144
158,SMI_DOU,19,98.0,2022-05-04,60.714285714285715,38.285714285714285,49.5,0.13428571428571429,15.957142857142857,3.4857142857142853,9.728571428571428
159,SMI_DUR,19,8.0,2022-05-04,64.14285714285714,40.857142857142854,52.5,0.11285714285714286,17.857142857142858,4.8999999999999995,11.385714285714286
160,SMI_HOF,19,37.0,2022-05-04,62.57142857142857,39.42857142857143,51.0,0.07571428571428572,17.0,4.128571428571428,10.542857142857143
161,SMI_HOL,19,1.0,2022-05-04,64.14285714285714,41.57142857142857,52.857142857142854,0.06142857142857143,17.857142857142858,5.314285714285715,11.585714285714285
162,SMI_JOH_1,19,8.0,2022-05-04,62.42857142857143,40.714285714285715,51.57142857142857,0.09428571428571428,16.9,4.828571428571428,10.885714285714286
163,SMI_JOH_2,19,15.0,2022-05-04,63.42857142857143,41.142857142857146,52.285714285714285,0.12000000000000001,17.47142857142857,5.071428571428571,11.285714285714286
164,SMI_KEL,19,1.0,2022-05-04,64.14285714285714,42.0,53.07142857142857,0.09714285714285716,17.842857142857145,5.542857142857143,11.714285714285714
165,SMI_MCC,19,11.0,2022-05-04,59.142857142857146,38.285714285714285,48.714285714285715,0.13999999999999999,15.085714285714285,3.4857142857142853,9.299999999999999
166,STA_CRA,19,27.0,2022-05-04,58.57142857142857,40.142857142857146,49.357142857142854,0.054285714285714284,14.757142857142858,4.5285714285714285,9.642857142857142
167,STA_LOT,19,10.0,2022-05-04,62.0,41.142857142857146,51.57142857142857,0.047142857142857146,16.657142857142855,5.085714285714286,10.857142857142858
168,STA_PAD,19,38.0,2022-05-04,61.0,40.42857142857143,50.714285714285715,0.054285714285714284,16.1,4.7,10.414285714285715
169,WICKHAM,19,95.0,2022-05-04,59.714285714285715,41.285714285714285,50.5,0.032857142857142856,15.385714285714286,5.171428571428572,10.285714285714286
172,WIS_COO_2,19,146.0,2022-05-04,60.142857142857146,43.142857142857146,51.642857142857146,0.07714285714285715,15.642857142857142,6.2,10.9
174,WIS_WAL,19,32.0,2022-05-04,61.42857142857143,43.57142857142857,52.5,0.10428571428571429,16.357142857142858,6.414285714285714,11.37142857142857
175,ZUE_PED,19,16.0,2022-05-04,59.714285714285715,41.285714285714285,50.5,0.032857142857142856,15.385714285714286,5.171428571428572,10.285714285714286
176,ZUE_REE,19,60.0,2022-05-04,61.142857142857146,41.714285714285715,51.42857142857143,0.027142857142857142,16.214285714285715,5.414285714285714,10.771428571428572
177,DEG_DIE_100,20,6.0,2022-05-11,72.57142857142857,40.714285714285715,56.642857142857146,0.0,22.542857142857144,4.828571428571428,13.700000000000001
178,DEG_DIE_ERSWC,20,38.0,2022-05-11,71.28571428571429,41.857142857142854,56.57142857142857,0.0,21.82857142857143,5.471428571428571,13.657142857142857
179,DEG_DIE_SH,20,6.0,2022-05-11,71.28571428571429,41.285714285714285,56.285714285714285,0.0,21.82857142857143,5.1571428571428575,13.5
180,DEG_EVA_PGREEN,20,6.0,2022-05-11,72.28571428571429,40.285714285714285,56.285714285714285,0.0,22.37142857142857,4.585714285714286,13.5
181,DEG_FES_OVO4,20,95.0,2022-05-11,74.85714285714286,44.0,59.42857142857143,0.0,23.8,6.6571428571428575,15.242857142857144
182,DEG_FOU_ELM,20,73.0,2022-05-11,73.42857142857143,41.42857142857143,57.42857142857143,0.0,23.014285714285712,5.228571428571429,14.114285714285714
184,DEG_MCM_CH,20,38.0,2022-05-11,73.14285714285714,42.142857142857146,57.642857142857146,0.0,22.857142857142858,5.614285714285715,14.242857142857144
185,DEG_MCM_W7,20,7.0,2022-05-11,71.28571428571429,43.0,57.142857142857146,0.0,21.82857142857143,6.128571428571428,13.971428571428572
186,DEG_STR_1,20,50.0,2022-05-11,70.0,43.42857142857143,56.714285714285715,0.0,21.114285714285717,6.357142857142857,13.728571428571428
187,EPN_TRIAL,20,58.0,2022-05-11,73.14285714285714,46.857142857142854,60.0,0.0,22.857142857142858,8.27142857142857,15.542857142857143
188,GAB_ALL,20,0.0,2022-05-11,76.28571428571429,41.0,58.642857142857146,0.0,24.614285714285717,5.0,14.8
189,GAB_DEL,20,10.0,2022-05-11,75.57142857142857,41.57142857142857,58.57142857142857,0.0,24.2,5.314285714285715,14.771428571428572
190,GAB_ELL,20,2.0,2022-05-11,75.85714285714286,41.42857142857143,58.642857142857146,0.0,24.357142857142858,5.242857142857143,14.828571428571431
191,GAB_HER,20,2.0,2022-05-11,75.0,41.857142857142854,58.42857142857143,0.0,23.87142857142857,5.485714285714286,14.685714285714287
192,GAB_JON,20,2.0,2022-05-11,72.71428571428571,44.57142857142857,58.642857142857146,0.0,22.62857142857143,6.985714285714287,14.799999999999999
193,GAB_KUK,20,3.0,2022-05-11,73.14285714285714,45.857142857142854,59.5,0.0,22.842857142857145,7.685714285714285,15.285714285714286
194,GAB_OOM,20,0.0,2022-05-11,74.85714285714286,42.0,58.42857142857143,0.0,23.785714285714285,5.557142857142858,14.700000000000001
195,GAB_PET,20,13.0,2022-05-11,76.0,40.142857142857146,58.07142857142857,0.0,24.442857142857143,4.528571428571429,14.485714285714286
197,GAB_STO,20,10.0,2022-05-11,73.85714285714286,45.0,59.42857142857143,0.0,23.25714285714286,7.242857142857143,15.242857142857144
198,GORHAM,20,64.0,2022-05-11,71.85714285714286,45.57142857142857,58.714285714285715,0.0,22.142857142857142,7.542857142857143,14.842857142857143
199,MIL_CHA,20,24.0,2022-05-11,75.28571428571429,40.857142857142854,58.07142857142857,0.0,24.04285714285714,4.914285714285714,14.485714285714286
200,MIL_MCC,20,58.0,2022-05-11,74.71428571428571,43.714285714285715,59.214285714285715,0.0,23.728571428571428,6.514285714285714,15.12857142857143
201,MIL_YOD,20,8.0,2022-05-11,74.0,43.0,58.5,0.0,23.32857142857143,6.114285714285714,14.714285714285714
202,MUL_LET,20,14.0,2022-05-11,72.85714285714286,40.42857142857143,56.642857142857146,0.0,22.685714285714287,4.685714285714285,13.714285714285714
203,ONE_ADO_1,20,44.0,2022-05-11,76.57142857142857,40.285714285714285,58.42857142857143,0.0,24.771428571428572,4.614285714285714,14.685714285714285
204,ONE_AKI_1,20,7.0,2022-05-11,76.42857142857143,40.42857142857143,58.42857142857143,0.0,24.685714285714287,4.671428571428572,14.685714285714287
205,ONE_CHA_1,20,12.0,2022-05-11,76.85714285714286,39.57142857142857,58.214285714285715,0.0,24.914285714285715,4.185714285714286,14.571428571428571
206,ONE_HUN_1,20,7.0,2022-05-11,76.42857142857143,41.0,58.714285714285715,0.0,24.685714285714287,5.0,14.842857142857143
207,ONE_MCK_1,20,6.0,2022-05-11,76.85714285714286,40.285714285714285,58.57142857142857,0.0,24.928571428571427,4.614285714285714,14.757142857142856
208,ONE_OAK_1,20,2.0,2022-05-11,79.0,40.142857142857146,59.57142857142857,0.0,26.12857142857143,4.542857142857143,15.328571428571427
209,ONE_ORT_1,20,3.0,2022-05-11,78.14285714285714,40.0,59.07142857142857,0.0,25.642857142857142,4.428571428571429,15.042857142857143
210,ONE_STA_1,20,7.0,2022-05-11,77.42857142857143,40.42857142857143,58.92857142857143,0.0,25.24285714285714,4.685714285714285,14.942857142857141
211,PAN_LET,20,25.0,2022-05-11,71.57142857142857,45.0,58.285714285714285,0.0,21.985714285714288,7.214285714285714,14.6
212,POV_DUN,20,1.0,2022-05-11,72.57142857142857,38.57142857142857,55.57142857142857,0.011428571428571429,22.52857142857143,3.6571428571428575,13.1
213,POW_LET,20,11.0,2022-05-11,76.28571428571429,44.285714285714285,60.285714285714285,0.0,24.599999999999998,6.814285714285715,15.728571428571428
214,SEA_HOO_1,20,19.0,2022-05-11,74.14285714285714,43.714285714285715,58.92857142857143,0.0,23.428571428571427,6.514285714285714,14.971428571428572
215,SMI_CAN,20,12.0,2022-05-11,70.14285714285714,37.42857142857143,53.785714285714285,0.0,21.2,3.014285714285714,12.114285714285714
216,SMI_CRO,20,44.0,2022-05-11,72.42857142857143,39.57142857142857,56.0,0.0,22.457142857142856,4.214285714285714,13.342857142857143
217,SMI_DOU,20,3.0,2022-05-11,72.85714285714286,39.57142857142857,56.214285714285715,0.0,22.7,4.2,13.457142857142857
218,SMI_DUR,20,3.0,2022-05-11,77.28571428571429,43.714285714285715,60.5,0.0,25.157142857142855,6.514285714285714,15.857142857142858
219,SMI_HOF,20,3.0,2022-05-11,74.42857142857143,37.142857142857146,55.785714285714285,0.0,23.571428571428573,2.857142857142857,13.228571428571428
220,SMI_HOL,20,0.0,2022-05-11,75.42857142857143,40.285714285714285,57.857142857142854,0.0,24.12857142857143,4.6000000000000005,14.357142857142858
221,SMI_JOH_1,20,0.0,2022-05-11,75.0,43.42857142857143,59.214285714285715,0.0,23.885714285714283,6.3428571428571425,15.12857142857143
222,SMI_JOH_2,20,7.0,2022-05-11,76.71428571428571,42.0,59.357142857142854,0.0,24.842857142857145,5.557142857142857,15.214285714285714
223,SMI_KEL,20,1.0,2022-05-11,75.28571428571429,40.714285714285715,58.0,0.0,24.02857142857143,4.828571428571428,14.428571428571429
224,SMI_MCC,20,3.0,2022-05-11,71.42857142857143,40.142857142857146,55.785714285714285,0.0,21.900000000000002,4.514285714285714,13.214285714285714
225,STA_CRA,20,9.0,2022-05-11,69.57142857142857,42.714285714285715,56.142857142857146,0.0,20.87142857142857,5.957142857142857,13.414285714285715
226,STA_LOT,20,0.0,2022-05-11,74.57142857142857,42.0,58.285714285714285,0.0,23.642857142857142,5.557142857142857,14.599999999999998
227,STA_PAD,20,2.0,2022-05-11,72.57142857142857,42.42857142857143,57.5,0.0,22.52857142857143,5.785714285714286,14.157142857142857
228,WICKHAM,20,3.0,2022-05-11,71.85714285714286,45.42857142857143,58.642857142857146,0.0,22.142857142857142,7.457142857142857,14.799999999999999
229,WIS_BRU,20,4.0,2022-05-11,73.14285714285714,47.142857142857146,60.142857142857146,0.0,22.857142857142858,8.428571428571429,15.614285714285714
230,WIS_COO_1,20,5.0,2022-05-11,69.0,47.0,58.0,0.0,20.557142857142857,8.342857142857143,14.457142857142857
231,WIS_COO_2,20,226.0,2022-05-11,70.71428571428571,47.0,58.857142857142854,0.0,21.5,8.342857142857143,14.914285714285715
232,WIS_KEN,20,24.0,2022-05-11,73.14285714285714,47.57142857142857,60.357142857142854,0.0,22.842857142857145,8.642857142857142,15.757142857142856
233,WIS_WAL,20,2.0,2022-05-11,70.71428571428571,46.285714285714285,58.5,0.0,21.52857142857143,7.957142857142857,14.728571428571428
234,ZUE_PED,20,20.0,2022-05-11,71.85714285714286,45.42857142857143,58.642857142857146,0.0,22.142857142857142,7.457142857142857,14.799999999999999
235,ZUE_REE,20,10.0,2022-05-11,73.14285714285714,44.42857142857143,58.785714285714285,0.0,22.87142857142857,6.914285714285714,14.87142857142857
236,DEG_DIE_100,21,25.0,2022-05-18,68.71428571428571,50.142857142857146,59.42857142857143,0.14,20.400000000000002,10.085714285714285,15.242857142857142
237,DEG_DIE_ERSWC,21,18.0,2022-05-18,68.28571428571429,50.0,59.142857142857146,0.2342857142857143,20.157142857142855,9.985714285714286,15.099999999999998
238,DEG_DIE_SH,21,21.0,2022-05-18,68.28571428571429,49.285714285714285,58.785714285714285,0.16142857142857145,20.157142857142855,9.614285714285714,14.885714285714286
239,DEG_EVA_PGREEN,21,15.0,2022-05-18,69.0,50.0,59.5,0.13,20.557142857142857,10.0,15.285714285714286
240,DEG_FES_OVO4,21,24.0,2022-05-18,70.28571428571429,51.857142857142854,61.07142857142857,0.10142857142857142,21.271428571428572,11.028571428571428,16.17142857142857
241,DEG_FOU_ELM,21,62.0,2022-05-18,69.42857142857143,51.42857142857143,60.42857142857143,0.10857142857142857,20.785714285714285,10.785714285714286,15.799999999999999
243,DEG_MCM_CH,21,20.0,2022-05-18,69.14285714285714,51.142857142857146,60.142857142857146,0.1642857142857143,20.62857142857143,10.642857142857142,15.642857142857142
244,DEG_MCM_W7,21,11.0,2022-05-18,67.42857142857143,50.142857142857146,58.785714285714285,0.14857142857142858,19.685714285714287,10.071428571428571,14.87142857142857
245,DEG_STR_1,21,33.0,2022-05-18,66.85714285714286,49.57142857142857,58.214285714285715,0.19714285714285715,19.357142857142858,9.785714285714286,14.571428571428571
246,EPN_TRIAL,21,526.0,2022-05-18,75.0,52.714285714285715,63.857142857142854,0.24714285714285714,23.885714285714283,11.514285714285714,17.685714285714287
247,GAB_ALL,21,15.0,2022-05-18,75.42857142857143,52.0,63.714285714285715,0.23571428571428574,24.12857142857143,11.114285714285714,17.6
248,GAB_DEL,21,37.0,2022-05-18,75.0,51.285714285714285,63.142857142857146,0.15285714285714286,23.900000000000002,10.728571428571428,17.314285714285713
249,GAB_ELL,21,42.0,2022-05-18,74.57142857142857,51.57142857142857,63.07142857142857,0.24857142857142858,23.657142857142855,10.87142857142857,17.25714285714286
250,GAB_HER,21,13.0,2022-05-18,74.42857142857143,51.285714285714285,62.857142857142854,0.24428571428571427,23.585714285714285,10.728571428571428,17.12857142857143
251,GAB_JON,21,24.0,2022-05-18,73.28571428571429,51.714285714285715,62.5,0.22571428571428573,22.928571428571427,10.942857142857141,16.942857142857143
252,GAB_KUK,21,7.0,2022-05-18,73.0,51.57142857142857,62.285714285714285,0.22428571428571428,22.785714285714285,10.87142857142857,16.82857142857143
253,GAB_OOM,21,25.0,2022-05-18,73.85714285714286,51.142857142857146,62.5,0.21857142857142858,23.24285714285714,10.62857142857143,16.942857142857143
254,GAB_PET,21,3.0,2022-05-18,74.14285714285714,51.42857142857143,62.785714285714285,0.26285714285714284,23.400000000000002,10.785714285714286,17.114285714285717
256,GAB_STO,21,164.0,2022-05-18,73.85714285714286,51.857142857142854,62.857142857142854,0.21999999999999997,23.24285714285714,11.028571428571428,17.142857142857142
257,GORHAM,21,16.0,2022-05-18,70.0,52.142857142857146,61.07142857142857,0.10285714285714286,21.11428571428571,11.200000000000001,16.142857142857142
258,MIL_CHA,21,3.0,2022-05-18,71.71428571428571,49.142857142857146,60.42857142857143,0.1157142857142857,22.042857142857144,9.528571428571428,15.785714285714286
259,MIL_MCC,21,9.0,2022-05-18,70.42857142857143,51.857142857142854,61.142857142857146,0.12000000000000001,21.357142857142858,11.028571428571428,16.185714285714287
260,MIL_YOD,21,10.0,2022-05-18,70.85714285714286,48.857142857142854,59.857142857142854,0.16142857142857142,21.599999999999998,9.37142857142857,15.471428571428572
261,MUL_LET,21,114.0,2022-05-18,71.71428571428571,49.857142857142854,60.785714285714285,0.07142857142857142,22.071428571428573,9.928571428571429,16.0
262,ONE_ADO_1,21,73.0,2022-05-18,71.57142857142857,46.285714285714285,58.92857142857143,0.43714285714285717,21.985714285714288,7.942857142857143,14.942857142857141
263,ONE_AKI_1,21,42.0,2022-05-18,71.42857142857143,46.42857142857143,58.92857142857143,0.39285714285714285,21.900000000000002,8.028571428571428,14.942857142857141
264,ONE_CHA_1,21,136.0,2022-05-18,71.85714285714286,47.57142857142857,59.714285714285715,0.41428571428571426,22.157142857142855,8.62857142857143,15.37142857142857
265,ONE_HUN_1,21,19.0,2022-05-18,71.42857142857143,45.857142857142854,58.642857142857146,0.51,21.914285714285715,7.685714285714285,14.785714285714286
266,ONE_MCK_1,21,27.0,2022-05-18,72.14285714285714,45.857142857142854,59.0,0.38571428571428573,22.300000000000004,7.7,15.014285714285714
267,ONE_OAK_1,21,12.0,2022-05-18,72.85714285714286,46.857142857142854,59.857142857142854,0.22999999999999998,22.685714285714287,8.242857142857144,15.457142857142856
268,ONE_ORT_1,21,93.0,2022-05-18,72.57142857142857,45.857142857142854,59.214285714285715,0.40285714285714286,22.52857142857143,7.685714285714286,15.1
269,ONE_STA_1,21,56.0,2022-05-18,72.28571428571429,47.142857142857146,59.714285714285715,0.3457142857142857,22.37142857142857,8.4,15.4
270,PAN_LET,21,16.0,2022-05-18,69.0,51.142857142857146,60.07142857142857,0.10857142857142857,20.571428571428573,10.642857142857142,15.599999999999998
271,POV_DUN,21,1.0,2022-05-18,69.0,50.285714285714285,59.642857142857146,0.11,20.557142857142857,10.142857142857142,15.342857142857143
272,POW_LET,21,43.0,2022-05-18,72.71428571428571,52.857142857142854,62.785714285714285,0.08857142857142856,22.614285714285717,11.585714285714285,17.085714285714285
273,SEA_HOO_1,21,42.0,2022-05-18,71.57142857142857,51.42857142857143,61.5,0.19571428571428573,21.97142857142857,10.799999999999999,16.414285714285715
274,SMI_CAN,21,48.0,2022-05-18,69.85714285714286,46.57142857142857,58.214285714285715,0.37714285714285717,21.02857142857143,8.1,14.571428571428571
275,SMI_CRO,21,20.0,2022-05-18,72.42857142857143,48.857142857142854,60.642857142857146,0.19142857142857142,22.457142857142856,9.37142857142857,15.928571428571429
276,SMI_DOU,21,31.0,2022-05-18,71.14285714285714,47.42857142857143,59.285714285714285,0.2871428571428571,21.728571428571428,8.571428571428571,15.157142857142857
277,SMI_DUR,21,52.0,2022-05-18,72.28571428571429,50.714285714285715,61.5,0.11571428571428573,22.37142857142857,10.4,16.385714285714286
278,SMI_HOF,21,21.0,2022-05-18,71.14285714285714,48.857142857142854,60.0,0.19714285714285712,21.75714285714286,9.357142857142858,15.571428571428571
279,SMI_HOL,21,13.0,2022-05-18,73.42857142857143,50.857142857142854,62.142857142857146,0.1542857142857143,23.014285714285712,10.485714285714286,16.728571428571428
280,SMI_JOH_1,21,24.0,2022-05-18,71.57142857142857,49.714285714285715,60.642857142857146,0.16142857142857142,21.985714285714288,9.842857142857143,15.914285714285715
281,SMI_JOH_2,21,21.0,2022-05-18,72.71428571428571,50.285714285714285,61.5,0.1257142857142857,22.642857142857142,10.157142857142858,16.4
282,SMI_KEL,21,6.0,2022-05-18,74.14285714285714,50.285714285714285,62.214285714285715,0.3242857142857143,23.428571428571427,10.171428571428573,16.771428571428572
283,SMI_MCC,21,7.0,2022-05-18,68.42857142857143,46.857142857142854,57.642857142857146,0.3628571428571429,20.228571428571428,8.257142857142858,14.257142857142856
284,STA_CRA,21,26.0,2022-05-18,68.85714285714286,52.142857142857146,60.5,0.07857142857142858,20.485714285714288,11.200000000000001,15.842857142857143
285,STA_LOT,21,23.0,2022-05-18,71.42857142857143,52.57142857142857,62.0,0.15142857142857144,21.914285714285715,11.428571428571429,16.657142857142855
286,STA_PAD,21,36.0,2022-05-18,71.85714285714286,53.57142857142857,62.714285714285715,0.08285714285714285,22.142857142857142,11.985714285714286,17.057142857142857
287,WICKHAM,21,35.0,2022-05-18,70.14285714285714,52.42857142857143,61.285714285714285,0.11857142857142858,21.185714285714283,11.357142857142858,16.271428571428572
288,WIS_BRU,21,17.0,2022-05-18,74.71428571428571,52.42857142857143,63.57142857142857,0.2942857142857143,23.74285714285714,11.342857142857143,17.52857142857143
289,WIS_COO_1,21,9.0,2022-05-18,70.57142857142857,50.714285714285715,60.642857142857146,0.2342857142857143,21.414285714285715,10.414285714285715,15.914285714285715
290,WIS_COO_2,21,128.0,2022-05-18,72.28571428571429,51.42857142857143,61.857142857142854,0.22571428571428573,22.385714285714283,10.785714285714286,16.585714285714285
291,WIS_KEN,21,41.0,2022-05-18,74.57142857142857,52.57142857142857,63.57142857142857,0.2914285714285714,23.657142857142855,11.428571428571429,17.52857142857143
292,WIS_WAL,21,20.0,2022-05-18,72.28571428571429,51.42857142857143,61.857142857142854,0.15857142857142856,22.400000000000002,10.785714285714286,16.585714285714285
293,ZUE_PED,21,91.0,2022-05-18,70.14285714285714,52.42857142857143,61.285714285714285,0.11857142857142858,21.185714285714283,11.357142857142858,16.271428571428572
294,ZUE_REE,21,45.0,2022-05-18,70.71428571428571,52.285714285714285,61.5,0.11142857142857143,21.514285714285712,11.271428571428572,16.4
295,DEG_DIE_100,22,145.0,2022-05-25,73.14285714285714,51.857142857142854,62.5,0.10857142857142857,22.857142857142858,11.042857142857143,16.942857142857143
296,DEG_DIE_ERSWC,22,114.0,2022-05-25,72.42857142857143,51.285714285714285,61.857142857142854,0.09714285714285713,22.457142857142856,10.700000000000001,16.6
297,DEG_DIE_SH,22,22.0,2022-05-25,72.14285714285714,51.0,61.57142857142857,0.09571428571428572,22.3,10.542857142857143,16.442857142857143
298,DEG_EVA_PGREEN,22,5.0,2022-05-25,72.85714285714286,51.714285714285715,62.285714285714285,0.09714285714285713,22.7,10.942857142857141,16.814285714285713
299,DEG_FES_OVO4,22,227.0,2022-05-25,75.14285714285714,52.42857142857143,63.785714285714285,0.0842857142857143,23.985714285714288,11.357142857142858,17.642857142857142
300,DEG_FOU_ELM,22,249.0,2022-05-25,73.42857142857143,52.285714285714285,62.857142857142854,0.047142857142857146,23.02857142857143,11.271428571428572,17.17142857142857
302,DEG_MCM_CH,22,97.0,2022-05-25,73.42857142857143,52.0,62.714285714285715,0.08,23.014285714285712,11.114285714285714,17.085714285714285
303,DEG_MCM_W7,22,51.0,2022-05-25,71.85714285714286,51.0,61.42857142857143,0.08571428571428572,22.142857142857142,10.557142857142859,16.357142857142858
304,DEG_STR_1,22,4.0,2022-05-25,71.14285714285714,50.42857142857143,60.785714285714285,0.1142857142857143,21.728571428571428,10.242857142857144,15.985714285714286
306,GAB_ALL,22,6.0,2022-05-25,79.71428571428571,55.142857142857146,67.42857142857143,0.022857142857142857,26.5,12.857142857142858,19.685714285714287
307,GAB_DEL,22,7.0,2022-05-25,79.14285714285714,54.857142857142854,67.0,0.12,26.2,12.700000000000001,19.442857142857143
308,GAB_ELL,22,38.0,2022-05-25,78.85714285714286,54.57142857142857,66.71428571428571,0.06714285714285714,26.014285714285712,12.528571428571428,19.285714285714285
309,GAB_HER,22,5.0,2022-05-25,78.71428571428571,54.42857142857143,66.57142857142857,0.12999999999999998,25.942857142857143,12.457142857142857,19.214285714285715
310,GAB_JON,22,3.0,2022-05-25,77.0,55.42857142857143,66.21428571428571,0.002857142857142857,24.985714285714288,13.014285714285714,19.014285714285712
311,GAB_KUK,22,9.0,2022-05-25,77.85714285714286,54.42857142857143,66.14285714285714,0.10571428571428572,25.485714285714288,12.471428571428572,18.97142857142857
312,GAB_OOM,22,151.0,2022-05-25,78.0,54.57142857142857,66.28571428571429,0.08285714285714287,25.542857142857144,12.528571428571428,19.057142857142857
313,GAB_PET,22,0.0,2022-05-25,78.57142857142857,54.57142857142857,66.57142857142857,0.02,25.857142857142858,12.528571428571428,19.214285714285715
315,GAB_STO,22,411.0,2022-05-25,78.57142857142857,54.857142857142854,66.71428571428571,0.06142857142857143,25.857142857142858,12.714285714285714,19.271428571428572
316,GORHAM,22,126.0,2022-05-25,74.42857142857143,52.285714285714285,63.357142857142854,0.13142857142857142,23.571428571428573,11.271428571428572,17.428571428571427
320,MUL_LET,22,45.0,2022-05-25,74.28571428571429,50.857142857142854,62.57142857142857,0.15,23.485714285714288,10.485714285714286,17.0
321,ONE_ADO_1,22,227.0,2022-05-25,74.57142857142857,49.714285714285715,62.142857142857146,0.3385714285714285,23.642857142857142,9.842857142857143,16.742857142857144
322,ONE_AKI_1,22,44.0,2022-05-25,73.14285714285714,50.142857142857146,61.642857142857146,0.26285714285714284,22.87142857142857,10.085714285714287,16.45714285714286
323,ONE_CHA_1,22,35.0,2022-05-25,72.71428571428571,50.42857142857143,61.57142857142857,0.2557142857142857,22.614285714285717,10.242857142857144,16.442857142857143
324,ONE_HUN_1,22,7.0,2022-05-25,74.42857142857143,49.857142857142854,62.142857142857146,0.3485714285714286,23.571428571428573,9.914285714285715,16.74285714285714
325,ONE_MCK_1,22,26.0,2022-05-25,73.57142857142857,49.57142857142857,61.57142857142857,0.15142857142857144,23.114285714285717,9.771428571428572,16.414285714285715
326,ONE_OAK_1,22,126.0,2022-05-25,76.85714285714286,50.142857142857146,63.5,0.23428571428571426,24.914285714285715,10.1,17.5
327,ONE_ORT_1,22,72.0,2022-05-25,76.0,50.0,63.0,0.1742857142857143,24.457142857142856,10.0,17.228571428571428
328,ONE_STA_1,22,26.0,2022-05-25,75.85714285714286,50.285714285714285,63.07142857142857,0.26285714285714284,24.37142857142857,10.171428571428573,17.25714285714286
329,PAN_LET,22,90.0,2022-05-25,73.28571428571429,51.57142857142857,62.42857142857143,0.2185714285714286,22.928571428571427,10.885714285714286,16.914285714285715
330,POV_DUN,22,22.0,2022-05-25,73.14285714285714,50.57142857142857,61.857142857142854,0.09714285714285713,22.857142857142858,10.314285714285715,16.585714285714285
331,POW_LET,22,28.0,2022-05-25,77.85714285714286,54.142857142857146,66.0,0.19571428571428573,25.485714285714288,12.299999999999999,18.900000000000002
332,SEA_HOO_1,22,234.0,2022-05-25,76.42857142857143,52.142857142857146,64.28571428571429,0.25285714285714284,24.685714285714283,11.214285714285714,17.942857142857143
333,SMI_CAN,22,13.0,2022-05-25,75.0,50.57142857142857,62.785714285714285,0.06142857142857143,23.87142857142857,10.314285714285715,17.114285714285714
334,SMI_CRO,22,7.0,2022-05-25,77.0,54.0,65.5,0.06857142857142857,24.985714285714288,12.214285714285714,18.614285714285717
335,SMI_DOU,22,11.0,2022-05-25,76.71428571428571,52.57142857142857,64.64285714285714,0.03285714285714286,24.842857142857145,11.428571428571429,18.142857142857142
336,SMI_DUR,22,50.0,2022-05-25,77.57142857142857,51.42857142857143,64.5,0.0842857142857143,25.314285714285713,10.8,18.057142857142857
337,SMI_HOF,22,4.0,2022-05-25,75.0,52.142857142857146,63.57142857142857,0.04714285714285714,23.87142857142857,11.171428571428573,17.54285714285714
338,SMI_HOL,22,1.0,2022-05-25,78.14285714285714,55.142857142857146,66.64285714285714,0.02142857142857143,25.61428571428571,12.842857142857143,19.24285714285714
339,SMI_JOH_1,22,36.0,2022-05-25,76.57142857142857,52.142857142857146,64.35714285714286,0.048571428571428564,24.75714285714286,11.200000000000001,17.97142857142857
340,SMI_JOH_2,22,11.0,2022-05-25,77.71428571428571,52.42857142857143,65.07142857142857,0.05857142857142857,25.385714285714283,11.342857142857143,18.400000000000002
341,SMI_KEL,22,4.0,2022-05-25,79.28571428571429,55.714285714285715,67.5,0.039999999999999994,26.271428571428572,13.142857142857142,19.714285714285715
342,SMI_MCC,22,9.0,2022-05-25,75.0,51.142857142857146,63.07142857142857,0.045714285714285714,23.885714285714283,10.642857142857142,17.271428571428572
343,STA_CRA,22,66.0,2022-05-25,72.0,51.0,61.5,0.19857142857142857,22.214285714285715,10.557142857142859,16.37142857142857
344,STA_LOT,22,46.0,2022-05-25,75.71428571428571,52.0,63.857142857142854,0.2542857142857143,24.285714285714285,11.12857142857143,17.714285714285715
345,STA_PAD,22,37.0,2022-05-25,75.14285714285714,51.142857142857146,63.142857142857146,0.1542857142857143,23.957142857142856,10.62857142857143,17.314285714285713
346,WICKHAM,22,820.0,2022-05-25,74.28571428571429,52.285714285714285,63.285714285714285,0.13142857142857142,23.514285714285712,11.257142857142856,17.385714285714286
347,WIS_BRU,22,6.0,2022-05-25,78.28571428571429,55.857142857142854,67.07142857142857,0.07142857142857142,25.714285714285715,13.257142857142858,19.485714285714288
348,WIS_COO_1,22,22.0,2022-05-25,74.57142857142857,52.42857142857143,63.5,0.16142857142857142,23.642857142857142,11.357142857142858,17.514285714285712
349,WIS_COO_2,22,164.0,2022-05-25,76.42857142857143,53.142857142857146,64.78571428571429,0.1657142857142857,24.685714285714287,11.757142857142856,18.214285714285715
350,WIS_KEN,22,124.0,2022-05-25,78.71428571428571,55.57142857142857,67.14285714285714,0.14142857142857143,25.957142857142856,13.1,19.514285714285712
351,WIS_WAL,22,309.0,2022-05-25,76.0,55.142857142857146,65.57142857142857,0.03428571428571429,24.428571428571427,12.87142857142857,18.642857142857142
352,ZUE_PED,22,297.0,2022-05-25,74.28571428571429,52.285714285714285,63.285714285714285,0.13142857142857142,23.514285714285712,11.257142857142856,17.385714285714286
353,ZUE_REE,22,129.0,2022-05-25,75.14285714285714,51.857142857142854,63.5,0.21571428571428572,23.97142857142857,11.042857142857143,17.514285714285712
366,GAB_DEL,23,48.0,2022-06-01,80.14285714285714,55.142857142857146,67.64285714285714,0.06857142857142857,26.75714285714286,12.857142857142858,19.785714285714285
375,GORHAM,23,190.0,2022-06-01,77.0,56.714285714285715,66.85714285714286,0.048571428571428564,24.985714285714288,13.742857142857144,19.37142857142857
376,MIL_CHA,23,19.0,2022-06-01,76.42857142857143,53.42857142857143,64.92857142857143,0.20285714285714287,24.685714285714287,11.885714285714286,18.314285714285713
377,MIL_MCC,23,35.0,2022-06-01,75.85714285714286,55.857142857142854,65.85714285714286,0.1657142857142857,24.37142857142857,13.257142857142856,18.814285714285717
378,MIL_YOD,23,60.0,2022-06-01,75.42857142857143,53.285714285714285,64.35714285714286,0.22142857142857145,24.142857142857142,11.828571428571427,17.985714285714288
379,MUL_LET,23,43.0,2022-06-01,78.14285714285714,54.714285714285715,66.42857142857143,0.05714285714285715,25.62857142857143,12.614285714285714,19.12857142857143
380,ONE_ADO_1,23,1195.0,2022-06-01,74.0,51.714285714285715,62.857142857142854,0.07571428571428572,23.32857142857143,10.942857142857141,17.128571428571426
381,ONE_AKI_1,23,71.0,2022-06-01,74.0,50.714285714285715,62.357142857142854,0.03142857142857143,23.32857142857143,10.414285714285715,16.87142857142857
382,ONE_CHA_1,23,272.0,2022-06-01,74.28571428571429,50.285714285714285,62.285714285714285,0.07285714285714286,23.485714285714288,10.171428571428573,16.814285714285713
383,ONE_HUN_1,23,10.0,2022-06-01,73.71428571428571,51.142857142857146,62.42857142857143,0.05714285714285715,23.171428571428574,10.642857142857142,16.928571428571427
384,ONE_MCK_1,23,24.0,2022-06-01,74.14285714285714,50.0,62.07142857142857,0.05857142857142857,23.414285714285715,10.0,16.7
385,ONE_OAK_1,23,176.0,2022-06-01,75.85714285714286,52.857142857142854,64.35714285714286,0.042857142857142864,24.37142857142857,11.6,17.97142857142857
386,ONE_ORT_1,23,30.0,2022-06-01,75.14285714285714,51.0,63.07142857142857,0.02428571428571429,23.942857142857143,10.557142857142859,17.257142857142856
387,ONE_STA_1,23,96.0,2022-06-01,74.85714285714286,52.285714285714285,63.57142857142857,0.04285714285714286,23.8,11.257142857142856,17.52857142857143
388,PAN_LET,23,22.0,2022-06-01,76.28571428571429,55.0,65.64285714285714,0.02142857142857143,24.585714285714285,12.785714285714286,18.7
389,POV_DUN,23,0.0,2022-06-01,76.14285714285714,53.142857142857146,64.64285714285714,0.09857142857142856,24.514285714285712,11.742857142857144,18.142857142857142
390,POW_LET,23,57.0,2022-06-01,80.57142857142857,56.285714285714285,68.42857142857143,0.03428571428571429,27.0,13.471428571428573,20.24285714285714
391,SEA_HOO_1,23,165.0,2022-06-01,78.71428571428571,55.714285714285715,67.21428571428571,0.038571428571428576,25.942857142857143,13.185714285714285,19.557142857142857
402,STA_CRA,23,19.0,2022-06-01,73.42857142857143,54.285714285714285,63.857142857142854,0.12714285714285714,23.014285714285712,12.385714285714286,17.714285714285715
403,STA_LOT,23,14.0,2022-06-01,77.28571428571429,56.142857142857146,66.71428571428571,0.1542857142857143,25.157142857142855,13.428571428571429,19.271428571428572
404,STA_PAD,23,41.0,2022-06-01,77.42857142857143,56.0,66.71428571428571,0.12571428571428572,25.24285714285714,13.328571428571427,19.271428571428572
405,WICKHAM,23,348.0,2022-06-01,76.71428571428571,57.142857142857146,66.92857142857143,0.13999999999999999,24.82857142857143,13.971428571428572,19.385714285714283
439,ONE_ADO_1,24,550.0,2022-06-08,70.85714285714286,50.857142857142854,60.857142857142854,0.25285714285714284,21.585714285714285,10.471428571428572,16.014285714285712
440,ONE_AKI_1,24,258.0,2022-06-08,71.42857142857143,50.285714285714285,60.857142857142854,0.23857142857142857,21.900000000000002,10.171428571428573,16.014285714285712
441,ONE_CHA_1,24,238.0,2022-06-08,71.42857142857143,49.0,60.214285714285715,0.25142857142857145,21.885714285714283,9.442857142857141,15.685714285714285
442,ONE_HUN_1,24,63.0,2022-06-08,70.42857142857143,51.42857142857143,60.92857142857143,0.26,21.357142857142858,10.771428571428572,16.057142857142857
443,ONE_MCK_1,24,99.0,2022-06-08,72.0,50.142857142857146,61.07142857142857,0.21428571428571427,22.214285714285715,10.071428571428571,16.142857142857142
444,ONE_OAK_1,24,93.0,2022-06-08,72.57142857142857,50.714285714285715,61.642857142857146,0.24285714285714285,22.54285714285714,10.385714285714286,16.442857142857143
445,ONE_ORT_1,24,354.0,2022-06-08,72.0,49.857142857142854,60.92857142857143,0.17142857142857143,22.228571428571428,9.914285714285715,16.057142857142857
446,ONE_STA_1,24,483.0,2022-06-08,71.71428571428571,51.142857142857146,61.42857142857143,0.26,22.057142857142857,10.62857142857143,16.32857142857143
448,POV_DUN,24,11.0,2022-06-08,69.0,48.857142857142854,58.92857142857143,0.22714285714285712,20.542857142857144,9.342857142857143,14.957142857142857
457,SMI_JOH_1,24,44.0,2022-06-08,70.71428571428571,50.285714285714285,60.5,0.19857142857142857,21.514285714285712,10.157142857142858,15.842857142857143
498,ONE_ADO_1,25,103.0,2022-06-15,79.42857142857143,54.42857142857143,66.92857142857143,0.09999999999999999,26.342857142857145,12.442857142857145,19.414285714285715
499,ONE_AKI_1,25,221.0,2022-06-15,79.14285714285714,55.142857142857146,67.14285714285714,0.054285714285714284,26.2,12.857142857142858,19.52857142857143
500,ONE_CHA_1,25,51.0,2022-06-15,79.14285714285714,54.57142857142857,66.85714285714286,0.08428571428571428,26.2,12.542857142857143,19.385714285714283
501,ONE_HUN_1,25,53.0,2022-06-15,79.28571428571429,54.42857142857143,66.85714285714286,0.1457142857142857,26.25714285714286,12.471428571428572,19.357142857142858
502,ONE_MCK_1,25,79.0,2022-06-15,79.57142857142857,54.142857142857146,66.85714285714286,0.06571428571428571,26.414285714285715,12.285714285714286,19.37142857142857
503,ONE_OAK_1,25,89.0,2022-06-15,81.0,55.857142857142854,68.42857142857143,0.18999999999999997,27.228571428571428,13.242857142857144,20.25714285714286
504,ONE_ORT_1,25,86.0,2022-06-15,80.14285714285714,54.285714285714285,67.21428571428571,0.11142857142857143,26.75714285714286,12.37142857142857,19.571428571428573
505,ONE_STA_1,25,47.0,2022-06-15,80.0,55.142857142857146,67.57142857142857,0.06714285714285714,26.685714285714287,12.842857142857143,19.771428571428572
516,SMI_JOH_1,25,52.0,2022-06-15,77.85714285714286,54.57142857142857,66.21428571428571,0.19,25.457142857142856,12.557142857142859,19.014285714285712
518,SMI_KEL,25,8.0,2022-06-15,79.42857142857143,56.142857142857146,67.78571428571429,0.08142857142857142,26.342857142857145,13.414285714285715,19.87142857142857
575,SMI_JOH_1,26,75.0,2022-06-22,74.42857142857143,50.142857142857146,62.285714285714285,0.0,23.585714285714285,10.1,16.814285714285713
577,SMI_KEL,26,15.0,2022-06-22,73.57142857142857,51.142857142857146,62.357142857142854,0.2857142857142857,23.114285714285717,10.642857142857142,16.857142857142858
