Latitude,Longitude,Site ID,VALUE_1,VALUE_4,VALUE_5,VALUE_6,VALUE_12,VALUE_13,VALUE_21,VALUE_23,VALUE_24,VALUE_25,VALUE_26,VALUE_27,VALUE_28,VALUE_29,VALUE_30,VALUE_36,VALUE_37,VALUE_39,VALUE_41,VALUE_42,VALUE_43,VALUE_44,VALUE_47,VALUE_49,VALUE_50,VALUE_53,VALUE_54,VALUE_57,VALUE_58,VALUE_59,VALUE_61,VALUE_66,VALUE_68,VALUE_69,VALUE_70,VALUE_77,VALUE_92,VALUE_111,VALUE_121,VALUE_122,VALUE_123,VALUE_124,VALUE_131,VALUE_141,VALUE_142,VALUE_143,VALUE_152,VALUE_176,VALUE_190,VALUE_195,VALUE_205,VALUE_206,VALUE_208,VALUE_216,VALUE_221,VALUE_222,VALUE_225,VALUE_226,VALUE_227,VALUE_228,VALUE_229,VALUE_242,VALUE_243,VALUE_244,VALUE_249
42.207278000000002,-74.968000000000004,CER_DEL_1,"180","2","119","0","0","0","0","0","0","0","0","0","0","0","0","5","0","0","0","0","0","0","0","0","0","0","0","0","1","0","0","0","0","1","0","0","0","27","250","83","15","2","2","1084","20","266","1","1365","33","4","0","0","0","0","0","0","0","0","0","0","0","4","0","0","0"
42.195416999999999,-74.987639000000001,CER_DEL_2,"28","0","50","0","27","0","0","0","0","0","0","0","0","0","0","0","0","0","0","0","0","0","0","0","0","0","0","0","0","0","5","0","0","0","0","0","0","40","273","66","21","1","1","1209","77","489","0","1147","24","2","0","0","0","0","0","0","0","0","0","0","0","0","0","0","0"
42.875360999999998,-77.028138999999996,CHO_GEN,"474","0","140","1","20","3","0","0","0","0","0","5","0","12","0","40","2","9","8","34","3","2","1","0","0","0","0","0","7","1","16","0","0","9","0","0","0","8","129","56","19","0","0","609","9","29","0","1354","374","3","1","22","0","0","1","6","0","0","9","0","13","0","29","0","7"
42.606211999999999,-76.150032999999993,DEG_DIE,"599","0","274","0","1","0","1","0","0","0","0","0","0","0","0","139","6","0","0","0","0","0","0","0","0","0","0","0","0","0","1","0","0","1","0","0","0","53","323","275","81","20","1","604","84","71","0","892","43","2","0","0","0","0","0","0","0","0","0","0","0","0","0","0","0"
42.587209000000001,-76.276494999999997,DEG_FOU,"1190","0","28","0","0","0","0","0","0","0","0","0","0","0","0","50","46","0","0","1","0","0","0","1","0","0","0","0","0","0","0","0","0","0","0","0","0","0","158","93","20","4","13","754","21","54","0","1005","20","0","0","0","0","0","0","1","0","0","0","0","0","0","0","0","0"
42.126249999999999,-76.433638999999999,DEG_FRI_1,"37","0","54","0","0","0","0","0","0","0","0","0","10","0","0","0","0","0","0","0","0","0","0","0","0","0","0","0","0","0","0","0","0","0","0","0","0","8","206","21","0","0","0","932","122","1209","0","825","17","22","0","0","0","0","0","0","0","0","0","0","0","0","0","0","0"
42.125556000000003,-76.434583000000003,DEG_FRI_2,"37","0","54","0","0","0","0","0","0","0","0","0","10","0","0","0","0","0","0","0","0","0","0","0","0","0","0","0","0","0","0","0","0","0","0","0","0","7","197","21","0","0","0","998","117","1231","0","759","16","20","0","0","0","0","0","0","0","0","0","0","0","0","0","0","0"
42.651417000000002,-76.473777999999996,DEG_LAF_1,"562","1","60","3","3","0","0","0","90","0","0","0","0","0","0","430","4","8","0","3","0","1","0","0","0","0","0","0","0","0","1","0","0","1","0","0","0","3","144","54","5","4","2","1127","8","67","0","766","108","1","0","5","0","0","1","1","0","0","0","0","1","0","1","0","1"
42.678944000000001,-76.462610999999995,DEG_LAF_2,"490","0","344","0","0","0","0","0","127","0","2","0","0","0","0","446","45","0","0","0","0","0","1","0","0","0","0","0","0","0","1","0","0","0","0","0","0","2","72","26","5","0","0","1207","4","8","0","658","6","0","0","0","0","0","0","1","0","0","0","16","0","0","0","0","0"
42.727443999999998,-76.252027999999996,DEG_PER_1,"441","0","115","0","0","0","0","0","72","0","0","0","1","0","0","30","0","0","0","0","0","0","0","0","0","0","0","0","0","1","0","0","0","0","0","0","0","3","265","88","7","0","0","1391","38","105","0","875","33","1","0","0","0","0","0","0","0","0","0","0","0","0","0","0","0"
42.672806000000001,-76.222333000000006,DEG_PER_2,"718","0","256","0","0","0","0","10","8","0","0","0","0","0","0","231","5","0","0","0","0","0","0","0","0","0","0","0","0","0","0","0","0","1","0","0","0","0","202","67","9","0","0","714","58","197","0","905","87","0","0","0","0","0","0","0","0","0","0","0","0","0","0","0","0"
42.695360999999998,-76.171722000000003,DEG_VIL,"582","0","32","6","5","0","1","0","0","0","0","0","110","0","0","25","11","14","0","0","0","0","4","0","0","0","1","0","0","0","0","0","0","0","0","0","0","123","142","90","23","1","1","1381","58","171","0","619","53","7","0","0","0","1","0","0","0","0","0","0","0","0","0","0","0"
43.898667000000003,-76.015249999999995,HUN_REE,"420","0","289","0","0","0","10","0","0","0","0","115","59","0","0","119","125","0","0","0","0","0","0","0","0","0","0","0","0","0","1","0","0","0","0","0","0","0","44","52","10","13","12","616","5","0","0","1514","55","5","3","0","0","0","0","0","0","0","0","0","0","0","0","0","0"
42.933889999999998,-77.969790000000003,KIK_HAR,"472","0","53","0","602","0","0","0","500","0","0","0","0","0","0","338","0","0","0","10","0","0","0","0","0","0","0","0","0","0","0","0","0","0","0","0","0","0","171","39","6","0","0","524","3","51","0","427","270","3","0","0","1","0","0","0","0","0","0","0","0","0","0","0","0"
42.957669000000003,-77.948278000000002,KIK_MBF,"856","0","13","0","556","0","0","2","3","0","0","0","25","0","0","143","0","0","77","23","6","0","8","0","40","397","0","4","0","1","22","0","0","0","0","0","0","0","156","20","5","3","24","508","0","27","0","367","65","0","0","0","8","0","1","0","0","0","0","0","3","0","103","0","0"
42.974091999999999,-78.184050999999997,KIK_MYT,"374","0","6","1","0","0","0","0","0","0","0","0","0","0","0","5","0","0","1","6","627","0","0","0","0","0","0","0","0","0","6","0","0","0","0","0","0","1","122","32","4","0","28","715","1","17","0","877","627","19","0","0","0","0","0","0","0","0","0","0","1","0","0","0","0"
42.853651999999997,-77.965312999999995,KIK_SWE,"1348","0","22","0","1","0","0","0","127","0","0","19","0","0","0","117","4","0","3","312","0","0","2","0","0","8","0","4","0","0","2","0","0","0","0","0","0","0","103","14","14","2","6","784","0","11","0","415","104","0","37","0","1","0","7","0","0","0","0","1","2","0","0","0","0"
43.286472000000003,-75.518583000000007,KUH_COL,"507","0","95","0","8","0","0","0","0","0","0","0","0","0","0","86","30","0","0","0","0","0","2","0","0","0","1","0","1","0","1","0","0","0","0","0","0","1","314","40","4","1","12","1137","145","0","0","1034","50","0","0","0","0","0","0","0","0","0","0","0","0","0","0","0","0"
42.860750000000003,-78.252916999999997,LET_MAC,"1054","1","18","0","0","0","0","0","3","0","0","2","0","0","0","516","21","0","0","9","6","0","0","9","0","1","0","0","0","2","9","0","0","0","0","0","0","2","254","117","106","30","29","453","0","13","0","733","51","15","1","0","3","0","4","0","0","0","0","1","0","0","0","0","0"
43.025460000000002,-77.882131999999999,LET_STE_1,"1613","2","169","0","0","0","3","0","10","0","0","0","0","0","0","385","0","0","0","146","0","0","0","0","0","0","0","0","0","0","5","0","0","0","0","0","0","0","160","69","62","0","0","316","3","13","0","323","136","5","0","31","0","0","0","0","0","0","0","22","0","0","0","0","0"
43.025486999999998,-77.884435999999994,LET_STE_2,"1426","4","168","0","0","0","8","0","31","0","0","0","0","0","0","461","1","0","0","146","0","0","0","0","0","0","0","0","0","0","5","0","0","0","0","0","0","0","173","71","58","0","0","273","2","18","0","402","109","5","0","33","0","0","0","0","0","0","0","71","0","0","0","0","0"
43.214666999999999,-78.554721999999998,LET_VER,"381","0","500","0","5","0","0","0","218","0","0","0","0","0","0","601","1","1","0","28","0","0","4","0","0","0","5","0","0","0","5","0","60","8","0","0","0","0","160","47","5","19","19","572","2","94","0","596","120","0","0","0","0","0","4","0","0","10","0","0","0","1","10","0","0"
42.943027999999998,-77.706028000000003,LET_WAT,"819","0","160","0","0","0","0","0","46","0","0","0","0","0","0","897","2","0","0","6","0","0","0","3","0","0","0","0","0","0","4","0","0","0","0","0","0","0","189","86","14","2","13","367","1","53","0","744","29","2","0","0","3","0","0","0","0","0","0","21","3","0","0","0","0"
42.049999999999997,-77.137467000000001,MIL_BAR_1,"284","0","169","0","0","0","0","0","0","0","0","0","1","0","0","0","0","0","0","0","1","0","0","0","0","0","0","0","0","0","0","0","0","0","0","0","0","134","220","129","36","10","21","873","15","664","0","880","16","11","0","0","0","0","0","0","0","0","0","0","0","0","0","0","0"
42.051943999999999,-77.061667000000000,MIL_BAR_2,"0","0","0","0","0","0","0","0","0","0","0","0","0","0","0","0","0","0","0","0","0","0","0","0","0","0","0","0","0","1","0","0","0","0","0","0","0","59","174","18","4","7","0","719","44","563","0","1863","7","7","0","0","0","0","0","0","0","0","0","0","0","0","0","0","0"
42.461388900000003,-78.712221999999997,MIL_COB,"401","0","19","0","0","0","0","0","6","0","0","4","0","0","0","12","4","0","0","16","0","0","0","0","0","0","0","0","0","0","36","0","0","0","0","0","0","7","111","58","17","0","66","612","505","757","0","811","13","11","0","0","0","4","0","0","0","0","0","0","0","0","0","0","0"
42.361666600000000,-79.171940000000006,MIL_CRO_1,"932","0","225","0","0","0","0","0","25","0","0","15","33","0","0","81","154","0","0","45","0","0","0","0","0","10","0","0","0","0","35","0","0","3","0","0","0","1","147","30","7","1","0","796","119","264","0","539","7","0","2","0","0","0","0","0","0","0","0","0","0","0","0","0","0"
42.374699999999997,-79.145799999999994,MIL_CRO_2,"525","0","47","0","0","1","0","0","0","0","0","0","0","0","0","149","100","0","0","28","0","0","0","0","0","1","0","0","0","0","0","0","0","1","0","0","0","3","189","27","7","0","1","1372","37","327","0","654","8","0","0","0","0","0","0","0","0","1","0","0","0","0","0","0","0"
42.329445000000000,-78.716110999999998,MIL_TEL,"366","0","0","0","0","0","0","0","0","0","0","0","0","0","0","21","40","0","0","0","0","0","0","0","0","0","0","0","0","0","0","0","0","0","0","0","0","0","144","21","4","12","3","1092","82","751","0","929","5","0","0","0","0","0","0","0","0","0","0","0","0","0","0","0","0"
42.688611109999997,-78.808055560000000,MIL_ZIT_1,"386","1","428","0","0","0","0","0","4","0","0","0","0","0","0","100","36","1","0","41","0","0","0","0","0","0","0","0","3","0","3","0","0","3","0","0","0","0","445","119","11","9","4","445","18","275","0","1112","6","8","1","0","0","0","1","0","0","8","0","0","1","0","0","1","0"
42.679721999999998,-78.807221999999996,MIL_ZIT_2,"666","0","566","0","2","0","0","0","47","0","0","4","0","0","0","101","42","3","0","13","0","0","0","0","0","0","0","0","3","0","3","0","0","0","0","0","0","1","189","60","9","2","0","626","35","189","0","876","3","3","1","0","0","0","1","0","0","23","0","0","0","0","0","0","0"
42.689110999999997,-78.810277999999997,MIL_ZIT_3,"362","1","350","0","0","0","0","0","41","0","0","0","0","0","0","68","36","2","0","42","0","0","0","0","0","0","0","0","3","0","5","0","0","2","0","0","0","0","440","118","11","9","4","585","13","271","0","1057","33","8","1","0","0","0","1","0","0","8","0","0","1","0","0","2","0"
42.982978000000003,-74.035696000000002,SMI_ARN_1,"63","0","2","0","7","0","1","0","0","0","0","0","14","0","0","8","0","0","0","0","0","0","0","0","0","0","0","0","0","0","0","0","0","0","0","0","0","4","111","63","13","2","7","678","144","518","0","1429","360","32","5","0","0","0","0","0","0","0","0","0","0","0","0","0","0"
42.970222000000000,-74.025943999999996,SMI_ARN_2,"98","0","48","0","23","0","1","0","0","0","0","0","2","0","0","40","1","0","0","0","0","0","2","0","0","0","0","0","0","0","0","0","0","0","0","0","0","15","82","114","41","4","9","633","90","354","0","1757","138","2","1","0","0","0","0","0","0","0","0","0","12","0","0","0","0"
43.231444000000003,-75.035443999999998,SMI_BUR,"134","0","66","0","0","0","5","0","1","0","0","2","2","0","0","0","2","0","0","5","0","0","1","0","0","0","0","0","0","0","0","0","0","0","0","0","0","3","165","34","15","0","4","1790","199","368","0","663","7","1","1","0","0","0","0","0","0","0","0","0","0","0","0","0","0"
42.663806000000001,-74.515305999999995,SMI_COB,"210","0","0","0","0","0","0","0","0","0","0","0","0","0","0","15","0","0","0","0","0","0","0","0","0","0","0","0","0","0","0","0","0","0","0","0","0","3","245","194","82","29","4","778","25","74","0","1625","174","6","0","0","0","0","0","0","0","0","0","0","0","0","0","0","0"
42.826388999999999,-74.577500000000001,SMI_CON_1,"585","1","311","0","1","0","0","0","0","0","0","0","0","0","0","22","1","0","0","0","0","0","0","0","0","0","0","0","0","0","5","0","0","0","0","0","0","0","87","43","13","6","0","607","14","138","0","1618","8","1","0","0","0","0","0","0","0","0","0","0","1","0","0","0","0"
42.839331000000001,-74.613545000000002,SMI_CON_2,"1","0","209","0","0","0","0","0","0","0","0","0","0","0","0","0","3","0","0","0","0","0","0","0","0","0","0","0","0","0","0","0","0","0","0","0","0","0","136","57","18","4","4","506","3","24","0","2426","73","0","0","0","0","0","0","0","0","0","0","0","0","0","0","0","0"
43.053024000000001,-74.835234999999997,SMI_DOU,"110","0","158","0","0","0","0","0","0","0","0","0","0","3","0","1","34","0","0","0","0","0","0","0","0","0","0","0","0","0","0","0","0","0","0","0","0","8","149","15","4","3","0","622","15","15","0","2305","21","0","0","0","0","0","0","0","0","0","0","1","0","0","0","0","0"
42.344444000000003,-75.713333000000006,SMI_HOF_1,"94","0","238","0","0","0","0","0","0","0","0","0","0","0","0","0","1","0","0","0","0","0","0","0","0","0","0","0","0","0","0","0","0","0","2","0","0","74","135","35","4","0","30","658","52","1054","0","1057","22","11","0","0","0","0","0","0","0","0","0","0","0","0","0","0","0"
42.750999999999998,-74.570971999999998,SMI_HOF_2,"506","0","48","0","1","0","0","0","0","0","0","0","13","2","0","5","0","0","0","0","0","0","0","0","0","0","0","0","0","0","0","0","0","0","0","0","0","3","116","29","9","1","0","978","145","67","0","1359","176","2","0","0","0","0","0","0","0","0","0","0","2","0","0","0","0"
42.709361000000001,-75.568416999999997,SMI_LAT,"108","0","1","1","0","0","0","0","0","0","0","0","30","0","0","4","0","0","0","0","0","0","0","0","0","0","0","0","0","0","0","0","0","0","0","0","0","2","106","18","1","0","2","1114","327","257","0","1334","155","3","0","0","0","0","0","0","0","0","0","0","0","0","0","0","0"
43.115278000000004,-74.842194000000006,SMI_MCC,"32","0","116","0","3","0","0","0","0","0","0","0","154","0","0","0","0","0","0","0","0","0","1","0","0","0","0","0","0","0","0","0","0","0","0","0","0","0","127","41","7","0","0","760","18","6","0","2132","36","0","0","0","0","0","0","0","0","0","0","0","30","0","0","0","0"
42.892139000000000,-77.571167000000003,STA_BLO,"279","0","317","0","0","0","0","0","110","0","1","0","0","0","0","0","0","0","0","126","0","0","0","0","0","0","0","0","0","0","3","0","0","0","0","0","0","51","188","12","1","1","0","926","11","105","0","1020","298","13","0","0","0","0","0","0","0","0","0","0","0","0","0","0","0"
42.806860999999998,-76.816666999999995,STA_FRE,"218","0","1132","0","2","0","7","0","640","0","0","16","86","1","0","71","0","3","0","7","0","0","1","0","0","0","0","0","0","0","2","0","0","37","0","2","0","0","134","109","42","4","16","144","0","8","0","733","38","1","0","0","0","0","0","0","0","0","0","1","1","0","0","0","5"
43.049388999999998,-77.566556000000006,STA_KRE,"52","0","44","0","1","0","0","0","8","0","0","0","0","0","0","38","74","0","0","8","0","1","0","0","0","0","0","0","3","0","481","1","7","4","63","3","0","75","425","434","122","3","27","405","52","274","54","288","287","224","9","0","0","0","0","0","3","0","0","0","0","0","0","0","0"
42.764167000000000,-77.735777999999996,STA_MAC,"545","0","15","0","0","0","1","0","335","0","0","0","0","0","0","321","5","0","0","0","0","0","0","0","0","0","0","0","0","0","0","0","0","0","0","0","1","154","160","57","9","0","0","1187","1","36","0","618","12","7","0","0","0","0","0","0","0","0","0","2","0","0","0","0","0"
42.728222000000002,-77.041360999999995,STA_MAR,"1144","2","744","0","0","0","7","0","429","3","2","10","0","0","9","514","3","0","0","0","0","0","1","0","0","0","0","0","0","1","0","0","0","0","0","0","0","0","93","10","7","2","3","106","0","0","0","351","3","0","3","0","0","0","0","1","0","0","0","20","0","0","0","0","1"
43.129694000000001,-76.779167000000001,STA_REE_1,"855","0","537","0","0","0","0","0","0","0","0","0","0","0","0","0","0","0","0","12","0","0","0","1","0","0","0","0","0","0","0","0","0","0","0","0","0","4","147","16","1","3","0","596","0","6","0","531","729","26","0","0","1","0","0","1","0","0","0","0","0","0","0","0","0"
43.096972000000001,-76.786833000000001,STA_REE_2,"728","1","292","0","0","0","0","0","0","0","0","0","0","0","0","7","0","0","0","0","0","0","0","0","0","0","0","0","0","0","2","0","0","0","0","0","0","12","191","11","1","0","0","870","25","22","0","289","970","38","0","0","0","0","1","0","0","0","0","0","0","0","0","0","0"
43.123860999999998,-78.214777999999995,STA_STA,"670","0","275","0","0","0","0","1","103","0","1","0","0","0","0","4","0","0","0","0","0","0","0","9","0","0","0","0","0","0","0","0","0","0","0","0","0","26","68","24","8","0","0","548","0","21","0","143","1493","70","0","0","0","0","0","0","0","0","0","0","0","0","0","0","0"
43.064667000000000,-76.825444000000005,STA_WIL,"158","0","1250","0","1","0","0","0","0","0","0","0","0","0","0","4","0","0","0","1","0","0","1","0","0","0","0","0","0","0","0","0","0","0","0","0","0","116","202","92","13","3","6","794","16","36","0","388","369","17","0","0","0","0","0","0","0","0","0","0","0","0","0","0","0"
43.312722000000001,-78.365832999999995,STA_WOO,"592","75","396","0","14","0","0","0","0","0","0","1","0","0","0","461","1","0","6","12","0","0","0","0","41","0","0","0","2","0","11","0","483","0","10","2","0","0","153","45","9","0","5","585","7","37","0","474","45","0","0","0","2","0","3","0","0","0","0","0","0","0","0","0","0"
43.019944000000002,-78.189806000000004,ZUE_MYT,"272","0","15","0","0","0","0","0","88","0","0","0","13","0","0","95","0","4","74","19","28","0","1","0","1","4","0","0","0","0","7","0","0","0","0","0","0","17","315","557","430","195","73","254","3","32","0","582","373","10","0","1","3","0","0","1","0","0","0","0","0","0","0","2","0"
42.625784000000003,-77.558704000000006,ZUE_VOT,"371","0","74","0","0","0","0","0","18","0","0","0","92","0","0","81","19","0","1","73","16","0","1","0","0","16","0","0","3","0","5","0","0","0","0","0","0","5","248","18","3","0","0","1426","116","331","0","524","18","3","0","0","0","0","0","0","0","0","0","0","0","0","0","0","0"
