Field ID,Date Collected,N.SCM.M.1,N.SCM.F.1,N.SCM.M.2,N.SCM.F.2,N.D.Florilega.1,N.D.Florilega.2
DEG_DIE_2,5/13/24,17,118,18,42,2,2
DEG_DIE_2,5/13/24,,,,,,
DEG_DIE_2,5/21/24,,,,,,
DEG_DIE_2,5/21/24,,,,,,
DEG_DIE_2,5/28/24,,,,,,
DEG_DIE_2,5/28/24,5,6,1,3,0,0
DEG_DIE_2,6/3/24,49,60,30,24,45,10
DEG_DIE_2,6/3/24,,,,,,
DEG_DIE_2,6/11/24,45,24,78,58,3,20
DEG_DIE_2,6/11/24,,,,,,
DEG_DIE_2,6/17/24,,,,,,
DEG_DIE_2,6/17/24,33,13,23,17,19,12
DEG_DIE_2,6/24/24,,,,,,
DEG_DIE_2,6/24/24,3,2,18,13,8,25
DEG_DIE_2,7/1/24,,,,,,
DEG_DIE_2,7/1/24,16,8,16,11,0,0
DEG_DIE_2,7/8/24,,,,,,
DEG_DIE_2,7/8/24,6,2,7,5,0,1
DEG_DIE_2,7/15/24,,,,,,
DEG_DIE_2,7/15/24,1,4,6,26,1,4
DEG_DIE_2,7/22/24,,,,,,
DEG_DIE_2,7/22/24,1,4,8,10,2,5
DEG_DIE_2,7/29/24,,,,,,
DEG_DIE_2,7/29/24,2,8,0,0,3,0
DEG_DIE_2,8/5/24,2,1,3,2,2,1
DEG_DIE_2,8/5/24,,,,,,
DEG_DIE_2,8/12/24,1,1,0,3,0,1
DEG_DIE_2,8/12/24,,,,,,
DEG_DIE_2,8/19/24,,,,,,
DEG_DIE_2,8/19/24,,,,,,
DEG_DIE_2,8/26/24,0,0,0,1,0,0
DEG_DIE_2,8/26/24,,,,,,
DEG_DIE_2,9/4/24,0,0,0,0,0,0
DEG_DIE_2,9/4/24,,,,,,
DEG_DIE_2,9/9/24,,,,,,
DEG_DIE_2,9/9/24,,,,,,
DEG_DIE_2,9/17/24,0,0,0,0,0,0
DEG_DIE_2,9/17/24,,,,,,
DEG_DIE_2,9/23/24,,,,,,
DEG_DIE_2,9/23/24,,,,,,
DEG_DIE_2,9/30/24,0,0,0,0,0,0
DEG_DIE_2,9/30/24,,,,,,
DEG_DIE_2,10/7/24,,,,,,
DEG_DIE_2,10/7/24,1,0,0,0,0,0
DEG_DIE_2,10/21/24,,,,,,
DEG_DIE_2,10/21/24,1,0,3,0,0,0
DEG_DIE_2,11/4/24,,,,,,
DEG_DIE_2,11/4/24,0,0,0,0,0,0
DEG_DIE_2,11/11/24,,,,,,
DEG_DIE_2,11/11/24,0,0,0,0,0,0
DEG_DIE_2,11/25/24,,,,,,
DEG_DIE_2,11/25/24,1,1,0,1,0,0
DEG_DIE_HILL,3/12/24,1,0,1,2,0,0
DEG_DIE_HILL,3/18/24,1,1,3,1,0,0
DEG_DIE_HILL,3/25/24,0,0,0,0,0,0
DEG_DIE_HILL,4/1/24,1,1,0,0,0,0
DEG_DIE_HILL,4/8/24,,,,,,
DEG_DIE_HILL,4/8/24,5,0,1,0,0,0
DEG_DIE_HILL,4/15/24,19,18,20,7,1,0
DEG_DIE_HILL,4/15/24,,,,,,
DEG_DIE_HILL,4/22/24,47,42,45,20,0,0
DEG_DIE_HILL,4/22/24,,,,,,
DEG_DIE_HILL,4/29/24,17,13,5,4,1,0
DEG_DIE_HILL,4/29/24,,,,,,
DEG_DIE_HILL,5/6/24,23,8,77,92,2,0
DEG_DIE_HILL,5/6/24,,,,,,
DEG_FOU_2,5/13/24,25,10,29,5,0,1
DEG_FOU_2,5/13/24,,,,,,
DEG_FOU_2,5/21/24,65,76,35,65,16,7
DEG_FOU_2,5/21/24,,,,,,
DEG_FOU_2,5/28/24,,,,,,
DEG_FOU_2,5/28/24,13,7,74,64,1,5
DEG_FOU_2,6/3/24,15,11,26,16,9,6
DEG_FOU_2,6/3/24,,,,,,
DEG_FOU_2,6/10/24,48,18,108,91,11,17
DEG_FOU_2,6/10/24,,,,,,
DEG_FOU_2,6/17/24,40,36,37,47,9,10
DEG_FOU_2,6/17/24,,,,,,
DEG_FOU_2,6/24/24,,,,,,
DEG_FOU_2,6/24/24,8,10,11,11,6,20
DEG_FOU_2,7/1/24,,,,,,
DEG_FOU_2,7/1/24,41,41,44,23,21,12
DEG_FOU_2,7/8/24,,,,,,
DEG_FOU_2,7/8/24,0,2,6,3,0,0
DEG_FOU_2,7/15/24,,,,,,
DEG_FOU_2,7/15/24,0,1,9,12,0,5
DEG_FOU_2,7/22/24,,,,,,
DEG_FOU_2,7/22/24,5,22,8,40,8,6
DEG_FOU_2,7/29/24,4,6,4,6,1,1
DEG_FOU_2,7/29/24,,,,,,
DEG_FOU_2,8/5/24,0,3,5,4,3,2
DEG_FOU_2,8/5/24,,,,,,
DEG_FOU_2,8/12/24,14,15,10,19,8,5
DEG_FOU_2,8/12/24,,,,,,
DEG_FOU_2,8/19/24,,,,,,
DEG_FOU_2,8/19/24,,,,,,
DEG_FOU_2,8/26/24,0,18,0,13,0,0
DEG_FOU_2,8/26/24,,,,,,
DEG_FOU_2,9/4/24,1,6,1,5,0,0
DEG_FOU_2,9/4/24,,,,,,
DEG_FOU_2,9/9/24,0,1,0,0,0,0
DEG_FOU_2,9/9/24,,,,,,
DEG_FOU_2,9/17/24,0,0,0,0,0,0
DEG_FOU_2,9/17/24,,,,,,
DEG_FOU_2,9/23/24,0,0,0,0,0,0
DEG_FOU_2,9/23/24,,,,,,
DEG_FOU_2,9/30/24,1,3,0,3,3,1
DEG_FOU_2,9/30/24,,,,,,
DEG_FOU_2,10/7/24,,,,,,
DEG_FOU_2,10/7/24,1,0,2,0,0,0
DEG_FOU_2,10/21/24,,,,,,
DEG_FOU_2,10/21/24,0,0,0,0,0,0
DEG_FOU_2,11/4/24,,,,,,
DEG_FOU_2,11/4/24,0,0,0,0,0,0
DEG_FOU_2,11/11/24,,,,,,
DEG_FOU_2,11/11/24,1,0,0,0,0,0
DEG_FOU_2,11/25/24,3,1,0,0,0,0
DEG_FOU_WOOD,3/12/24,0,0,0,0,0,0
DEG_FOU_WOOD,3/19/24,1,0,0,0,0,0
DEG_FOU_WOOD,3/25/24,0,0,0,0,0,0
DEG_FOU_WOOD,4/1/24,1,2,0,0,0,0
DEG_FOU_WOOD,4/8/24,0,1,1,1,0,0
DEG_FOU_WOOD,4/15/24,9,9,12,12,0,0
DEG_FOU_WOOD,4/15/24,,,,,,
DEG_FOU_WOOD,4/22/24,20,19,6,8,0,0
DEG_FOU_WOOD,4/22/24,,,,,,
DEG_FOU_WOOD,4/29/24,16,5,31,9,0,0
DEG_FOU_WOOD,4/29/24,,,,,,
DEG_FOU_WOOD,5/6/24,16,18,34,26,1,2
DEG_FOU_WOOD,5/6/24,,,,,,
DEG_PER_2,5/13/24,21,8,3,0,0,0
DEG_PER_2,5/13/24,,,,,,
DEG_PER_2,5/20/24,4,3,8,5,2,0
DEG_PER_2,5/20/24,,,,,,
DEG_PER_2,5/28/24,,,,,,
DEG_PER_2,5/28/24,67,40,54,64,18,2
DEG_PER_2,6/3/24,44,38,45,32,3,2
DEG_PER_2,6/3/24,,,,,,
DEG_PER_2,6/10/24,201,124,100,85,104,46
DEG_PER_2,6/10/24,,,,,,
DEG_PER_2,6/17/24,165,191,126,154,10,8
DEG_PER_2,6/17/24,,,,,,
DEG_PER_2,6/24/24,,,,,,
DEG_PER_2,6/24/24,15,11,3,3,4,1
DEG_PER_2,7/1/24,,,,,,
DEG_PER_2,7/1/24,20,19,43,34,17,21
DEG_PER_2,7/8/24,,,,,,
DEG_PER_2,7/8/24,,,,,,
DEG_PER_2,7/15/24,,,,,,
DEG_PER_2,7/15/24,12,30,11,24,10,23
DEG_PER_2,7/22/24,,,,,,
DEG_PER_2,7/22/24,7,17,7,54,3,52
DEG_PER_2,7/29/24,,,,,,
DEG_PER_2,7/29/24,4,10,19,25,0,8
DEG_PER_2,8/5/24,,,,,,
DEG_PER_2,8/5/24,,,,,,
DEG_PER_2,8/12/24,10,17,1,11,4,2
DEG_PER_2,8/12/24,,,,,,
DEG_PER_2,8/19/24,,,,,,
DEG_PER_2,8/19/24,,,,,,
DEG_PER_2,8/26/24,1,12,0,2,3,2
DEG_PER_2,8/26/24,,,,,,
DEG_PER_2,9/3/24,0,1,0,1,0,0
DEG_PER_2,9/3/24,,,,,,
DEG_PER_2,9/9/24,2,4,0,0,0,0
DEG_PER_2,9/9/24,,,,,,
DEG_PER_2,9/17/24,0,0,0,0,0,0
DEG_PER_2,9/17/24,,,,,,
DEG_PER_2,9/23/24,2,0,0,0,0,0
DEG_PER_2,9/23/24,,,,,,
DEG_PER_2,9/30/24,11,6,9,5,8,16
DEG_PER_2,9/30/24,,,,,,
DEG_PER_2,10/21/24,,,,,,
DEG_PER_2,10/21/24,0,0,1,1,0,0
DEG_PER_2,11/25/24,0,1,0,0,0,0
DEG_PER_2,11/25/24,,,,,,
DEG_PER_STRIP,3/12/24,0,2,0,0,0,0
DEG_PER_STRIP,3/19/24,0,0,0,0,0,0
DEG_PER_STRIP,3/25/24,0,0,0,0,0,0
DEG_PER_STRIP,4/1/24,3,1,1,0,0,0
DEG_PER_STRIP,4/8/24,,,,,,
DEG_PER_STRIP,4/8/24,0,3,2,1,0,0
DEG_PER_STRIP,4/15/24,11,4,40,19,0,0
DEG_PER_STRIP,4/15/24,,,,,,
DEG_PER_STRIP,4/22/24,23,14,50,24,0,3
DEG_PER_STRIP,4/22/24,,,,,,
DEG_PER_STRIP,4/29/24,54,13,41,20,0,0
DEG_PER_STRIP,4/29/24,,,,,,
DEG_PER_STRIP,5/6/24,10,9,19,27,0,0
DEG_PER_STRIP,5/6/24,,,,,,
DEG_VIL,3/12/24,1,2,0,0,0,0
DEG_VIL,3/19/24,1,0,0,0,0,0
DEG_VIL,3/25/24,0,0,0,0,0,0
DEG_VIL,4/1/24,6,7,0,2,0,0
DEG_VIL,4/8/24,,,,,,
DEG_VIL,4/8/24,0,0,0,1,0,0
DEG_VIL,4/15/24,16,12,41,17,0,0
DEG_VIL,4/15/24,,,,,,
DEG_VIL,4/22/24,20,42,27,27,0,0
DEG_VIL,4/22/24,,,,,,
DEG_VIL,4/29/24,10,22,6,10,0,0
DEG_VIL,4/29/24,,,,,,
DEG_VIL,5/6/24,14,10,54,33,2,3
DEG_VIL,5/6/24,,,,,,
DEG_VIL_2,5/13/24,17,16,26,21,7,8
DEG_VIL_2,5/13/24,,,,,,
DEG_VIL_2,5/20/24,21,7,40,16,0,6
DEG_VIL_2,5/20/24,,,,,,
DEG_VIL_2,5/28/24,,,,,,
DEG_VIL_2,5/28/24,82,56,24,15,5,2
DEG_VIL_2,6/3/24,20,13,21,17,3,3
DEG_VIL_2,6/3/24,,,,,,
DEG_VIL_2,6/10/24,36,36,36,15,0,0
DEG_VIL_2,6/10/24,,,,,,
DEG_VIL_2,6/17/24,,,,,,
DEG_VIL_2,6/17/24,75,63,41,50,27,42
DEG_VIL_2,6/24/24,,,,,,
DEG_VIL_2,6/24/24,5,5,27,22,15,25
DEG_VIL_2,7/1/24,,,,,,
DEG_VIL_2,7/1/24,66,26,23,20,18,8
DEG_VIL_2,7/8/24,,,,,,
DEG_VIL_2,7/8/24,12,14,19,20,19,21
DEG_VIL_2,7/15/24,,,,,,
DEG_VIL_2,7/15/24,,,,,,
DEG_VIL_2,7/22/24,,,,,,
DEG_VIL_2,7/22/24,12,3,0,1,1,0
DEG_VIL_2,7/29/24,,,,,,
DEG_VIL_2,7/29/24,2,5,2,1,1,0
DEG_VIL_2,8/5/24,1,9,11,12,0,0
DEG_VIL_2,8/5/24,,,,,,
DEG_VIL_2,8/12/24,3,16,0,0,4,1
DEG_VIL_2,8/12/24,,,,,,
DEG_VIL_2,8/19/24,8,8,5,5,10,5
DEG_VIL_2,8/19/24,,,,,,
DEG_VIL_2,8/26/24,,,,,,
DEG_VIL_2,8/26/24,,,,,,
DEG_VIL_2,9/3/24,2,0,0,0,0,0
DEG_VIL_2,9/3/24,,,,,,
DEG_VIL_2,9/9/24,0,0,0,0,0,0
DEG_VIL_2,9/9/24,,,,,,
DEG_VIL_2,9/23/24,2,0,4,1,4,0
DEG_VIL_2,9/23/24,,,,,,
DEG_VIL_2,10/21/24,,,,,,
DEG_VIL_2,10/21/24,5,1,2,1,0,1
DEG_VIL_2,11/4/24,,,,,,
DEG_VIL_2,11/4/24,2,0,3,1,0,0
DEG_VIL_2,11/11/24,,,,,,
DEG_VIL_2,11/11/24,0,0,0,0,0,0
DEG_VIL_2,11/25/24,2,1,0,1,0,0
DEG_VIL_2,11/25/24,,,,,,
DIP_CUR,3/12/24,,,,,,
DIP_CUR,3/12/24,0,0,0,0,0,0
DIP_CUR,3/19/24,,,,,,
DIP_CUR,3/19/24,0,0,0,0,0,0
DIP_CUR,3/26/24,,,,,,
DIP_CUR,3/26/24,0,0,0,0,0,0
DIP_CUR,4/2/24,0,1,0,2,0,0
DIP_CUR,4/2/24,0,1,0,0,0,0
DIP_CUR,4/9/24,0,0,0,0,0,0
DIP_CUR,4/9/24,,,,,,
DIP_CUR,4/16/24,6,6,2,2,0,0
DIP_CUR,4/16/24,4,5,3,1,0,0
DIP_CUR,4/23/24,,,,,,
DIP_CUR,4/23/24,9,6,3,7,0,0
DIP_CUR,5/1/24,,,,,,
DIP_CUR,5/1/24,4,4,4,5,2,0
DIP_CUR,5/7/24,5,8,20,3,3,3
DIP_CUR,5/7/24,,,,,,
DIP_CUR,5/14/24,27,43,9,9,3,1
DIP_CUR,5/14/24,,,,,,
DIP_CUR,5/21/24,22,18,10,17,4,5
DIP_CUR,5/21/24,,,,,,
DIP_CUR,5/28/24,,,,,,
DIP_CUR,5/28/24,25,19,36,21,1,5
DIP_CUR,6/4/24,,,,,,
DIP_CUR,6/4/24,77,72,114,85,20,9
DIP_CUR,6/11/24,,,,,,
DIP_CUR,6/11/24,182,122,94,67,78,60
DIP_CUR,6/17/24,,,,,,
DIP_CUR,6/17/24,77,79,74,58,32,16
DIP_CUR,6/25/24,,,,,,
DIP_CUR,6/25/24,38,25,26,19,23,17
DIP_CUR,7/2/24,,,,,,
DIP_CUR,7/2/24,93,45,50,22,14,11
DIP_CUR,7/9/24,,,,,,
DIP_CUR,7/9/24,11,8,4,4,3,1
DIP_CUR,7/15/24,,,,,,
DIP_CUR,7/15/24,0,0,0,0,0,0
DIP_CUR,7/23/24,,,,,,
DIP_CUR,7/23/24,3,3,12,3,0,1
DIP_CUR,7/30/24,1,6,19,19,3,4
DIP_CUR,7/30/24,,,,,,
DIP_CUR,8/6/24,3,4,1,4,0,0
DIP_CUR,8/6/24,,,,,,
DIP_CUR,8/13/24,1,12,0,2,3,1
DIP_CUR,8/13/24,,,,,,
DIP_CUR,8/20/24,2,3,2,4,1,2
DIP_CUR,8/20/24,,,,,,
DIP_CUR,8/27/24,4,8,0,0,4,0
DIP_CUR,8/27/24,,,,,,
DIP_CUR,9/3/24,0,1,0,1,0,0
DIP_CUR,9/3/24,,,,,,
DIP_CUR,9/10/24,0,0,0,0,0,0
DIP_CUR,9/10/24,,,,,,
DIP_CUR,9/17/24,7,2,5,1,6,2
DIP_CUR,9/17/24,,,,,,
DIP_CUR,9/24/24,6,0,9,1,0,7
DIP_CUR,9/24/24,,,,,,
DIP_CUR,10/1/24,75,4,15,2,12,5
DIP_CUR,10/1/24,,,,,,
DIP_CUR,10/8/24,,,,,,
DIP_CUR,10/8/24,0,0,5,2,2,3
DIP_CUR,10/15/24,5,3,4,4,0,1
DIP_CUR,10/15/24,,,,,,
DIP_CUR,10/22/24,,,,,,
DIP_CUR,10/22/24,4,3,3,2,0,1
DIP_CUR,10/29/24,1,0,0,1,0,0
DIP_CUR,10/29/24,,,,,,
DIP_CUR,11/5/24,,,,,,
DIP_CUR,11/5/24,1,2,0,0,1,0
DIP_CUR,11/12/24,3,1,1,0,0,0
DIP_CUR,11/12/24,,,,,,
DIP_CUR,11/18/24,,,,,,
DIP_CUR,11/18/24,1,0,0,0,0,0
DIP_CUR,11/26/24,0,0,0,0,0,0
DIP_CUR,11/26/24,,,,,,
DIP_CUR,12/3/24,,,,,,
DIP_CUR,12/3/24,0,0,0,0,0,0
DIP_FLE,3/12/24,,,,,,
DIP_FLE,3/12/24,3,1,3,0,0,0
DIP_FLE,3/19/24,,,,,,
DIP_FLE,3/19/24,0,0,0,1,0,0
DIP_FLE,3/26/24,,,,,,
DIP_FLE,3/26/24,0,0,0,0,0,0
DIP_FLE,4/2/24,3,0,4,2,0,0
DIP_FLE,4/2/24,,,,,,
DIP_FLE,4/9/24,,,,,,
DIP_FLE,4/9/24,0,1,2,1,0,0
DIP_FLE,4/17/24,,,,,,
DIP_FLE,4/17/24,31,21,31,18,0,1
DIP_FLE,4/23/24,11,19,25,19,0,0
DIP_FLE,4/23/24,,,,,,
DIP_FLE,5/1/24,22,8,9,1,0,0
DIP_FLE,5/1/24,,,,,,
DIP_FLE,5/7/24,4,0,6,0,0,0
DIP_FLE,5/7/24,,,,,,
DIP_FLE,5/14/24,1,0,7,1,0,2
DIP_FLE,5/14/24,,,,,,
DIP_FLE,5/21/24,0,3,0,3,0,0
DIP_FLE,5/21/24,,,,,,
DIP_FLE,5/28/24,,,,,,
DIP_FLE,5/28/24,30,17,14,6,4,8
DIP_FLE,6/4/24,,,,,,
DIP_FLE,6/4/24,29,28,1,3,18,1
DIP_FLE,6/11/24,,,,,,
DIP_FLE,6/11/24,75,69,53,33,20,80
DIP_FLE,6/17/24,,,,,,
DIP_FLE,6/17/24,40,48,31,25,42,19
DIP_FLE,6/25/24,,,,,,
DIP_FLE,6/25/24,40,25,25,15,1,0
DIP_FLE,7/2/24,,,,,,
DIP_FLE,7/2/24,37,6,36,12,9,3
DIP_FLE,7/9/24,,,,,,
DIP_FLE,7/9/24,5,4,3,5,17,7
DIP_FLE,7/15/24,,,,,,
DIP_FLE,7/15/24,6,10,0,5,18,6
DIP_FLE,7/23/24,,,,,,
DIP_FLE,7/23/24,13,24,1,2,31,0
DIP_FLE,7/30/24,1,5,2,23,0,8
DIP_FLE,7/30/24,,,,,,
DIP_FLE,8/6/24,8,26,3,12,1,3
DIP_FLE,8/6/24,,,,,,
DIP_FLE,8/13/24,5,7,0,2,4,1
DIP_FLE,8/13/24,,,,,,
DIP_FLE,8/20/24,,,,,,
DIP_FLE,8/20/24,,,,,,
DIP_FLE,8/27/24,1,1,0,1,0,0
DIP_FLE,8/27/24,,,,,,
DIP_FLE,9/3/24,2,5,7,2,0,1
DIP_FLE,9/3/24,,,,,,
DIP_FLE,9/10/24,1,1,4,1,0,0
DIP_FLE,9/10/24,,,,,,
DIP_FLE,9/17/24,0,3,4,4,2,3
DIP_FLE,9/17/24,,,,,,
DIP_FLE,9/24/24,0,1,1,1,0,2
DIP_FLE,9/24/24,,,,,,
DIP_FLE,10/1/24,2,7,2,0,3,0
DIP_FLE,10/1/24,,,,,,
DIP_FLE,10/8/24,,,,,,
DIP_FLE,10/8/24,0,1,0,0,0,0
DIP_FLE,10/15/24,2,3,1,1,0,2
DIP_FLE,10/15/24,,,,,,
DIP_FLE,10/22/24,0,1,0,0,0,0
DIP_FLE,10/29/24,0,1,0,0,1,0
DIP_FLE,11/5/24,0,1,1,0,1,0
DIP_FLE,11/12/24,1,0,0,0,0,0
DIP_FLE,11/18/24,1,0,0,0,0,0
DIP_FLE,11/26/24,0,0,0,0,0,0
DIP_FLE,12/3/24,0,0,0,0,0,0
DIP_PAT,3/12/24,,,,,,
DIP_PAT,3/12/24,0,0,0,0,0,0
DIP_PAT,3/19/24,,,,,,
DIP_PAT,3/19/24,0,0,0,0,0,0
DIP_PAT,3/26/24,,,,,,
DIP_PAT,3/26/24,0,0,0,0,0,0
DIP_PAT,4/2/24,,,,,,
DIP_PAT,4/2/24,1,1,1,0,0,0
DIP_PAT,4/9/24,,,,,,
DIP_PAT,4/9/24,0,1,1,0,0,0
DIP_PAT,4/16/24,13,10,16,0,2,0
DIP_PAT,4/16/24,,,,,,
DIP_PAT,4/23/24,36,25,39,46,0,1
DIP_PAT,4/23/24,,,,,,
DIP_PAT,5/1/24,,,,,,
DIP_PAT,5/1/24,32,24,48,17,8,16
DIP_PAT,5/7/24,32,10,19,9,3,4
DIP_PAT,5/7/24,,,,,,
DIP_PAT,5/14/24,,,,,,
DIP_PAT,5/14/24,49,49,33,18,4,2
DIP_PAT,5/21/24,20,29,19,19,2,2
DIP_PAT,5/21/24,,,,,,
DIP_PAT,5/28/24,,,,,,
DIP_PAT,5/28/24,50,46,110,91,19,21
DIP_PAT,6/4/24,,,,,,
DIP_PAT,6/4/24,74,76,82,90,33,23
DIP_PAT,6/11/24,,,,,,
DIP_PAT,6/11/24,133,72,111,62,36,39
DIP_PAT,6/17/24,,,,,,
DIP_PAT,6/17/24,59,80,73,56,15,26
DIP_PAT,6/25/24,,,,,,
DIP_PAT,6/25/24,0,3,6,10,1,5
DIP_PAT,7/2/24,,,,,,
DIP_PAT,7/2/24,0,6,11,13,1,4
DIP_PAT,7/9/24,,,,,,
DIP_PAT,7/9/24,18,18,5,8,23,10
DIP_PAT,7/15/24,,,,,,
DIP_PAT,7/15/24,1,7,5,23,13,2
DIP_PAT,7/23/24,,,,,,
DIP_PAT,7/23/24,3,8,6,27,0,10
DIP_PAT,7/30/24,0,1,0,0,0,0
DIP_PAT,7/30/24,,,,,,
DIP_PAT,8/6/24,0,0,0,0,0,0
DIP_PAT,8/6/24,,,,,,
DIP_PAT,8/13/24,1,2,0,0,0,0
DIP_PAT,8/13/24,,,,,,
DIP_PAT,8/20/24,0,8,0,0,0,0
DIP_PAT,8/20/24,,,,,,
DIP_PAT,8/27/24,2,2,3,2,0,0
DIP_PAT,8/27/24,,,,,,
DIP_PAT,9/3/24,4,1,1,1,0,0
DIP_PAT,9/3/24,,,,,,
DIP_PAT,9/10/24,7,1,14,1,0,1
DIP_PAT,9/10/24,,,,,,
DIP_PAT,9/17/24,4,0,5,0,0,1
DIP_PAT,9/17/24,,,,,,
DIP_PAT,9/24/24,1,0,0,0,0,0
DIP_PAT,9/24/24,,,,,,
DIP_PAT,10/1/24,2,4,5,3,2,1
DIP_PAT,10/1/24,,,,,,
DIP_PAT,10/8/24,,,,,,
DIP_PAT,10/8/24,1,1,1,0,0,1
DIP_PAT,10/15/24,4,1,3,3,2,0
DIP_PAT,10/15/24,,,,,,
DIP_PAT,10/22/24,7,4,0,0,2,1
DIP_PAT,10/22/24,,,,,,
DIP_PAT,10/29/24,,,,,,
DIP_PAT,10/29/24,0,1,1,0,0,1
DIP_PAT,11/5/24,7,1,8,0,1,0
DIP_PAT,11/5/24,,,,,,
DIP_PAT,11/12/24,,,,,,
DIP_PAT,11/12/24,4,0,4,1,1,2
DIP_PAT,11/18/24,2,1,2,0,1,1
DIP_PAT,11/18/24,,,,,,
DIP_PAT,11/26/24,,,,,,
DIP_PAT,11/26/24,5,1,5,1,1,0
DIP_PAT,12/3/24,0,0,0,0,0,0
DIP_PAT,12/3/24,,,,,,
GAB_ALL,3/8/24,,,,,,
GAB_ALL,3/8/24,1,0,0,0,0,0
GAB_ALL,3/13/24,,,,,,
GAB_ALL,3/13/24,5,0,0,0,0,0
GAB_ALL,3/21/24,,,,,,
GAB_ALL,3/21/24,1,0,1,1,0,0
GAB_ALL,3/26/24,,,,,,
GAB_ALL,3/26/24,0,0,0,0,0,0
GAB_ALL,4/1/24,,,,,,
GAB_ALL,4/1/24,1,5,2,1,0,0
GAB_ALL,4/9/24,,,,,,
GAB_ALL,4/9/24,0,5,3,7,0,0
GAB_ALL,4/16/24,,,,,,
GAB_ALL,4/16/24,8,4,9,4,1,0
GAB_ALL,4/22/24,19,5,12,5,3,0
GAB_ALL,4/22/24,,,,,,
GAB_ALL,4/29/24,29,1,20,0,0,0
GAB_ALL,4/29/24,,,,,,
GAB_ALL,5/7/24,42,5,11,4,0,0
GAB_ALL,5/7/24,,,,,,
GAB_ALL,5/13/24,1,0,4,4,0,0
GAB_ALL,5/13/24,,,,,,
GAB_HEN,3/8/24,,,,,,
GAB_HEN,3/8/24,0,0,0,0,0,0
GAB_HEN,3/13/24,,,,,,
GAB_HEN,3/13/24,0,1,0,0,0,0
GAB_HEN,3/21/24,,,,,,
GAB_HEN,3/21/24,0,0,1,0,0,0
GAB_HEN,3/26/24,,,,,,
GAB_HEN,3/26/24,0,0,0,0,0,0
GAB_HEN,4/1/24,,,,,,
GAB_HEN,4/1/24,1,0,0,0,0,0
GAB_HEN,4/9/24,,,,,,
GAB_HEN,4/9/24,0,0,0,1,0,0
GAB_HEN,4/16/24,,,,,,
GAB_HEN,4/16/24,4,2,8,1,0,0
GAB_HEN,4/22/24,3,4,1,3,0,0
GAB_HEN,4/22/24,,,,,,
GAB_HEN,4/29/24,13,8,4,1,2,0
GAB_HEN,4/29/24,,,,,,
GAB_HEN,5/7/24,,,,,,
GAB_HEN,5/7/24,9,6,18,10,2,2
GAB_HEN,5/13/24,,,,,,
GAB_HEN,5/13/24,7,4,8,3,1,1
GAB_STE,3/8/24,,,,,,
GAB_STE,3/8/24,0,0,0,0,0,0
GAB_STE,3/13/24,,,,,,
GAB_STE,3/13/24,0,0,1,0,0,0
GAB_STE,3/21/24,,,,,,
GAB_STE,3/21/24,0,1,0,0,0,0
GAB_STE,3/26/24,,,,,,
GAB_STE,3/26/24,0,0,0,0,0,0
GAB_STE,4/1/24,,,,,,
GAB_STE,4/1/24,0,0,1,0,0,0
GAB_STE,4/9/24,,,,,,
GAB_STE,4/9/24,0,1,0,2,0,0
GAB_STE,4/16/24,,,,,,
GAB_STE,4/16/24,5,6,8,4,0,0
GAB_STE,4/22/24,2,3,0,1,2,1
GAB_STE,4/22/24,,,,,,
GAB_STE,4/29/24,1,1,2,1,0,0
GAB_STE,4/29/24,,,,,,
GAB_STE,5/7/24,,,,,,
GAB_STE,5/7/24,6,1,11,2,0,0
GAB_STE,5/13/24,3,2,11,5,0,0
GAB_STE,5/13/24,,,,,,
HUN_PLE_9,4/22/24,9,11,5,5,4,1
HUN_PLE_9,4/22/24,,,,,,
HUN_PLE_9,4/29/24,30,11,19,5,0,0
HUN_PLE_9,4/29/24,,,,,,
HUN_PLE_9,5/6/24,57,17,53,20,15,13
HUN_PLE_9,5/6/24,,,,,,
HUN_PLE_9,5/13/24,41,8,15,4,0,0
HUN_PLE_9,5/13/24,,,,,,
HUN_PLE_9,5/20/24,129,30,127,34,7,5
HUN_PLE_9,5/20/24,54,15,87,32,18,15
KAT_HAB_3,3/11/24,,,,,,
KAT_HAB_3,3/11/24,0,0,0,0,0,0
KAT_HAB_3,3/19/24,,,,,,
KAT_HAB_3,3/19/24,1,0,0,1,0,0
KAT_HAB_3,3/25/24,,,,,,
KAT_HAB_3,3/25/24,0,0,0,0,0,0
KAT_HAB_3,4/1/24,,,,,,
KAT_HAB_3,4/1/24,0,0,1,0,0,0
KAT_HAB_3,4/9/24,,,,,,
KAT_HAB_3,4/9/24,0,0,0,0,0,0
KAT_HAB_3,4/15/24,,,,,,
KAT_HAB_3,4/15/24,8,3,1,2,0,0
KAT_HAB_3,4/22/24,12,4,13,10,8,18
KAT_HAB_3,4/22/24,,,,,,
KAT_HAB_3,4/29/24,11,4,37,17,3,12
KAT_HAB_3,4/29/24,,,,,,
KAT_HAB_3,5/6/24,,,,,,
KAT_HAB_3,5/6/24,14,15,0,4,43,15
KAT_HAB_3,5/13/24,7,1,8,2,0,0
KAT_HAB_3,5/13/24,,,,,,
KAT_HAB_3,5/21/24,6,5,19,9,0,4
KAT_HAB_3,5/21/24,,,,,,
KAT_HAB_3,5/28/24,3,10,2,9,7,1
KAT_HAB_3,5/28/24,,,,,,
KAT_HAB_3,6/3/24,,,,,,
KAT_HAB_3,6/3/24,3,5,1,3,7,4
KAT_HAB_3,6/10/24,,,,,,
KAT_HAB_3,6/10/24,10,13,2,5,4,2
KAT_HAB_3,6/17/24,11,2,16,29,6,22
KAT_HAB_3,6/17/24,,,,,,
KAT_HAB_3,6/25/24,4,5,4,7,7,1
KAT_HAB_3,6/25/24,,,,,,
KAT_HAB_3,7/1/24,34,60,8,17,97,20
KAT_HAB_3,7/1/24,,,,,,
KAT_HAB_3,7/8/24,,,,,,
KAT_HAB_3,7/8/24,,,,,,
KAT_HAB_3,7/16/24,,,,,,
KAT_HAB_3,7/16/24,1,30,6,61,5,4
KAT_HAB_3,7/23/24,,,,,,
KAT_HAB_3,7/23/24,10,7,1,4,2,3
KAT_HAB_3,7/29/24,,,,,,
KAT_HAB_3,7/29/24,5,13,7,7,5,2
KAT_HAB_3,8/5/24,,,,,,
KAT_HAB_3,8/5/24,6,6,13,15,14,19
KAT_HAB_3,8/12/24,3,7,8,8,6,25
KAT_HAB_3,8/12/24,,,,,,
KAT_HAB_3,8/19/24,,,,,,
KAT_HAB_3,8/19/24,5,4,4,5,20,10
KAT_HAB_3,8/26/24,,,,,,
KAT_HAB_3,8/26/24,6,8,9,7,11,5
KAT_HAB_3,9/4/24,,,,,,
KAT_HAB_3,9/4/24,,,,,,
KAT_HAB_3,9/9/24,,,,,,
KAT_HAB_3,9/9/24,3,0,1,0,0,0
KAT_HAB_3,9/16/24,0,0,0,2,0,0
KAT_HAB_3,9/16/24,,,,,,
KAT_HAB_3,9/23/24,3,0,0,1,1,0
KAT_HAB_3,9/23/24,,,,,,
KAT_HAB_3,9/30/24,1,5,0,6,1,2
KAT_HAB_3,9/30/24,,,,,,
KAT_HAB_3,10/7/24,2,0,1,1,3,0
KAT_HAB_3,10/7/24,,,,,,
KAT_HAB_3,10/14/24,1,6,19,19,3,4
KAT_HAB_3,10/14/24,,,,,,
KAT_HAB_3,10/21/24,3,8,3,7,0,1
KAT_HAB_3,10/21/24,,,,,,
KAT_HAB_3,10/28/24,2,4,3,1,0,0
KAT_HAB_3,10/28/24,,,,,,
KAT_HAB_3,11/4/24,2,3,0,0,0,0
KAT_HAB_3,11/4/24,,,,,,
KAT_HAB_3,11/12/24,4,3,2,1,0,0
KAT_HAB_3,11/12/24,,,,,,
KAT_HAB_3,11/18/24,1,4,1,0,2,0
KAT_HAB_3,11/18/24,,,,,,
KAT_HAB_3,11/25/24,1,1,1,3,0,0
KAT_HAB_3,11/25/24,,,,,,
KAT_HAB_4,3/11/24,,,,,,
KAT_HAB_4,3/11/24,2,1,0,1,0,0
KAT_HAB_4,3/19/24,,,,,,
KAT_HAB_4,3/19/24,8,2,4,1,0,0
KAT_HAB_4,3/25/24,,,,,,
KAT_HAB_4,3/25/24,0,0,0,0,0,0
KAT_HAB_4,4/1/24,,,,,,
KAT_HAB_4,4/1/24,0,6,0,0,0,0
KAT_HAB_4,4/9/24,,,,,,
KAT_HAB_4,4/9/24,4,5,2,5,0,0
KAT_HAB_4,4/15/24,,,,,,
KAT_HAB_4,4/15/24,4,1,4,0,0,0
KAT_HAB_4,4/22/24,23,8,9,5,3,0
KAT_HAB_4,4/22/24,,,,,,
KAT_HAB_4,4/29/24,18,5,14,5,2,3
KAT_HAB_4,4/29/24,16,8,20,9,1,0
KAT_HAB_4,5/6/24,,,,,,
KAT_HAB_4,5/6/24,22,3,5,1,4,0
KAT_HAB_4,5/13/24,14,10,41,11,0,2
KAT_HAB_4,5/13/24,,,,,,
KAT_HAB_4,5/21/24,2,3,6,0,0,2
KAT_HAB_4,5/21/24,,,,,,
KAT_HAB_4,5/28/24,4,1,12,2,0,0
KAT_HAB_4,5/28/24,,,,,,
KAT_HAB_4,6/3/24,,,,,,
KAT_HAB_4,6/3/24,,,,,,
KAT_HAB_4,6/10/24,,,,,,
KAT_HAB_4,6/10/24,9,9,12,14,8,12
KAT_HAB_4,6/17/24,15,29,10,19,11,7
KAT_HAB_4,6/17/24,,,,,,
KAT_HAB_4,6/25/24,,,,,,
KAT_HAB_4,6/25/24,5,4,43,38,5,21
KAT_HAB_4,7/1/24,50,55,62,49,12,27
KAT_HAB_4,7/1/24,,,,,,
KAT_HAB_4,7/8/24,,,,,,
KAT_HAB_4,7/8/24,,,,,,
KAT_HAB_4,7/16/24,,,,,,
KAT_HAB_4,7/16/24,6,9,17,32,6,21
KAT_HAB_4,7/23/24,,,,,,
KAT_HAB_4,7/23/24,11,32,10,19,10,4
KAT_HAB_4,7/29/24,,,,,,
KAT_HAB_4,7/29/24,8,16,5,10,28,13
KAT_HAB_4,8/5/24,,,,,,
KAT_HAB_4,8/5/24,2,12,1,4,6,1
KAT_HAB_4,8/12/24,0,14,7,0,11,10
KAT_HAB_4,8/19/24,,,,,,
KAT_HAB_4,8/19/24,10,35,15,73,11,34
KAT_HAB_4,8/26/24,,,,,,
KAT_HAB_4,8/26/24,18,66,9,29,19,12
KAT_HAB_4,9/4/24,,,,,,
KAT_HAB_4,9/4/24,13,6,28,19,4,30
KAT_HAB_4,9/9/24,,,,,,
KAT_HAB_4,9/9/24,1,4,4,8,0,1
KAT_HAB_4,9/16/24,3,1,4,1,0,1
KAT_HAB_4,9/16/24,,,,,,
KAT_HAB_4,9/23/24,14,9,15,6,10,5
KAT_HAB_4,9/23/24,,,,,,
KAT_HAB_4,9/30/24,75,31,69,23,11,15
KAT_HAB_4,9/30/24,,,,,,
KAT_HAB_4,10/7/24,2,0,2,1,0,0
KAT_HAB_4,10/7/24,,,,,,
KAT_HAB_4,10/14/24,4,0,2,1,0,2
KAT_HAB_4,10/14/24,,,,,,
KAT_HAB_4,10/21/24,5,7,11,8,2,0
KAT_HAB_4,10/21/24,,,,,,
KAT_HAB_4,10/28/24,2,8,10,6,0,0
KAT_HAB_4,10/28/24,,,,,,
KAT_HAB_4,11/4/24,6,12,3,13,1,0
KAT_HAB_4,11/4/24,,,,,,
KAT_HAB_4,11/12/24,4,10,1,1,0,0
KAT_HAB_4,11/12/24,,,,,,
KAT_HAB_4,11/18/24,1,0,1,0,0,0
KAT_HAB_4,11/18/24,,,,,,
KAT_HAB_4,11/25/24,0,1,1,2,0,0
KAT_HAB_4,11/25/24,,,,,,
KAT_JEF,3/11/24,,,,,,
KAT_JEF,3/11/24,3,0,0,1,0,0
KAT_JEF,3/19/24,,,,,,
KAT_JEF,3/19/24,0,1,0,0,0,0
KAT_JEF,3/25/24,,,,,,
KAT_JEF,3/25/24,0,0,0,0,0,0
KAT_JEF,4/2/24,,,,,,
KAT_JEF,4/2/24,1,3,0,0,0,0
KAT_JEF,4/9/24,,,,,,
KAT_JEF,4/9/24,1,6,0,1,0,0
KAT_JEF,4/15/24,,,,,,
KAT_JEF,4/15/24,2,3,0,2,1,0
KAT_JEF,4/22/24,3,1,1,3,1,0
KAT_JEF,4/22/24,,,,,,
KAT_JEF,4/29/24,3,0,1,2,0,0
KAT_JEF,4/29/24,,,,,,
KAT_JEF,5/6/24,,,,,,
KAT_JEF,5/6/24,1,2,3,2,0,0
KAT_JEF,5/13/24,1,4,0,5,0,0
KAT_JEF,5/13/24,,,,,,
KAT_JEF,5/21/24,4,2,17,4,0,1
KAT_JEF,5/21/24,,,,,,
KAT_JEF,5/31/24,9,9,0,0,1,0
KAT_JEF,5/31/24,,,,,,
KAT_JEF,6/3/24,,,,,,
KAT_JEF,6/3/24,0,1,1,0,2,0
KAT_JEF,6/10/24,,,,,,
KAT_JEF,6/10/24,0,0,2,8,1,7
KAT_JEF,6/18/24,18,19,4,1,11,1
KAT_JEF,6/18/24,,,,,,
KAT_JEF,6/25/24,0,0,20,23,0,6
KAT_JEF,6/25/24,,,,,,
KAT_JEF,7/1/24,23,13,2,0,14,0
KAT_JEF,7/1/24,,,,,,
KAT_JEF,7/8/24,1,1,2,0,1,0
KAT_JEF,7/8/24,,,,,,
KAT_JEF,7/16/24,,,,,,
KAT_JEF,7/16/24,0,0,0,0,0,0
KAT_JEF,7/23/24,,,,,,
KAT_JEF,7/23/24,0,1,0,0,0,0
KAT_JEF,7/29/24,,,,,,
KAT_JEF,7/29/24,0,0,0,0,0,0
KAT_JEF,8/5/24,,,,,,
KAT_JEF,8/5/24,0,0,0,0,0,0
KAT_JEF,8/12/24,1,0,0,0,0,0
KAT_JEF,8/12/24,,,,,,
KAT_JEF,8/19/24,,,,,,
KAT_JEF,8/19/24,0,0,0,0,0,0
KAT_JEF,8/26/24,,,,,,
KAT_JEF,8/26/24,0,0,0,0,0,0
KAT_JEF,9/4/24,,,,,,
KAT_JEF,9/4/24,0,1,0,0,0,0
KAT_JEF,9/9/24,,,,,,
KAT_JEF,9/9/24,0,0,0,0,0,0
KAT_JEF,9/16/24,0,0,1,0,0,0
KAT_JEF,9/16/24,,,,,,
KAT_JEF,9/23/24,0,0,0,0,0,0
KAT_JEF,9/23/24,,,,,,
KAT_JEF,9/30/24,0,0,0,0,0,0
KAT_JEF,9/30/24,,,,,,
KAT_JEF,10/7/24,0,2,1,0,1,0
KAT_JEF,10/7/24,,,,,,
KAT_JEF,10/14/24,1,3,3,3,0,0
KAT_JEF,10/14/24,,,,,,
KAT_JEF,10/21/24,0,1,0,0,1,0
KAT_JEF,10/21/24,,,,,,
KAT_JEF,10/30/24,2,1,1,0,0,0
KAT_JEF,10/30/24,,,,,,
KAT_JEF,11/4/24,0,1,0,1,0,0
KAT_JEF,11/4/24,,,,,,
KAT_JEF,11/12/24,21,4,4,2,0,0
KAT_JEF,11/12/24,,,,,,
KAT_JEF,11/18/24,9,6,0,1,0,0
KAT_JEF,11/18/24,,,,,,
KAT_JEF,11/25/24,6,0,1,1,0,0
KAT_JEF,11/25/24,,,,,,
KAT_JEF_2,3/11/24,,,,,,
KAT_JEF_2,3/11/24,2,2,0,0,0,0
KAT_JEF_2,3/19/24,,,,,,
KAT_JEF_2,3/19/24,0,1,0,0,0,0
KAT_JEF_2,3/25/24,,,,,,
KAT_JEF_2,3/25/24,0,0,0,0,0,0
KAT_JEF_2,4/2/24,,,,,,
KAT_JEF_2,4/2/24,0,0,1,0,0,0
KAT_JEF_2,4/9/24,,,,,,
KAT_JEF_2,4/9/24,0,1,0,2,0,0
KAT_JEF_2,4/15/24,,,,,,
KAT_JEF_2,4/15/24,3,4,0,3,0,0
KAT_JEF_2,4/22/24,3,3,3,0,1,0
KAT_JEF_2,4/22/24,,,,,,
KAT_JEF_2,4/29/24,,,,,,
KAT_JEF_2,4/29/24,7,0,2,1,0,0
KAT_JEF_2,5/6/24,,,,,,
KAT_JEF_2,5/6/24,1,0,1,2,0,0
KAT_JEF_2,5/13/24,12,34,51,94,1,2
KAT_JEF_2,5/13/24,,,,,,
KAT_JEF_2,5/21/24,11,4,0,1,1,1
KAT_JEF_2,5/21/24,,,,,,
KAT_JEF_2,5/31/24,7,6,1,5,2,0
KAT_JEF_2,5/31/24,,,,,,
KAT_JEF_2,6/3/24,,,,,,
KAT_JEF_2,6/3/24,1,0,0,0,0,0
KAT_JEF_2,6/10/24,,,,,,
KAT_JEF_2,6/10/24,30,19,3,6,6,3
KAT_JEF_2,6/18/24,23,31,3,6,6,0
KAT_JEF_2,6/18/24,,,,,,
KAT_JEF_2,6/25/24,3,5,2,6,0,0
KAT_JEF_2,6/25/24,,,,,,
KAT_JEF_2,7/1/24,61,36,9,7,9,1
KAT_JEF_2,7/1/24,,,,,,
KAT_JEF_2,7/8/24,7,8,6,2,3,3
KAT_JEF_2,7/8/24,,,,,,
KAT_JEF_2,7/16/24,,,,,,
KAT_JEF_2,7/16/24,2,5,2,3,2,0
KAT_JEF_2,7/23/24,,,,,,
KAT_JEF_2,7/23/24,,,,,,
KAT_JEF_2,7/29/24,,,,,,
KAT_JEF_2,7/29/24,1,6,0,1,0,0
KAT_JEF_2,8/5/24,,,,,,
KAT_JEF_2,8/5/24,0,0,0,0,0,0
KAT_JEF_2,8/12/24,0,0,1,0,0,0
KAT_JEF_2,8/12/24,,,,,,
KAT_JEF_2,8/19/24,,,,,,
KAT_JEF_2,8/19/24,0,0,0,0,0,0
KAT_JEF_2,8/26/24,,,,,,
KAT_JEF_2,8/26/24,0,0,0,0,0,0
KAT_JEF_2,9/4/24,,,,,,
KAT_JEF_2,9/4/24,0,0,0,0,0,0
KAT_JEF_2,9/9/24,,,,,,
KAT_JEF_2,9/9/24,0,0,0,0,0,0
KAT_JEF_2,9/16/24,,,,,,
KAT_JEF_2,9/16/24,0,0,0,0,0,0
KAT_JEF_2,9/23/24,0,0,0,0,0,0
KAT_JEF_2,9/23/24,,,,,,
KAT_JEF_2,9/30/24,,,,,,
KAT_JEF_2,9/30/24,,,,,,
KAT_JEF_2,10/7/24,0,1,0,0,0,0
KAT_JEF_2,10/7/24,,,,,,
KAT_JEF_2,10/14/24,4,10,2,3,4,4
KAT_JEF_2,10/14/24,,,,,,
KAT_JEF_2,10/21/24,0,0,0,1,0,0
KAT_JEF_2,10/21/24,,,,,,
KAT_JEF_2,10/30/24,1,2,1,2,0,0
KAT_JEF_2,10/30/24,,,,,,
KAT_JEF_2,11/4/24,0,0,0,0,1,0
KAT_JEF_2,11/4/24,,,,,,
KAT_JEF_2,11/12/24,1,0,3,1,0,0
KAT_JEF_2,11/12/24,,,,,,
KAT_JEF_2,11/18/24,1,1,0,0,0,0
KAT_JEF_2,11/18/24,,,,,,
KAT_JEF_2,11/25/24,2,0,2,0,0,0
KAT_JEF_2,11/25/24,,,,,,
KAT_MAH,4/9/24,,,,,,
KAT_MAH,4/9/24,0,2,0,2,0,0
KAT_MAH,4/15/24,,,,,,
KAT_MAH,4/15/24,2,1,9,10,0,0
KAT_MAH,4/22/24,28,31,44,25,0,0
KAT_MAH,4/22/24,,,,,,
KAT_MAH,4/29/24,6,0,9,7,3,1
KAT_MAH,4/29/24,,,,,,
KAT_MAH,5/6/24,,,,,,
KAT_MAH,5/6/24,19,13,64,61,0,1
KAT_MAH,5/13/24,3,8,8,9,0,0
KAT_MAH,5/13/24,,,,,,
KAT_MAH,5/20/24,5,9,23,19,2,8
KAT_MAH,5/20/24,,,,,,
KAT_MAH,5/31/24,8,2,32,28,6,20
KAT_MAH,5/31/24,,,,,,
KAT_MAH,6/3/24,,,,,,
KAT_MAH,6/3/24,5,4,0,1,1,0
KAT_MAH,6/10/24,,,,,,
KAT_MAH,6/10/24,6,2,37,39,0,14
KAT_MAH,6/17/24,39,31,4,1,0,0
KAT_MAH,6/17/24,,,,,,
KAT_SAU,4/9/24,,,,,,
KAT_SAU,4/9/24,2,1,1,3,0,0
KAT_SAU,4/15/24,,,,,,
KAT_SAU,4/15/24,9,9,3,0,0,0
KAT_SAU,4/22/24,1,3,22,32,0,0
KAT_SAU,4/22/24,,,,,,
KAT_SAU,4/29/24,9,7,9,11,0,0
KAT_SAU,4/29/24,,,,,,
KAT_SAU,5/6/24,,,,,,
KAT_SAU,5/6/24,24,14,17,27,0,1
KAT_SAU,5/13/24,37,39,4,5,1,0
KAT_SAU,5/13/24,,,,,,
KAT_SAU,5/20/24,4,2,0,2,0,0
KAT_SAU,5/20/24,,,,,,
KAT_SAU,5/31/24,2,6,3,3,0,1
KAT_SAU,5/31/24,,,,,,
KAT_SAU,6/3/24,,,,,,
KAT_SAU,6/3/24,0,0,0,1,0,0
KAT_SAU,6/10/24,,,,,,
KAT_SAU,6/10/24,33,30,2,5,9,0
KAT_SAU,6/17/24,3,0,7,6,0,0
KAT_SAU,6/17/24,,,,,,
KAT_SAU_3,4/9/24,,,,,,
KAT_SAU_3,4/9/24,0,1,0,0,0,0
KAT_SAU_3,4/15/24,,,,,,
KAT_SAU_3,4/15/24,7,3,17,7,0,0
KAT_SAU_3,4/22/24,51,50,41,49,0,0
KAT_SAU_3,4/22/24,,,,,,
KAT_SAU_3,4/29/24,4,1,6,5,0,1
KAT_SAU_3,4/29/24,,,,,,
KAT_SAU_3,5/6/24,,,,,,
KAT_SAU_3,5/6/24,11,7,5,3,2,1
KAT_SAU_3,5/13/24,6,10,1,2,0,0
KAT_SAU_3,5/13/24,,,,,,
KAT_SAU_3,5/20/24,0,6,0,4,0,0
KAT_SAU_3,5/20/24,,,,,,
KAT_SAU_3,5/31/24,1,0,0,0,0,0
KAT_SAU_3,5/31/24,,,,,,
KAT_SAU_3,6/3/24,,,,,,
KAT_SAU_3,6/3/24,2,1,0,1,0,0
KAT_SAU_3,6/10/24,,,,,,
KAT_SAU_3,6/10/24,13,15,13,16,2,4
KAT_SAU_3,6/17/24,3,5,14,13,4,5
KAT_SAU_3,6/17/24,11,14,10,16,9,4
KAT_TEE,4/9/24,,,,,,
KAT_TEE,4/9/24,1,0,0,1,0,0
KAT_TEE,4/15/24,,,,,,
KAT_TEE,4/15/24,1,4,2,5,0,0
KAT_TEE,4/22/24,3,4,0,0,0,0
KAT_TEE,4/22/24,,,,,,
KAT_TEE,4/29/24,3,12,3,6,0,1
KAT_TEE,4/29/24,,,,,,
KAT_TEE,5/6/24,,,,,,
KAT_TEE,5/6/24,4,2,11,1,0,1
KAT_TEE,5/13/24,10,6,76,47,1,1
KAT_TEE,5/13/24,,,,,,
KAT_TEE,5/20/24,13,8,4,2,0,0
KAT_TEE,5/20/24,,,,,,
KAT_TEE,5/28/24,1,4,4,7,0,0
KAT_TEE,5/28/24,,,,,,
KAT_TEE,6/3/24,,,,,,
KAT_TEE,6/3/24,1,2,24,4,0,0
KAT_TEE,6/10/24,0,1,20,8,0,0
KAT_TEE,6/10/24,1,1,21,4,0,2
KAT_TEE,6/17/24,19,5,1,1,0,0
KAT_TEE,6/17/24,,,,,,
KAT_TEE_2,4/9/24,,,,,,
KAT_TEE_2,4/9/24,0,0,0,0,0,0
KAT_TEE_2,4/15/24,,,,,,
KAT_TEE_2,4/15/24,0,0,1,2,0,0
KAT_TEE_2,4/22/24,7,2,1,0,0,0
KAT_TEE_2,4/22/24,,,,,,
KAT_TEE_2,4/29/24,11,1,3,1,0,0
KAT_TEE_2,4/29/24,,,,,,
KAT_TEE_2,5/6/24,,,,,,
KAT_TEE_2,5/6/24,6,1,1,0,0,0
KAT_TEE_2,5/13/24,25,44,59,59,2,1
KAT_TEE_2,5/13/24,,,,,,
KAT_TEE_2,5/20/24,13,22,2,3,1,0
KAT_TEE_2,5/20/24,,,,,,
KAT_TEE_2,5/28/24,0,1,20,20,0,1
KAT_TEE_2,5/28/24,,,,,,
KAT_TEE_2,6/3/24,,,,,,
KAT_TEE_2,6/3/24,30,73,5,17,2,0
KAT_TEE_2,6/10/24,,,,,,
KAT_TEE_2,6/10/24,11,12,64,58,1,17
KAT_TEE_2,6/17/24,,,,,,
KAT_TEE_2,6/17/24,,,,,,
POV_DUN,3/12/24,,,,,,
POV_DUN,3/12/24,0,0,0,0,0,0
POV_DUN,3/19/24,,,,,,
POV_DUN,3/19/24,1,0,1,1,0,0
POV_DUN,3/26/24,,,,,,
POV_DUN,3/26/24,0,0,0,0,0,0
POV_DUN,4/2/24,,,,,,
POV_DUN,4/2/24,2,0,0,0,0,0
POV_DUN,4/9/24,0,0,0,0,0,0
POV_DUN,4/9/24,,,,,,
POV_DUN,4/16/24,,,,,,
POV_DUN,4/16/24,6,1,1,0,0,0
POV_DUN,4/23/24,1,1,1,0,0,0
POV_DUN,4/23/24,,,,,,
POV_DUN,5/1/24,1,0,1,0,0,0
POV_DUN,5/1/24,,,,,,
POV_DUN,5/7/24,0,0,1,2,0,0
POV_DUN,5/7/24,,,,,,
POV_DUN,5/14/24,0,0,0,0,0,0
POV_DUN,5/14/24,,,,,,
POV_DUN,5/21/24,0,0,0,0,0,0
POV_DUN,5/21/24,,,,,,
POV_DUN,5/28/24,,,,,,
POV_DUN,5/28/24,0,1,0,0,0,0
POV_DUN,6/4/24,,,,,,
POV_DUN,6/4/24,1,0,0,0,0,0
POV_DUN,6/11/24,,,,,,
POV_DUN,6/11/24,3,4,0,0,0,0
POV_DUN,6/17/24,,,,,,
POV_DUN,6/17/24,1,1,0,0,1,0
POV_DUN,6/25/24,,,,,,
POV_DUN,6/25/24,1,0,1,0,1,0
POV_DUN,7/2/24,,,,,,
POV_DUN,7/2/24,0,2,0,1,0,0
POV_DUN,7/9/24,,,,,,
POV_DUN,7/9/24,0,0,0,0,0,0
POV_DUN,7/15/24,,,,,,
POV_DUN,7/15/24,0,0,0,0,0,0
POV_DUN,7/23/24,0,0,0,0,0,0
POV_DUN,7/30/24,1,3,0,2,0,0
POV_DUN,7/30/24,,,,,,
POV_DUN,8/6/24,0,0,0,0,0,0
POV_DUN,8/6/24,,,,,,
POV_DUN,8/13/24,0,3,0,1,0,0
POV_DUN,8/13/24,,,,,,
POV_DUN,8/20/24,0,0,0,0,0,0
POV_DUN,8/20/24,,,,,,
POV_DUN,8/27/24,,,,,,
POV_DUN,8/27/24,0,2,0,0,0,0
POV_DUN,9/3/24,0,0,1,0,0,0
POV_DUN,9/3/24,,,,,,
POV_DUN,9/10/24,0,1,0,0,0,0
POV_DUN,9/10/24,,,,,,
POV_DUN,9/17/24,0,0,0,0,0,0
POV_DUN,9/17/24,,,,,,
POV_DUN,9/24/24,0,0,0,0,0,0
POV_DUN,9/24/24,,,,,,
POV_DUN,10/1/24,0,0,0,0,0,0
POV_DUN,10/1/24,,,,,,
POV_DUN,10/8/24,,,,,,
POV_DUN,10/8/24,0,0,0,0,0,0
POV_DUN,10/15/24,0,0,0,0,0,0
POV_DUN,10/15/24,,,,,,
POV_DUN,10/22/24,,,,,,
POV_DUN,10/22/24,0,0,0,0,0,0
POV_DUN,10/29/24,0,0,0,0,0,0
POV_DUN,10/29/24,,,,,,
POV_DUN,11/5/24,,,,,,
POV_DUN,11/5/24,1,0,0,0,0,0
POV_DUN,11/12/24,0,0,0,0,0,0
POV_DUN,11/18/24,,,,,,
POV_DUN,11/18/24,,,,,,
POV_DUN,11/18/24,0,0,0,0,0,0
POV_DUN,11/26/24,0,0,0,0,0,0
POV_DUN,11/26/24,,,,,,
POV_DUN,12/3/24,,,,,,
POV_DUN,12/3/24,0,0,0,0,0,0
SEA_HOO,3/12/24,,,,,,
SEA_HOO,3/12/24,0,0,0,0,0,0
SEA_HOO,3/19/24,,,,,,
SEA_HOO,3/19/24,1,0,1,0,0,0
SEA_HOO,3/26/24,0,0,0,0,0,0
SEA_HOO,3/26/24,,,,,,
SEA_HOO,4/9/24,,,,,,
SEA_HOO,4/9/24,0,0,0,0,0,0
SEA_HOO,4/16/24,0,1,3,1,0,0
SEA_HOO,4/16/24,,,,,,
SEA_HOO,4/23/24,3,5,1,1,0,0
SEA_HOO,4/23/24,,,,,,
SEA_HOO,4/30/24,6,1,5,1,1,0
SEA_HOO,4/30/24,,,,,,
SEA_HOO,5/7/24,,,,,,
SEA_HOO,5/7/24,3,10,31,17,0,1
SEA_HOO,5/14/24,,,,,,
SEA_HOO,5/14/24,15,12,38,19,0,0
SEA_HOO,5/21/24,,,,,,
SEA_HOO,5/21/24,8,13,36,18,0,0
SEA_HOO,5/28/24,6,4,2,3,1,0
SEA_HOO,5/28/24,,,,,,
SEA_HOO,6/4/24,20,15,9,15,4,3
SEA_HOO,6/4/24,,,,,,
SEA_HOO,6/11/24,45,50,34,37,5,0
SEA_HOO,6/11/24,,,,,,
SEA_HOO,6/18/24,9,3,2,7,2,4
SEA_HOO,6/18/24,,,,,,
SEA_HOO,6/25/24,8,2,3,4,0,4
SEA_HOO,6/25/24,,,,,,
SEA_HOO,7/2/24,,,,,,
SEA_HOO,7/2/24,0,1,2,8,0,3
SEA_HOO,7/9/24,,,,,,
SEA_HOO,7/9/24,0,1,0,1,0,0
SEA_HOO,7/16/24,,,,,,
SEA_HOO,7/16/24,0,3,1,0,0,0
SEA_HOO,7/26/24,,,,,,
SEA_HOO,7/26/24,2,2,0,0,0,0
SEA_HOO,7/30/24,,,,,,
SEA_HOO,7/30/24,,,,,,
SEA_HOO,8/6/24,0,0,0,0,0,0
SEA_HOO,8/6/24,,,,,,
SEA_HOO,8/13/24,1,1,0,0,0,0
SEA_HOO,8/13/24,,,,,,
SEA_HOO,8/20/24,0,1,0,0,1,0
SEA_HOO,8/20/24,,,,,,
SEA_HOO,8/27/24,0,2,0,0,0,0
SEA_HOO,8/27/24,,,,,,
SEA_HOO,9/3/24,1,7,0,0,1,0
SEA_HOO,9/3/24,,,,,,
SEA_HOO,9/10/24,0,0,0,1,2,0
SEA_HOO,9/10/24,,,,,,
SEA_HOO,9/17/24,2,2,0,0,1,0
SEA_HOO,9/17/24,,,,,,
SEA_HOO,9/24/24,3,2,12,9,0,0
SEA_HOO,9/24/24,,,,,,
SEA_HOO,10/1/24,16,57,2,12,20,0
SEA_HOO,10/1/24,,,,,,
SEA_HOO,10/8/24,10,6,0,1,1,0
SEA_HOO,10/8/24,,,,,,
SEA_HOO,10/15/24,4,4,0,0,0,0
SEA_HOO,10/15/24,,,,,,
SEA_HOO,10/22/24,0,0,3,0,0,0
SEA_HOO,10/22/24,,,,,,
SEA_HOO,11/5/24,1,2,0,0,0,0
SEA_HOO,11/5/24,,,,,,
SEA_HOO,11/20/24,1,1,1,1,0,0
SEA_HOO,11/20/24,,,,,,
SEA_HOO,11/27/24,1,1,4,2,0,0
SEA_HOO,11/27/24,,,,,,
SEA_HOO,12/4/24,0,0,0,0,0,0
SEA_HOO,12/4/24,,,,,,
SMI_CAN_2,4/18/24,5,5,2,0,0,0
SMI_CAN_2,4/18/24,,,,,,
SMI_CAN_2,4/22/24,3,12,2,7,0,0
SMI_CAN_2,4/22/24,,,,,,
SMI_CAN_2,4/30/24,5,3,1,7,0,0
SMI_CAN_2,4/30/24,,,,,,
SMI_CAN_2,5/7/24,6,7,22,7,1,4
SMI_CAN_2,5/7/24,,,,,,
SMI_CAN_2,5/13/24,30,21,15,8,1,0
SMI_CAN_2,5/13/24,,,,,,
SMI_CAN_2,5/23/24,,,,,,
SMI_CAN_2,5/23/24,38,31,28,19,3,3
SMI_COB,4/22/24,1,5,2,5,0,0
SMI_COB,4/22/24,,,,,,
SMI_COB,4/29/24,1,12,3,12,0,0
SMI_COB,4/29/24,,,,,,
SMI_COB,5/7/24,6,8,6,5,1,1
SMI_COB,5/7/24,,,,,,
SMI_COB,5/13/24,,,,,,
SMI_COB,5/13/24,,,,,,
SMI_COB,5/21/24,11,3,13,6,1,1
SMI_COB,5/21/24,,,,,,
SMI_COB,5/30/24,,,,,,
SMI_COB,5/30/24,,,,,,
SMI_DOU_3,4/17/24,6,5,8,2,0,0
SMI_DOU_3,4/17/24,,,,,,
SMI_DOU_3,4/22/24,9,5,4,6,0,0
SMI_DOU_3,4/22/24,5,1,2,4,0,0
SMI_DOU_3,4/30/24,2,5,4,11,0,0
SMI_DOU_3,4/30/24,,,,,,
SMI_DOU_3,5/7/24,4,1,5,3,1,0
SMI_DOU_3,5/7/24,,,,,,
SMI_DOU_3,5/13/24,2,5,18,6,0,1
SMI_DOU_3,5/13/24,2,4,6,5,0,0
SMI_DOU_3,5/23/24,,,,,,
SMI_DOU_3,5/23/24,14,6,0,0,1,0
SMI_JOH,3/12/24,,,,,,
SMI_JOH,3/18/24,,,,,,
SMI_JOH,3/28/24,,,,,,
SMI_JOH,4/1/24,,,,,,
SMI_JOH,4/9/24,0,0,2,1,0,0
SMI_JOH,4/9/24,,,,,,
SMI_JOH,4/18/24,9,0,42,4,1,3
SMI_JOH,4/18/24,,,,,,
SMI_JOH,4/22/24,0,1,6,4,0,4
SMI_JOH,4/22/24,,,,,,
SMI_JOH,4/30/24,8,1,3,2,0,0
SMI_JOH,4/30/24,,,,,,
SMI_JOH,5/6/24,3,0,6,0,1,0
SMI_JOH,5/6/24,,,,,,
SMI_JOH,5/13/24,4,1,5,8,1,1
SMI_JOH,5/13/24,,,,,,
SMI_JOH,5/20/24,3,10,6,5,0,0
SMI_JOH,5/20/24,,,,,,
SMI_JOH,5/28/24,,,,,,
SMI_JOH,5/28/24,3,3,2,0,0,0
SMI_JOH,6/3/24,,,,,,
SMI_JOH,6/3/24,5,8,18,7,0,0
SMI_JOH,6/11/24,,,,,,
SMI_JOH,6/11/24,30,20,16,16,20,1
SMI_JOH,6/18/24,,,,,,
SMI_JOH,6/18/24,18,8,14,11,10,5
SMI_JOH,6/24/24,,,,,,
SMI_JOH,6/24/24,4,4,2,1,0,2
SMI_JOH,7/1/24,,,,,,
SMI_JOH,7/1/24,5,0,3,1,0,0
SMI_JOH,7/8/24,,,,,,
SMI_JOH,7/8/24,0,1,0,0,0,0
SMI_JOH,7/16/24,,,,,,
SMI_JOH,7/16/24,0,0,0,0,0,0
SMI_JOH,7/23/24,0,0,1,0,0,0
SMI_JOH,7/23/24,,,,,,
SMI_JOH,7/29/24,0,0,0,0,0,0
SMI_JOH,7/29/24,,,,,,
SMI_JOH,8/6/24,0,0,0,0,0,0
SMI_JOH,8/6/24,,,,,,
SMI_JOH,8/12/24,0,0,0,0,0,0
SMI_JOH,8/12/24,,,,,,
SMI_JOH,8/20/24,0,0,0,0,0,0
SMI_JOH,8/20/24,,,,,,
SMI_JOH,8/26/24,0,0,0,0,0,0
SMI_JOH,8/26/24,,,,,,
SMI_JOH,9/4/24,0,0,0,0,0,0
SMI_JOH,9/4/24,,,,,,
SMI_JOH,9/9/24,0,1,0,0,0,0
SMI_JOH,9/9/24,,,,,,
SMI_JOH,9/16/24,1,0,0,0,0,0
SMI_JOH,9/16/24,,,,,,
SMI_JOH,10/16/24,1,0,4,0,0,0
SMI_JOH,10/16/24,,,,,,
SMI_JOH,10/28/24,,,,,,
SMI_JOH,10/28/24,,,,,,
SMI_JOH,11/13/24,1,3,0,0,1,0
SMI_JOH,11/13/24,,,,,,
SMI_JOH,11/27/24,0,0,0,0,1,0
SMI_JOH,11/27/24,,,,,,
SMI_JOH ,3/12/24,1,0,0,0,0,0
SMI_JOH ,3/18/24,0,0,0,0,0,0
SMI_JOH ,3/28/24,4,1,0,0,0,0
SMI_JOH ,4/1/24,0,0,0,0,0,0
SMI_KEL,4/18/24,0,0,0,0,0,0
SMI_KEL,4/18/24,,,,,,
SMI_KEL,4/22/24,1,4,6,3,0,0
SMI_KEL,4/22/24,,,,,,
SMI_KEL,4/30/24,0,1,0,0,1,0
SMI_KEL,4/30/24,,,,,,
SMI_KEL,5/7/24,1,1,1,1,1,0
SMI_KEL,5/7/24,,,,,,
SMI_KEL,5/13/24,0,0,2,0,0,6
SMI_KEL,5/13/24,,,,,,
SMI_KEL,5/23/24,,,,,,
SMI_KEL,5/23/24,0,0,2,1,0,0
SMI_LAT,4/23/24,5,7,5,6,1,0
SMI_LAT,4/23/24,,,,,,
SMI_LAT,5/1/24,1,0,4,11,0,0
SMI_LAT,5/1/24,,,,,,
SMI_LAT,5/6/24,3,10,5,5,1,1
SMI_LAT,5/6/24,,,,,,
SMI_LAT,5/13/24,21,36,13,33,2,3
SMI_LAT,5/13/24,10,22,12,22,1,0
SMI_LAT,5/20/24,0,6,9,10,0,0
SMI_LAT,5/20/24,,,,,,
SMI_LAT,5/31/24,,,,,,
SMI_LAT,5/31/24,68,97,12,24,66,12
SMI_LAT_2,5/6/24,1,1,5,5,2,0
SMI_LAT_2,5/6/24,,,,,,
SMI_LAT_2,5/13/24,22,11,14,10,3,6
SMI_LAT_2,5/13/24,,,,,,
SMI_LAT_2,5/20/24,7,7,23,13,2,2
SMI_LAT_2,5/20/24,,,,,,
SMI_LAT_2,5/31/24,,,,,,
SMI_LAT_2,5/31/24,55,50,79,47,9,13
SMI_LAT_2,6/6/24,,,,,,
SMI_LAT_2,6/6/24,53,36,50,42,6,6
SMI_LAT_2,6/11/24,,,,,,
SMI_LAT_2,6/11/24,58,57,98,74,10,28
SMI_MCC,4/17/24,4,4,1,4,0,0
SMI_MCC,4/17/24,,,,,,
SMI_MCC,4/30/24,1,3,15,4,0,1
SMI_MCC,4/30/24,,,,,,
SMI_MCC,5/7/24,5,2,3,4,3,1
SMI_MCC,5/7/24,,,,,,
SMI_MCC,5/13/24,5,5,2,2,4,1
SMI_MCC,5/13/24,,,,,,
SMI_MCC,5/23/24,,,,,,
SMI_MCC,5/23/24,23,9,6,3,6,2
STA_AYR,3/12/24,,,,,,
STA_AYR,3/12/24,2,0,1,0,0,0
STA_AYR,3/19/24,,,,,,
STA_AYR,3/19/24,2,1,2,1,0,0
STA_AYR,3/26/24,,,,,,
STA_AYR,3/26/24,0,0,1,0,0,0
STA_AYR,4/1/24,,,,,,
STA_AYR,4/1/24,2,0,5,1,0,0
STA_AYR,4/10/24,,,,,,
STA_AYR,4/10/24,0,1,0,0,0,0
STA_AYR,4/17/24,5,7,10,12,0,1
STA_AYR,4/17/24,,,,,,
STA_AYR,4/24/24,14,12,23,18,3,5
STA_AYR,4/24/24,,,,,,
STA_AYR,5/1/24,26,11,14,20,6,3
STA_AYR,5/1/24,,,,,,
STA_AYR,5/7/24,8,1,13,2,2,0
STA_AYR,5/7/24,,,,,,
STA_AYR,5/14/24,7,11,9,7,2,2
STA_AYR,5/14/24,,,,,,
STA_AYR,5/21/24,12,3,6,3,1,0
STA_AYR,5/21/24,,,,,,
STA_AYR,5/29/24,,,,,,
STA_AYR,5/29/24,95,33,117,102,15,22
STA_AYR,6/4/24,,,,,,
STA_AYR,6/4/24,16,11,17,3,6,1
STA_AYR,6/11/24,,,,,,
STA_AYR,6/11/24,13,12,19,13,18,15
STA_AYR,6/18/24,,,,,,
STA_AYR,6/18/24,2,3,0,0,3,0
STA_AYR,6/25/24,,,,,,
STA_AYR,6/25/24,5,6,1,1,4,4
STA_AYR,7/8/24,,,,,,
STA_AYR,7/8/24,10,10,27,23,9,31
STA_AYR,7/16/24,,,,,,
STA_AYR,7/16/24,7,4,0,0,0,0
STA_AYR,7/23/24,0,7,0,15,0,1
STA_AYR,7/23/24,,,,,,
STA_AYR,7/30/24,0,1,1,0,0,0
STA_AYR,7/30/24,,,,,,
STA_AYR,8/7/24,,,,,,
STA_AYR,8/7/24,,,,,,
STA_AYR,8/13/24,11,2,7,4,3,1
STA_AYR,8/13/24,,,,,,
STA_AYR,8/20/24,3,1,9,6,0,1
STA_AYR,8/20/24,,,,,,
STA_AYR,8/26/24,3,4,4,4,0,1
STA_AYR,8/26/24,,,,,,
STA_AYR,9/3/24,2,1,3,1,0,0
STA_AYR,9/3/24,,,,,,
STA_AYR,9/10/24,11,1,24,4,1,2
STA_AYR,9/10/24,,,,,,
STA_AYR,9/17/24,5,0,9,1,0,0
STA_AYR,9/17/24,,,,,,
STA_AYR,9/24/24,0,0,0,0,0,0
STA_AYR,9/24/24,,,,,,
STA_AYR,10/1/24,0,0,2,0,0,0
STA_AYR,10/1/24,,,,,,
STA_AYR,10/8/24,,,,,,
STA_AYR,10/8/24,0,0,0,1,0,0
STA_AYR,10/15/24,,,,,,
STA_AYR,10/15/24,0,2,0,3,1,1
STA_AYR,10/22/24,,,,,,
STA_AYR,10/22/24,0,0,0,1,1,1
STA_AYR,10/29/24,,,,,,
STA_AYR,10/29/24,,,,,,
STA_AYR,11/5/24,,,,,,
STA_AYR,11/5/24,0,0,0,0,0,0
STA_AYR,11/11/24,,,,,,
STA_AYR,11/11/24,0,0,0,0,0,0
STA_AYR,11/22/24,,,,,,
STA_AYR,11/22/24,0,0,0,0,0,0
STA_BRA,4/10/24,,,,,,
STA_BRA,4/10/24,1,3,2,1,0,0
STA_BRA,4/17/24,32,24,27,29,3,3
STA_BRA,4/17/24,,,,,,
STA_BRA,4/24/24,51,24,30,32,11,14
STA_BRA,4/24/24,,,,,,
STA_BRA,5/1/24,99,14,17,13,6,4
STA_BRA,5/1/24,,,,,,
STA_BRA,5/7/24,22,13,86,25,2,4
STA_BRA,5/7/24,,,,,,
STA_BRA,5/14/24,,,,,,
STA_BRA,5/14/24,117,7,191,28,4,6
STA_BRA,5/22/24,34,8,22,7,3,0
STA_BRA,5/22/24,,,,,,
STA_FRE,4/10/24,,,,,,
STA_FRE,4/10/24,1,3,1,1,0,0
STA_FRE,4/17/24,25,14,27,12,1,1
STA_FRE,4/17/24,,,,,,
STA_FRE,4/24/24,29,13,29,18,1,3
STA_FRE,4/24/24,,,,,,
STA_FRE,5/1/24,4,1,2,0,0,1
STA_FRE,5/1/24,,,,,,
STA_FRE,5/7/24,6,3,13,6,1,1
STA_FRE,5/7/24,,,,,,
STA_FRE,5/14/24,,,,,,
STA_FRE,5/14/24,16,2,5,0,2,3
STA_FRE,5/21/24,0,0,3,0,0,0
STA_FRE,5/21/24,,,,,,
STA_HEM,4/10/24,,,,,,
STA_HEM,4/10/24,10,1,9,10,0,0
STA_HEM,4/17/24,51,23,19,16,12,11
STA_HEM,4/17/24,,,,,,
STA_HEM,4/24/24,82,37,44,26,8,7
STA_HEM,4/24/24,,,,,,
STA_HEM,5/1/24,100,29,96,49,42,28
STA_HEM,5/1/24,,,,,,
STA_HEM,5/7/24,81,16,57,12,2,2
STA_HEM,5/7/24,,,,,,
STA_HEM,5/14/24,,,,,,
STA_HEM,5/14/24,45,10,93,6,4,2
STA_HEM,5/21/24,42,12,16,12,1,0
STA_HEM,5/21/24,,,,,,
STA_MAC,4/10/24,,,,,,
STA_MAC,4/10/24,1,0,5,4,0,0
STA_MAC,4/17/24,0,2,9,10,1,0
STA_MAC,4/17/24,,,,,,
STA_MAC,4/24/24,,,,,,
STA_MAC,4/24/24,,,,,,
STA_MAC,5/1/24,5,1,13,0,0,0
STA_MAC,5/1/24,,,,,,
STA_MAC,5/7/24,6,1,30,2,1,1
STA_MAC,5/7/24,,,,,,
STA_MAC,5/14/24,,,,,,
STA_MAC,5/14/24,3,0,16,2,0,0
STA_MAC,5/20/24,,,,,,
STA_MAC,5/20/24,2,7,18,7,0,0
STA_NOB,4/10/24,,,,,,
STA_NOB,4/10/24,1,1,1,1,0,0
STA_NOB,4/17/24,,,,,,
STA_NOB,4/17/24,,,,,,
STA_NOB,4/24/24,11,7,4,5,0,0
STA_NOB,4/24/24,6,5,6,7,0,0
STA_NOB,5/1/24,12,9,35,20,5,12
STA_NOB,5/1/24,,,,,,
STA_NOB,5/7/24,50,3,22,0,5,3
STA_NOB,5/7/24,,,,,,
STA_NOB,5/14/24,,,,,,
STA_NOB,5/14/24,13,3,23,14,0,1
STA_NOB,5/21/24,21,17,65,24,3,7
STA_NOB,5/21/24,,,,,,
STA_PAN,4/10/24,,,,,,
STA_PAN,4/10/24,1,3,1,2,0,0
STA_PAN,4/17/24,7,17,4,19,1,0
STA_PAN,4/17/24,,,,,,
STA_PAN,4/24/24,39,96,14,42,1,1
STA_PAN,4/24/24,,,,,,
STA_PAN,5/1/24,53,54,19,36,6,2
STA_PAN,5/1/24,,,,,,
STA_PAN,5/7/24,12,9,35,20,5,12
STA_PAN,5/7/24,,,,,,
STA_PAN,5/14/24,,,,,,
STA_PAN,5/14/24,78,74,97,126,5,12
STA_PAN,5/20/24,8,4,12,10,1,3
STA_PAN,5/20/24,,,,,,
STA_SWE,4/10/24,,,,,,
STA_SWE,4/10/24,3,1,5,5,0,0
STA_SWE,4/17/24,3,15,4,5,0,0
STA_SWE,4/17/24,,,,,,
STA_SWE,4/24/24,29,16,29,24,1,2
STA_SWE,4/24/24,,,,,,
STA_SWE,5/1/24,15,7,10,6,2,1
STA_SWE,5/1/24,,,,,,
STA_SWE,5/7/24,4,1,1,1,0,0
STA_SWE,5/7/24,,,,,,
STA_SWE,5/14/24,8,4,47,15,0,4
STA_SWE,5/14/24,,,,,,
STA_SWE,5/21/24,33,13,6,4,2,0
STA_SWE,5/21/24,,,,,,
STA_THO,3/12/24,,,,,,
STA_THO,3/12/24,0,0,0,0,0,0
STA_THO,3/19/24,,,,,,
STA_THO,3/19/24,0,0,0,0,0,0
STA_THO,3/26/24,,,,,,
STA_THO,3/26/24,1,0,0,0,0,0
STA_THO,4/1/24,,,,,,
STA_THO,4/1/24,2,0,0,0,0,0
STA_THO,4/10/24,,,,,,
STA_THO,4/10/24,0,0,0,1,0,0
STA_THO,4/17/24,3,2,4,8,3,0
STA_THO,4/17/24,,,,,,
STA_THO,4/24/24,10,7,11,13,1,0
STA_THO,4/24/24,,,,,,
STA_THO,5/1/24,11,8,5,6,0,1
STA_THO,5/1/24,,,,,,
STA_THO,5/7/24,4,2,7,2,0,0
STA_THO,5/7/24,,,,,,
STA_THO,5/14/24,,,,,,
STA_THO,5/14/24,8,18,7,5,0,1
STA_THO,5/21/24,3,0,1,0,0,0
STA_THO,5/21/24,,,,,,
STA_THO,6/4/24,39,20,13,29,4,3
STA_THO,6/4/24,,,,,,
STA_THO,6/11/24,,,,,,
STA_THO,6/11/24,15,8,66,43,14,13
STA_THO,6/18/24,25,26,30,24,3,3
STA_THO,6/18/24,31,26,48,38,10,13
STA_THO,6/25/24,,,,,,
STA_THO,6/25/24,26,16,19,11,23,6
STA_THO,7/1/24,,,,,,
STA_THO,7/1/24,58,42,45,14,37,15
STA_THO,7/8/24,,,,,,
STA_THO,7/8/24,29,39,6,10,24,1
STA_THO,7/16/24,,,,,,
STA_THO,7/16/24,13,17,1,11,0,0
STA_THO,7/23/24,3,5,13,25,1,6
STA_THO,7/23/24,,,,,,
STA_THO,7/30/24,,,,,,
STA_THO,7/30/24,,,,,,
STA_THO,8/7/24,0,0,4,4,0,2
STA_THO,8/7/24,,,,,,
STA_THO,8/13/24,12,12,1,3,6,0
STA_THO,8/13/24,,,,,,
STA_THO,8/20/24,0,1,8,6,1,2
STA_THO,8/20/24,,,,,,
STA_THO,8/26/24,0,1,0,6,0,1
STA_THO,8/26/24,,,,,,
STA_THO,9/3/24,1,2,6,3,1,13
STA_THO,9/3/24,,,,,,
STA_THO,9/10/24,0,2,9,3,0,3
STA_THO,9/10/24,,,,,,
STA_THO,9/17/24,0,0,3,2,0,1
STA_THO,9/17/24,,,,,,
STA_THO,9/24/24,4,3,3,1,4,1
STA_THO,9/24/24,,,,,,
STA_THO,10/1/24,2,1,7,4,0,12
STA_THO,10/1/24,,,,,,
STA_THO,10/8/24,,,,,,
STA_THO,10/8/24,2,1,0,0,1,0
STA_THO,10/15/24,,,,,,
STA_THO,10/15/24,0,3,1,2,1,3
STA_THO,10/22/24,,,,,,
STA_THO,10/22/24,0,0,0,2,0,0
STA_THO,10/29/24,,,,,,
STA_THO,10/29/24,1,0,0,0,0,0
STA_THO,11/5/24,,,,,,
STA_THO,11/5/24,,,,,,
STA_THO,11/11/24,,,,,,
STA_THO,11/11/24,0,0,0,0,0,0
STA_THO,11/22/24,,,,,,
STA_THO,11/22/24,1,2,0,1,0,0
STA_WAT,4/10/24,,,,,,
STA_WAT,4/10/24,6,1,0,0,0,0
STA_WAT,4/17/24,16,3,5,0,0,1
STA_WAT,4/17/24,,,,,,
STA_WAT,4/24/24,72,37,5,6,19,4
STA_WAT,4/24/24,,,,,,
STA_WAT,5/1/24,,,,,,
STA_WAT,5/1/24,34,5,17,9,2,3
STA_WAT,5/7/24,18,5,3,4,3,1
STA_WAT,5/7/24,,,,,,
STA_WAT,5/14/24,,,,,,
STA_WAT,5/14/24,6,5,42,29,1,0
STA_WAT,5/21/24,1,0,8,7,0,0
STA_WAT,5/21/24,,,,,,
WIS_COO,3/11/24,,,,,,
WIS_COO,3/11/24,0,0,0,0,0,0
WIS_COO,3/18/24,4,0,0,0,0,0
WIS_COO,3/18/24,,,,,,
WIS_COO,3/24/24,,,,,,
WIS_COO,3/24/24,0,0,0,0,0,0
WIS_COO,4/1/24,,,,,,
WIS_COO,4/1/24,14,2,8,2,0,0
WIS_COO,4/9/24,,,,,,
WIS_COO,4/9/24,7,1,0,0,0,0
WIS_COO,4/16/24,0,0,3,1,0,0
WIS_COO,4/16/24,,,,,,
WIS_COO,4/22/24,7,3,11,8,0,0
WIS_COO,4/22/24,,,,,,
WIS_COO,4/30/24,10,5,6,2,0,0
WIS_COO,4/30/24,,,,,,
WIS_COO,5/6/24,6,8,10,0,0,1
WIS_COO,5/6/24,,,,,,
WIS_COO,5/14/24,,,,,,
WIS_COO,5/14/24,14,4,21,9,0,3
WIS_COO,5/21/24,6,19,1,4,0,0
WIS_COO,5/28/24,0,1,2,1,0,0
WIS_COO,5/28/24,,,,,,
WIS_COO,6/4/24,9,11,3,6,2,1
WIS_COO,6/4/24,,,,,,
WIS_COO,6/11/24,82,17,11,1,9,0
WIS_COO,6/11/24,,,,,,
WIS_COO,6/18/24,11,13,15,5,4,0
WIS_COO,6/18/24,,,,,,
WIS_COO,6/26/24,10,8,6,2,0,1
WIS_COO,6/26/24,,,,,,
WIS_COO,7/2/24,29,15,5,5,7,0
WIS_COO,7/2/24,,,,,,
WIS_COO,7/10/24,5,4,2,0,0,0
WIS_COO,7/10/24,,,,,,
WIS_COO,7/16/24,,,,,,
WIS_COO,7/16/24,0,5,12,10,0,0
WIS_COO,7/23/24,,,,,,
WIS_COO,7/23/24,4,8,12,19,1,4
WIS_COO,7/30/24,,,,,,
WIS_COO,7/30/24,1,0,0,3,1,0
WIS_COO,8/6/24,,,,,,
WIS_COO,8/13/24,14,11,0,2,0,0
WIS_COO,8/13/24,,,,,,
WIS_COO,8/20/24,1,5,1,5,0,0
WIS_COO,8/20/24,,,,,,
WIS_COO,8/27/24,4,16,4,19,1,0
WIS_COO,8/27/24,,,,,,
WIS_COO,9/3/24,1,1,1,3,0,0
WIS_COO,9/3/24,,,,,,
WIS_COO,9/10/24,2,1,10,10,1,4
WIS_COO,9/10/24,,,,,,
WIS_COO,9/17/24,1,0,16,4,0,0
WIS_COO,9/17/24,,,,,,
WIS_COO,9/25/24,8,0,0,0,0,0
WIS_COO,9/25/24,,,,,,
WIS_COO,10/1/24,2,0,3,1,1,0
WIS_COO,10/1/24,,,,,,
WIS_COO,10/8/24,1,0,0,0,0,0
WIS_COO,10/8/24,,,,,,
WIS_COO,10/22/24,0,0,0,0,0,0
WIS_COO,10/22/24,,,,,,
WIS_COO,10/29/24,0,0,0,0,0,0
WIS_COO,10/29/24,,,,,,
WIS_COO,11/5/24,2,0,0,0,0,0
WIS_COO,11/5/24,,,,,,
WIS_COO,11/12/24,,,,,,
WIS_COO,11/12/24,0,0,0,0,0,0
WIS_COO,11/19/24,0,0,0,0,0,0
WIS_COO,11/19/24,,,,,,
WIS_COO,11/26/24,0,0,0,0,0,0
WIS_COO_2,3/11/24,,,,,,
WIS_COO_2,3/11/24,1,0,2,0,0,0
WIS_COO_2,3/18/24,,,,,,
WIS_COO_2,3/18/24,1,0,4,1,0,0
WIS_COO_2,3/24/24,,,,,,
WIS_COO_2,3/24/24,0,0,0,0,0,0
WIS_COO_2,4/1/24,,,,,,
WIS_COO_2,4/1/24,4,2,11,1,0,0
WIS_COO_2,4/9/24,0,0,0,0,0,0
WIS_COO_2,4/9/24,1,0,1,1,0,0
WIS_COO_2,4/16/24,1,1,1,1,0,0
WIS_COO_2,4/16/24,,,,,,
WIS_COO_2,4/22/24,1,12,1,19,0,0
WIS_COO_2,4/22/24,,,,,,
WIS_COO_2,4/30/24,3,16,9,14,1,0
WIS_COO_2,4/30/24,,,,,,
WIS_COO_2,5/6/24,,,,,,
WIS_COO_2,5/6/24,0,1,0,2,0,0
WIS_COO_2,5/14/24,,,,,,
WIS_COO_2,5/14/24,3,1,0,1,0,0
WIS_COO_2,5/21/24,,,,,,
WIS_COO_2,5/21/24,,,,,,
WIS_COO_2,5/28/24,0,30,29,0,6,0
WIS_COO_2,5/28/24,,,,,,
WIS_COO_2,6/4/24,46,25,49,23,0,0
WIS_COO_2,6/4/24,,,,,,
WIS_COO_2,6/11/24,52,16,21,4,2,2
WIS_COO_2,6/11/24,,,,,,
WIS_COO_2,6/18/24,19,4,10,7,0,0
WIS_COO_2,6/18/24,,,,,,
WIS_COO_2,6/26/24,4,3,12,8,2,0
WIS_COO_2,6/26/24,,,,,,
WIS_COO_2,7/2/24,4,3,10,5,1,5
WIS_COO_2,7/2/24,,,,,,
WIS_COO_2,7/10/24,4,1,4,0,0,0
WIS_COO_2,7/10/24,,,,,,
WIS_COO_2,7/16/24,,,,,,
WIS_COO_2,7/16/24,13,16,5,7,1,0
WIS_COO_2,7/23/24,,,,,,
WIS_COO_2,7/23/24,2,4,0,0,0,0
WIS_COO_2,7/30/24,,,,,,
WIS_COO_2,7/30/24,5,8,10,11,1,2
WIS_COO_2,8/6/24,2,1,4,1,3,2
WIS_COO_2,8/6/24,,,,,,
WIS_COO_2,8/13/24,1,4,1,1,0,0
WIS_COO_2,8/13/24,,,,,,
WIS_COO_2,8/20/24,0,1,1,3,0,0
WIS_COO_2,8/20/24,,,,,,
WIS_COO_2,8/27/24,4,1,1,0,0,0
WIS_COO_2,8/27/24,,,,,,
WIS_COO_2,9/3/24,0,0,2,1,0,0
WIS_COO_2,9/3/24,,,,,,
WIS_COO_2,9/10/24,0,0,0,0,0,0
WIS_COO_2,9/10/24,,,,,,
WIS_COO_2,9/17/24,0,0,0,0,0,0
WIS_COO_2,9/17/24,,,,,,
WIS_COO_2,9/25/24,0,1,0,0,0,0
WIS_COO_2,9/25/24,,,,,,
WIS_COO_2,10/1/24,0,2,2,1,0,1
WIS_COO_2,10/1/24,,,,,,
WIS_COO_2,10/8/24,0,1,0,0,0,0
WIS_COO_2,10/8/24,,,,,,
WIS_COO_2,10/22/24,0,0,0,0,0,0
WIS_COO_2,10/22/24,,,,,,
WIS_COO_2,10/29/24,0,1,0,0,0,0
WIS_COO_2,10/29/24,,,,,,
WIS_COO_2,11/5/24,1,0,0,0,0,0
WIS_COO_2,11/5/24,,,,,,
WIS_COO_2,11/12/24,,,,,,
WIS_COO_2,11/12/24,0,0,0,0,0,0
WIS_COO_2,11/19/24,0,0,0,0,0,0
WIS_COO_2,11/19/24,,,,,,
WIS_COO_2,11/26/24,0,0,0,0,0,0
WIS_COO_2,11/26/24,,,,,,
WIS_KEN,4/9/24,1,0,0,0,0,0
WIS_KEN,4/9/24,0,0,0,0,0,0
WIS_KEN,4/16/24,7,1,4,4,7,3
WIS_KEN,4/16/24,,,,,,
WIS_KEN,4/23/24,0,3,1,4,1,0
WIS_KEN,4/23/24,,,,,,
WIS_KEN,4/30/24,4,1,0,0,2,0
WIS_KEN,4/30/24,,,,,,
WIS_KEN,5/6/24,1,1,3,1,0,0
WIS_KEN,5/6/24,,,,,,
WIS_KEN,5/14/24,,,,,,
WIS_KEN,5/14/24,2,1,1,1,0,0
WIS_KEN,5/21/24,8,12,18,36,0,0
WIS_KEN,5/21/24,,,,,,
WIS_KEN,5/28/24,7,2,9,5,1,0
WIS_KEN,5/28/24,,,,,,
WIS_KEN,6/4/24,49,27,10,11,9,2
WIS_KEN,6/4/24,,,,,,
WIS_KEN,6/11/24,22,19,27,24,6,6
WIS_KEN,6/11/24,,,,,,
WIS_KEN,6/18/24,29,20,17,21,0,3
WIS_KEN,6/18/24,,,,,,
WIS_KEN,6/26/24,11,5,1,1,9,4
WIS_KEN,6/26/24,,,,,,
WIS_KEN,7/2/24,2,1,1,1,1,1
WIS_KEN,7/2/24,,,,,,
WIS_KEN,7/10/24,1,0,0,0,4,1
WIS_KEN,7/10/24,,,,,,
WIS_KEN,7/16/24,,,,,,
WIS_KEN,7/16/24,0,0,1,0,0,0
WIS_KEN,7/23/24,,,,,,
WIS_KEN,7/23/24,0,1,2,0,0,0
WIS_KEN,7/30/24,,,,,,
WIS_KEN,7/30/24,0,2,0,1,0,0
WIS_KEN,8/6/24,4,2,1,0,0,0
WIS_KEN,8/6/24,,,,,,
WIS_KEN,8/13/24,1,0,1,1,0,0
WIS_KEN,8/13/24,,,,,,
WIS_KEN,8/20/24,0,1,0,0,0,1
WIS_KEN,8/20/24,,,,,,
WIS_KEN,8/27/24,1,1,0,0,0,0
WIS_KEN,8/27/24,,,,,,
WIS_KEN,9/3/24,0,0,1,0,0,0
WIS_KEN,9/3/24,,,,,,
WIS_KEN,9/10/24,2,0,1,0,0,1
WIS_KEN,9/10/24,,,,,,
WIS_KEN,9/17/24,0,0,0,1,0,0
WIS_KEN,9/17/24,,,,,,
WIS_KEN,9/25/24,1,0,0,0,0,1
WIS_KEN,9/25/24,,,,,,
WIS_KEN,10/1/24,1,0,0,0,2,0
WIS_KEN,10/1/24,,,,,,
WIS_KEN,10/8/24,3,1,0,0,1,0
WIS_KEN,10/8/24,,,,,,
WIS_KEN,10/22/24,1,1,4,0,2,1
WIS_KEN,10/22/24,,,,,,
WIS_KEN,10/29/24,1,1,1,0,0,0
WIS_KEN,10/29/24,,,,,,
WIS_KEN,11/5/24,1,0,1,2,3,1
WIS_KEN,11/5/24,,,,,,
WIS_KEN,11/12/24,0,0,0,0,0,0
WIS_KEN,11/19/24,0,0,0,0,0,0
WIS_KEN,11/26/24,0,0,0,0,0,0
ZUE_FLE,5/28/24,58,38,36,14,5,2
ZUE_FLE,5/28/24,,,,,,
ZUE_REE,4/16/24,27,13,11,10,0,2
ZUE_REE,4/16/24,,,,,,
ZUE_REE,4/23/24,25,30,2,5,9,0
ZUE_REE,4/23/24,,,,,,
ZUE_REE,4/30/24,,,,,,
ZUE_REE,4/30/24,71,17,55,15,6,4
ZUE_REE,5/7/24,,,,,,
ZUE_REE,5/7/24,60,46,53,30,31,45
ZUE_REE,5/15/24,,,,,,
ZUE_REE,5/15/24,47,16,130,59,8,18
ZUE_REE,5/21/24,,,,,,
ZUE_REE,5/21/24,103,103,33,33,6,0
ZUE_REE,6/4/24,92,72,161,124,15,59
ZUE_REE,6/4/24,,,,,,
ZUE_REE,6/11/24,30,47,51,43,65,86
ZUE_REE,6/11/24,,,,,,
ZUE_REE,6/18/24,109,67,46,31,50,15
ZUE_REE,6/18/24,,,,,,
ZUE_REE,6/25/24,16,12,74,53,8,36
ZUE_REE,6/25/24,,,,,,
ZUE_REE,7/2/24,24,25,49,55,11,40
ZUE_REE,7/2/24,18,11,53,40,4,51
ZUE_REE,7/9/24,,,,,,
ZUE_REE,7/9/24,0,3,6,10,3,10
ZUE_REE,7/16/24,,,,,,
ZUE_REE,7/16/24,0,5,4,11,2,15
ZUE_REE,7/23/24,,,,,,
ZUE_REE,7/23/24,3,7,0,4,1,3
ZUE_REE,7/30/24,,,,,,
ZUE_REE,7/30/24,0,3,1,6,0,0
ZUE_REE,8/6/24,0,6,0,25,2,0
ZUE_REE,8/6/24,,,,,,
ZUE_REE,8/13/24,9,24,3,14,4,3
ZUE_REE,8/13/24,,,,,,
ZUE_REE,8/20/24,2,9,7,17,5,4
ZUE_REE,8/20/24,,,,,,
ZUE_REE,8/27/24,38,28,15,11,23,7
ZUE_REE,8/27/24,,,,,,
ZUE_REE,9/3/24,7,1,25,12,11,15
ZUE_REE,9/3/24,,,,,,
ZUE_REE,9/10/24,109,27,75,7,27,9
ZUE_REE,9/10/24,,,,,,
ZUE_REE,9/17/24,11,2,3,2,3,5
ZUE_REE,9/17/24,,,,,,
ZUE_REE,9/24/24,5,3,11,5,1,4
ZUE_REE,9/24/24,,,,,,
ZUE_REE,10/1/24,24,17,15,20,4,4
ZUE_REE,10/1/24,,,,,,
ZUE_REE,10/8/24,8,4,8,8,3,4
ZUE_REE,10/8/24,,,,,,
ZUE_REE,10/15/24,,,,,,
ZUE_REE,10/15/24,6,1,5,25,2,2
ZUE_REE,10/22/24,11,33,8,11,7,3
ZUE_REE,10/22/24,,,,,,
ZUE_REE,10/29/24,7,8,8,3,3,3
ZUE_REE,10/29/24,,,,,,
ZUE_REE,11/5/24,3,2,6,8,3,0
ZUE_REE,11/5/24,,,,,,
ZUE_REE,11/12/24,7,11,7,14,2,3
ZUE_REE,11/12/24,,,,,,
ZUE_REE,11/26/24,,,,,,
ZUE_REE,11/26/24,0,1,4,4,0,0