,Field ID,Corn,Sorghum,Soybeans,Sunflower,Sweet Corn,Pop or Orn Corn,Barley,Spring Wheat,Winter Wheat,Rye,Oats,Millet,Speltz,Alfalfa,Other Hay/Non Alfalfa,Buckwheat,Sugarbeets,Dry Beans,Potatoes,Other Crops,Misc Vegs & Fruits,Onions,Cucumbers,Peas,Clover/Wildflowers,Sod/Grass Seed,Switchgrass,Fallow/Idle Cropland,Cherries,Peaches,Apples,Grapes,Christmas Trees,Other Tree Crops,Pears,Aquaculture,Open Water,Developed/Open Space,Developed/Low Intensity,Developed/Med Intensity,Developed/High Intensity,Barren,Deciduous Forest,Evergreen Forest,Mixed Forest,Shrubland,Grassland/Pasture,Woody Wetlands,Herbaceous Wetlands,Triticale,Carrots,Garlic,Broccoli,Peppers,Greens,Plums,Strawberries,Squash,Dbl Crop WinWht/Corn,Dbl Crop Oats/Corn,Lettuce,Dbl Crop Triticale/Corn,Pumpkins,Dbl Crop WinWht/Sorghum,Dbl Crop Barley/Corn,Cabbage,Cauliflower,Gourds,Total,Ag,Nat,Semi_Nat,Dev,Other
0,DEG_DIE_HILL,574,0,276,0,2,0,1,0,0,0,0,0,0,134,5,0,0,1,0,0,0,1,0,0,0,0,0,1,0,0,0,1,0,0,0,0,55,339,301,106,23,2,515,93,75,0,926,33,1,0,0,0,0,0,0,0,0,0,0,0,0,0,0,0,0,0,0,0,3465,990,719,926,771,55
1,DEG_FOU_WOOD,848,0,49,0,0,0,0,0,0,0,0,0,0,278,12,0,0,0,0,0,0,1,0,0,0,0,0,0,0,0,0,1,0,0,0,0,2,176,57,1,0,0,583,26,71,0,1308,47,0,0,0,0,0,0,0,0,0,0,0,0,0,0,0,0,0,0,0,0,3460,1177,727,1308,234,2
2,DEG_PER_STRIP,811,0,254,0,0,0,0,10,8,0,0,0,0,179,7,0,0,0,0,0,0,0,0,0,0,0,0,0,0,0,0,1,0,0,0,0,0,145,28,6,0,0,977,48,140,0,818,28,0,0,0,0,0,0,0,0,0,0,0,0,0,7,0,0,0,0,0,0,3467,1270,1193,818,179,0
3,DEG_VIL,952,0,140,4,4,0,0,0,0,0,76,0,0,128,9,14,0,0,0,0,0,0,0,0,0,0,0,0,0,0,0,0,0,0,0,0,115,194,156,32,1,1,780,17,14,0,739,80,7,0,0,0,0,1,0,0,0,0,0,0,0,0,0,0,0,0,0,0,3464,1319,899,739,384,115
4,DIP_CUR,833,0,398,0,1,0,1,0,0,0,14,0,0,48,1,0,0,0,4,0,0,0,0,0,11,0,0,0,0,0,0,0,0,0,0,0,0,146,43,16,17,2,666,10,28,0,856,1,0,0,0,0,0,0,0,0,0,0,0,0,0,368,0,0,0,0,0,0,3464,1678,707,856,224,0
5,DIP_FLE,929,0,7,0,2,0,0,0,0,0,0,0,0,914,44,0,1,0,0,1,0,2,0,0,0,0,0,0,0,0,0,1,0,0,0,0,3,64,57,9,22,14,545,0,6,0,765,28,0,0,0,0,0,0,0,0,0,7,0,0,0,44,0,0,0,0,0,0,3465,1908,593,765,166,3
6,DIP_PAT,1232,0,16,0,2,0,1,0,363,7,0,0,0,590,1,0,0,2,0,0,0,1,0,0,0,0,0,3,0,0,0,0,0,0,0,0,0,61,56,13,8,49,513,0,2,0,513,30,2,0,0,0,0,0,0,0,0,0,0,0,0,0,0,0,0,0,0,0,3465,2214,596,513,187,0
7,GAB_ALL,23,0,3,1,5,2,0,0,1,1,0,0,0,1,1,0,0,0,0,0,0,0,0,0,0,2,0,0,0,0,0,0,0,0,0,0,361,325,335,162,7,6,1341,47,265,0,288,290,0,0,0,0,0,0,0,0,0,0,0,0,0,0,0,0,0,0,0,0,3467,39,1949,288,835,361
8,GAB_HEN,796,0,385,14,2,1,34,0,28,11,63,0,0,213,3,0,0,0,1,0,4,0,0,0,0,0,0,3,0,0,0,0,0,0,0,0,7,40,93,52,66,18,402,88,182,0,827,21,0,3,0,0,1,0,0,0,0,0,0,0,0,94,0,0,7,0,0,0,3459,1657,711,827,269,7
9,GAB_STE,76,10,3,4,1,0,0,0,0,0,0,0,0,39,1,0,0,0,0,0,4,0,0,0,0,0,0,0,0,0,1,0,0,0,0,0,51,34,54,13,4,13,1908,145,587,0,486,29,2,0,0,0,0,0,0,0,0,0,0,0,0,1,0,0,0,0,0,0,3466,139,2684,486,118,51
10,HUN_PLE_9,2,0,0,0,0,0,0,0,0,0,0,0,0,0,0,0,0,0,0,0,0,0,0,0,0,0,0,0,0,0,0,0,0,0,0,0,0,16,98,7,1,5,159,10,0,0,3004,158,3,0,0,0,0,0,0,0,0,0,0,0,0,0,0,0,0,0,0,0,3463,2,335,3004,127,0
11,KAT_HAB_3,551,0,347,0,0,0,0,0,0,0,0,0,0,6,1,0,0,21,0,0,0,0,0,42,0,0,0,0,0,2,1,5,0,0,0,0,4,242,81,19,0,1,815,41,386,0,732,0,1,2,0,0,0,0,0,0,2,0,0,0,0,13,0,0,0,56,104,0,3475,1152,1244,732,343,4
12,KAT_HAB_4,952,2,59,0,0,0,0,0,72,0,0,0,0,74,23,0,0,3,1,0,0,0,0,0,5,0,0,4,0,0,0,1,0,0,0,0,0,192,21,4,9,11,580,79,258,0,1107,2,2,2,0,0,0,0,0,0,4,0,0,5,0,0,2,0,0,1,6,0,3481,1189,932,1107,237,0
13,KAT_JEF,172,0,0,0,0,0,0,0,0,2,0,0,0,11,134,0,0,0,0,0,0,0,0,0,1,0,0,0,0,0,0,0,0,0,0,0,1,200,74,11,14,3,668,73,594,0,1345,168,0,0,0,0,0,0,0,0,0,0,0,0,0,1,0,0,0,0,0,0,3472,187,1506,1345,302,1
14,KAT_JEF_2,324,0,2,0,0,0,0,0,0,0,0,0,0,2,28,0,0,0,0,0,0,0,0,0,56,0,1,0,0,0,0,0,0,0,0,0,1,85,45,5,11,19,1136,31,211,0,955,517,35,0,0,0,0,0,0,0,0,0,0,0,0,8,0,0,1,0,0,0,3473,394,1949,955,165,1
15,KAT_MAH,1897,2,7,0,4,0,0,0,0,1,0,0,0,228,0,0,0,3,3,0,0,2,1,0,0,0,0,3,0,0,0,1,0,0,0,0,6,162,56,60,34,31,459,6,50,0,399,46,2,0,0,1,0,0,0,0,0,0,0,0,0,0,0,0,0,0,0,0,3464,2150,594,399,343,6
16,KAT_SAU,286,0,0,0,1,0,8,0,2,48,153,2,1,1,3,0,0,85,0,0,0,0,0,0,2,0,0,0,0,0,0,0,0,0,0,0,6,253,12,1,4,1,957,29,140,0,1465,0,0,4,0,0,0,0,0,0,0,0,1,0,0,1,0,0,0,0,0,0,3466,595,1127,1465,271,6
17,KAT_SAU_3,60,0,0,0,1,0,8,0,4,35,151,0,1,1,1,0,0,207,0,0,0,0,0,0,0,0,0,9,0,0,0,0,0,0,0,0,6,206,12,2,4,2,1182,15,96,0,1459,1,0,2,0,0,0,0,0,0,0,0,1,0,0,0,0,0,0,0,0,0,3466,471,1296,1459,226,6
18,KAT_TEE,371,0,0,0,0,0,0,0,0,0,0,0,0,89,14,0,0,0,0,0,0,0,0,0,0,0,0,0,0,0,0,1,0,0,0,0,8,236,15,6,1,0,1078,26,283,0,1227,102,9,0,0,0,0,0,0,0,0,0,0,0,0,0,0,3,0,0,0,0,3469,464,1498,1227,258,8
19,KAT_TEE_3,473,0,0,0,0,0,0,0,0,0,0,0,0,231,63,0,0,0,0,0,0,0,0,0,0,0,0,0,0,0,0,0,0,0,0,0,0,74,1,0,0,0,1404,209,640,0,370,1,0,0,0,0,0,0,0,0,0,0,0,0,0,0,0,0,0,0,0,0,3466,704,2254,370,75,0
20,POV_DUN,2,0,0,0,0,0,0,0,0,0,0,0,0,1,5,0,0,0,0,0,0,0,0,0,0,0,0,0,0,0,0,0,0,0,0,0,6,377,68,26,4,6,1338,32,443,0,1140,15,1,0,0,0,0,0,0,0,0,0,0,0,0,0,0,0,0,0,0,0,3464,3,1835,1140,481,6
21,SEA_HOO,469,0,944,0,2,0,51,0,257,20,0,1,21,362,6,8,0,7,0,4,1,1,0,0,75,17,0,0,0,0,0,4,0,0,0,0,2,174,29,10,2,6,267,1,21,0,606,14,0,0,2,0,0,0,3,0,0,18,0,1,0,49,7,0,0,1,0,1,3464,2326,309,606,221,2
22,STA_AYR,515,0,107,1,1,0,0,0,201,0,0,0,0,69,1,5,0,24,0,0,5,0,1,0,0,0,0,11,0,0,0,1,0,0,0,0,0,171,22,7,2,6,1244,1,34,0,597,431,5,0,0,0,0,0,0,0,2,2,0,0,0,0,6,0,0,0,0,0,3472,940,1721,597,208,0
23,STA_BRA,1111,5,426,0,0,0,0,0,55,12,0,0,0,105,0,0,311,69,0,0,0,0,0,3,0,0,0,2,0,0,0,0,0,0,0,0,68,85,8,8,0,0,710,0,10,0,226,180,56,0,0,1,0,0,0,0,1,0,0,0,0,2,0,0,0,11,0,0,3465,2112,956,226,101,68
24,STA_FRE,250,0,1594,0,1,0,0,0,462,8,37,0,0,228,0,0,0,6,0,0,0,0,0,0,0,0,0,2,0,0,0,0,0,0,0,0,2,140,51,13,15,5,189,0,3,0,430,25,0,0,0,0,0,0,1,0,0,0,0,0,0,0,0,0,0,1,0,0,3463,2588,222,430,224,2
25,STA_HEM,360,0,395,0,0,0,0,0,0,0,0,0,0,1177,1,0,0,1,0,0,0,0,0,0,0,0,0,0,0,0,0,0,0,0,0,0,12,136,30,0,0,0,496,16,68,0,451,294,15,0,0,0,0,0,0,0,0,0,1,0,0,14,0,0,0,0,0,0,3467,1948,889,451,166,12
26,STA_MAC,1730,0,664,0,0,0,0,0,190,13,0,0,0,77,0,0,0,5,0,0,0,0,0,0,0,0,0,0,0,0,0,0,0,0,0,0,0,99,14,6,2,4,306,15,94,0,250,1,0,0,0,1,0,0,0,0,0,0,0,0,0,0,2,0,0,0,0,0,3473,2682,420,250,125,0
27,STA_NOB,1407,20,28,0,0,0,0,0,248,19,0,0,0,254,1,0,0,77,0,0,2,0,3,3,0,0,0,6,0,0,0,1,0,0,0,5,0,106,23,21,9,43,555,0,25,0,429,23,0,95,46,10,0,0,0,0,5,1,0,0,0,0,2,0,0,0,0,0,3467,2221,646,429,202,5
28,STA_PAN,1130,25,6,0,0,0,0,0,0,0,0,0,0,752,0,0,0,0,0,0,0,0,0,0,0,0,0,0,0,0,0,0,0,0,0,1,32,146,11,1,1,0,807,54,176,0,277,29,18,0,0,0,0,0,0,0,0,0,0,0,0,0,0,0,0,0,0,0,3466,1913,1084,277,159,33
29,STA_SWE,862,0,69,0,0,0,4,0,52,3,0,0,0,235,13,1,0,135,0,0,0,0,1,0,0,0,0,6,0,0,0,0,0,0,0,0,8,205,25,4,0,3,808,0,25,0,857,116,9,1,0,0,0,0,0,0,0,0,0,0,0,0,1,0,0,1,21,0,3465,1386,961,857,237,8
30,STA_THO,1010,1,156,0,0,0,0,0,11,4,0,0,0,59,4,2,0,6,3,0,1,0,0,0,1,0,0,34,0,0,0,1,0,0,0,0,0,344,45,15,2,6,605,1,17,0,937,201,0,0,0,0,0,0,0,0,0,0,0,0,0,0,0,0,0,0,0,0,3466,1255,830,937,412,0
31,STA_WAT,1111,5,426,0,0,0,0,0,55,12,0,0,0,105,0,0,311,69,0,0,0,0,0,3,0,0,0,2,0,0,0,0,0,0,0,0,68,85,8,8,0,0,710,0,10,0,226,180,56,0,0,1,0,0,0,0,1,0,0,0,0,2,0,0,0,11,0,0,3465,2112,956,226,101,68
32,WIS_COO,418,0,215,9,0,0,0,0,113,0,0,0,0,100,5,0,0,0,0,0,0,0,0,0,0,0,0,0,0,0,1,0,0,0,0,0,39,85,33,10,1,1,841,6,44,0,1505,41,0,0,0,0,0,0,0,0,0,0,0,0,0,0,0,0,0,0,0,0,3467,856,933,1505,130,39
33,WIS_COO_2,265,0,108,0,0,0,0,0,257,0,1,0,0,139,2,0,0,0,0,0,1,0,0,0,0,0,0,0,1,1,1,0,0,0,0,0,31,89,74,13,3,2,743,53,106,0,1559,16,0,0,0,0,0,0,0,0,0,0,0,0,0,0,0,0,0,0,0,0,3465,774,920,1559,181,31
34,WIS_KEN,2,0,5,0,3,0,0,0,10,26,4,0,0,23,11,0,0,0,0,2,0,0,0,0,5,0,0,16,2,51,152,8,1,19,80,0,943,286,344,251,117,73,582,75,87,27,91,74,83,0,0,0,0,0,0,9,0,0,0,0,0,0,2,0,0,0,0,0,3464,404,1001,91,1071,943
35,ZUE_REE,78,0,614,0,12,0,141,0,311,28,32,0,0,13,1,6,0,11,1,2,6,0,0,0,0,99,0,0,0,0,0,7,7,0,0,0,519,101,100,25,0,1,479,1,11,0,702,82,14,8,1,1,0,0,1,0,0,25,0,0,13,0,16,0,0,2,0,1,3472,1436,588,702,227,519
36,SMI_CAN_2,661,0,15,0,1,0,0,0,0,0,6,0,0,75,5,0,0,1,0,0,0,0,0,0,0,0,0,0,0,0,0,0,0,0,0,0,0,150,57,41,11,14,973,16,63,0,1361,16,1,0,0,0,0,0,0,0,0,0,0,0,0,0,0,0,0,0,0,0,3467,759,1083,1361,273,0
37,SMI_COB_3,233,0,0,0,0,0,2,0,0,0,0,0,0,15,0,0,0,0,0,0,0,0,0,0,0,0,0,0,0,0,0,0,0,0,0,0,3,252,252,139,14,3,842,28,69,0,1449,158,4,0,0,0,0,0,0,0,0,0,0,0,0,0,0,0,0,0,0,0,3463,250,1104,1449,660,3
38,SMI_DOU_3,71,0,128,0,0,0,0,0,0,0,0,0,0,1,34,0,0,0,0,0,0,0,0,0,0,0,0,0,0,0,0,0,0,0,0,0,0,312,98,38,6,0,696,62,49,0,1954,14,0,0,0,0,0,0,0,0,0,0,0,0,0,0,0,0,0,0,0,0,3463,200,821,1954,454,0
39,SMI_JOH,820,1,2,0,7,0,0,1,0,0,1,0,0,43,1,0,0,0,7,0,0,0,0,0,0,0,0,0,0,0,0,0,0,0,0,0,0,145,36,22,3,4,976,201,159,0,957,77,0,0,0,0,0,0,0,0,0,0,0,0,0,0,0,0,0,0,0,0,3463,882,1417,957,210,0
40,SMI_KEL,609,26,78,0,6,0,0,0,0,0,0,0,0,48,0,0,0,0,0,0,0,0,0,0,0,0,0,1,0,0,0,0,0,0,0,0,0,100,60,7,0,5,530,90,319,0,1574,7,0,0,0,0,0,0,0,0,0,0,0,0,0,0,1,0,0,0,0,0,3461,768,951,1574,172,0
41,SMI_LAT,568,0,106,0,1,0,0,0,0,0,0,0,0,224,4,0,0,10,0,0,0,0,0,0,0,0,0,0,0,0,0,0,0,0,0,0,22,268,38,16,3,5,935,44,49,0,1017,148,3,0,0,0,0,0,0,0,1,0,0,0,0,0,0,0,0,0,0,0,3462,910,1184,1017,330,22
42,SMI_LAT_2,403,0,107,0,1,0,0,0,0,0,0,0,0,195,4,0,0,5,0,0,0,0,0,0,0,0,0,0,0,0,0,0,0,0,0,0,22,242,50,14,2,7,896,55,49,0,1197,208,4,0,0,0,0,0,0,0,3,0,0,0,0,0,0,0,0,0,0,0,3464,714,1219,1197,315,22
43,SMI_MCC,31,0,121,0,3,0,0,0,0,0,125,0,0,0,0,0,0,0,0,0,1,0,0,0,0,0,0,0,0,0,0,0,0,0,0,0,0,142,47,4,0,0,709,30,10,0,2140,71,2,0,0,0,0,0,0,0,0,0,0,0,0,0,30,0,0,0,0,0,3466,311,822,2140,193,0
